2025-06-12 10:13:03.365 [restartedMain] INFO  c.project.ProjectRestApiApplication.logStarting(53) - Starting ProjectRestApiApplication using Java 23.0.2 with PID 15336 (C:\Users\miche\Downloads\project-rest-api\build\classes\java\main started by miche in C:\Users\miche\Downloads\project-rest-api)
2025-06-12 10:13:03.371 [restartedMain] INFO  c.project.ProjectRestApiApplication.logStartupProfileInfo(652) - No active profile set, falling back to 1 default profile: "default"
2025-06-12 10:15:38.853 [restartedMain] INFO  c.project.ProjectRestApiApplication.logStarting(53) - Starting ProjectRestApiApplication using Java 23.0.2 with PID 22552 (C:\Users\miche\Downloads\project-rest-api\build\classes\java\main started by miche in C:\Users\miche\Downloads\project-rest-api)
2025-06-12 10:15:38.856 [restartedMain] INFO  c.project.ProjectRestApiApplication.logStartupProfileInfo(652) - No active profile set, falling back to 1 default profile: "default"
2025-06-12 10:15:55.740 [restartedMain] INFO  c.project.ProjectRestApiApplication.logStarting(53) - Starting ProjectRestApiApplication using Java 23.0.2 with PID 16020 (C:\Users\miche\Downloads\project-rest-api\build\classes\java\main started by miche in C:\Users\miche\Downloads\project-rest-api)
2025-06-12 10:15:55.742 [restartedMain] INFO  c.project.ProjectRestApiApplication.logStartupProfileInfo(652) - No active profile set, falling back to 1 default profile: "default"
2025-06-12 10:17:54.765 [restartedMain] INFO  c.project.ProjectRestApiApplication.logStarting(53) - Starting ProjectRestApiApplication using Java 23.0.2 with PID 7480 (C:\Users\miche\Downloads\project-rest-api\build\classes\java\main started by miche in C:\Users\miche\Downloads\project-rest-api)
2025-06-12 10:17:54.766 [restartedMain] INFO  c.project.ProjectRestApiApplication.logStartupProfileInfo(652) - No active profile set, falling back to 1 default profile: "default"
2025-06-12 10:19:45.142 [restartedMain] INFO  c.project.ProjectRestApiApplication.logStarting(53) - Starting ProjectRestApiApplication using Java 23.0.2 with PID 2392 (C:\Users\miche\Downloads\project-rest-api\build\classes\java\main started by miche in C:\Users\miche\Downloads\project-rest-api)
2025-06-12 10:19:45.144 [restartedMain] INFO  c.project.ProjectRestApiApplication.logStartupProfileInfo(652) - No active profile set, falling back to 1 default profile: "default"
2025-06-12 10:20:10.158 [restartedMain] INFO  c.project.ProjectRestApiApplication.logStarting(53) - Starting ProjectRestApiApplication using Java 23.0.2 with PID 22676 (C:\Users\miche\Downloads\project-rest-api\build\classes\java\main started by miche in C:\Users\miche\Downloads\project-rest-api)
2025-06-12 10:20:10.160 [restartedMain] INFO  c.project.ProjectRestApiApplication.logStartupProfileInfo(652) - No active profile set, falling back to 1 default profile: "default"
2025-06-12 10:21:45.718 [restartedMain] INFO  c.project.ProjectRestApiApplication.logStarting(53) - Starting ProjectRestApiApplication using Java 23.0.2 with PID 13364 (C:\Users\miche\Downloads\project-rest-api\build\classes\java\main started by miche in C:\Users\miche\Downloads\project-rest-api)
2025-06-12 10:21:45.719 [restartedMain] INFO  c.project.ProjectRestApiApplication.logStartupProfileInfo(652) - No active profile set, falling back to 1 default profile: "default"
2025-06-12 10:22:01.254 [restartedMain] INFO  c.project.ProjectRestApiApplication.logStarting(53) - Starting ProjectRestApiApplication using Java 23.0.2 with PID 19516 (C:\Users\miche\Downloads\project-rest-api\build\classes\java\main started by miche in C:\Users\miche\Downloads\project-rest-api)
2025-06-12 10:22:01.256 [restartedMain] INFO  c.project.ProjectRestApiApplication.logStartupProfileInfo(652) - No active profile set, falling back to 1 default profile: "default"
2025-06-12 10:22:34.395 [restartedMain] INFO  c.project.ProjectRestApiApplication.logStarting(53) - Starting ProjectRestApiApplication using Java 23.0.2 with PID 2988 (C:\Users\miche\Downloads\project-rest-api\build\classes\java\main started by miche in C:\Users\miche\Downloads\project-rest-api)
2025-06-12 10:22:34.398 [restartedMain] INFO  c.project.ProjectRestApiApplication.logStartupProfileInfo(652) - No active profile set, falling back to 1 default profile: "default"
2025-06-12 10:23:18.249 [restartedMain] INFO  c.project.ProjectRestApiApplication.logStarting(53) - Starting ProjectRestApiApplication using Java 23.0.2 with PID 2156 (C:\Users\miche\Downloads\project-rest-api\build\classes\java\main started by miche in C:\Users\miche\Downloads\project-rest-api)
2025-06-12 10:23:18.251 [restartedMain] INFO  c.project.ProjectRestApiApplication.logStartupProfileInfo(652) - No active profile set, falling back to 1 default profile: "default"
2025-06-12 10:24:21.020 [restartedMain] INFO  c.project.ProjectRestApiApplication.logStarting(53) - Starting ProjectRestApiApplication using Java 23.0.2 with PID 2780 (C:\Users\miche\Downloads\project-rest-api\build\classes\java\main started by miche in C:\Users\miche\Downloads\project-rest-api)
2025-06-12 10:24:21.022 [restartedMain] INFO  c.project.ProjectRestApiApplication.logStartupProfileInfo(652) - No active profile set, falling back to 1 default profile: "default"
2025-06-12 10:25:36.679 [restartedMain] INFO  c.project.ProjectRestApiApplication.logStarting(53) - Starting ProjectRestApiApplication using Java 23.0.2 with PID 23380 (C:\Users\miche\Downloads\project-rest-api\build\classes\java\main started by miche in C:\Users\miche\Downloads\project-rest-api)
2025-06-12 10:25:36.680 [restartedMain] INFO  c.project.ProjectRestApiApplication.logStartupProfileInfo(652) - No active profile set, falling back to 1 default profile: "default"
2025-06-12 10:26:15.280 [restartedMain] INFO  c.project.ProjectRestApiApplication.logStarting(53) - Starting ProjectRestApiApplication using Java 23.0.2 with PID 21680 (C:\Users\miche\Downloads\project-rest-api\build\classes\java\main started by miche in C:\Users\miche\Downloads\project-rest-api)
2025-06-12 10:26:15.281 [restartedMain] INFO  c.project.ProjectRestApiApplication.logStartupProfileInfo(652) - No active profile set, falling back to 1 default profile: "default"
2025-06-12 10:27:46.664 [restartedMain] INFO  c.project.ProjectRestApiApplication.logStarting(53) - Starting ProjectRestApiApplication using Java 23.0.2 with PID 3864 (C:\Users\miche\Downloads\project-rest-api\build\classes\java\main started by miche in C:\Users\miche\Downloads\project-rest-api)
2025-06-12 10:27:46.666 [restartedMain] INFO  c.project.ProjectRestApiApplication.logStartupProfileInfo(652) - No active profile set, falling back to 1 default profile: "default"
2025-06-12 10:28:46.630 [restartedMain] INFO  c.project.ProjectRestApiApplication.logStarting(53) - Starting ProjectRestApiApplication using Java 23.0.2 with PID 17760 (C:\Users\miche\Downloads\project-rest-api\build\classes\java\main started by miche in C:\Users\miche\Downloads\project-rest-api)
2025-06-12 10:28:46.632 [restartedMain] INFO  c.project.ProjectRestApiApplication.logStartupProfileInfo(652) - No active profile set, falling back to 1 default profile: "default"
2025-06-12 10:28:55.959 [restartedMain] INFO  c.project.ProjectRestApiApplication.logStarted(59) - Started ProjectRestApiApplication in 10.111 seconds (process running for 11.087)
2025-06-12 10:29:37.635 [restartedMain] INFO  c.project.ProjectRestApiApplication.logStarting(53) - Starting ProjectRestApiApplication using Java 23.0.2 with PID 11848 (C:\Users\miche\Downloads\project-rest-api\build\classes\java\main started by miche in C:\Users\miche\Downloads\project-rest-api)
2025-06-12 10:29:37.636 [restartedMain] INFO  c.project.ProjectRestApiApplication.logStartupProfileInfo(652) - No active profile set, falling back to 1 default profile: "default"
2025-06-12 10:29:45.179 [restartedMain] INFO  c.project.ProjectRestApiApplication.logStarted(59) - Started ProjectRestApiApplication in 8.286 seconds (process running for 9.246)
2025-06-12 10:31:12.740 [http-nio-8081-exec-3] INFO  c.project.service.ProjektServiceImpl.getProjekty(106) - REQUEST -> GET /api/projekty?page=0&size=20&sort=
2025-06-12 10:31:22.616 [http-nio-8081-exec-9] INFO  c.project.service.ProjektServiceImpl.getProjekty(106) - REQUEST -> GET /api/projekty?page=0&size=20&sort=
2025-06-12 10:32:00.817 [restartedMain] INFO  c.project.ProjectRestApiApplication.logStarting(53) - Starting ProjectRestApiApplication using Java 23.0.2 with PID 22516 (C:\Users\miche\Downloads\project-rest-api\build\classes\java\main started by miche in C:\Users\miche\Downloads\project-rest-api)
2025-06-12 10:32:00.819 [restartedMain] INFO  c.project.ProjectRestApiApplication.logStartupProfileInfo(652) - No active profile set, falling back to 1 default profile: "default"
2025-06-12 10:32:09.333 [restartedMain] INFO  c.project.ProjectRestApiApplication.logStarted(59) - Started ProjectRestApiApplication in 9.285 seconds (process running for 10.258)
2025-06-12 10:32:09.455 [http-nio-8081-exec-1] INFO  c.project.service.ProjektServiceImpl.getProjekty(106) - REQUEST -> GET /api/projekty?page=0&size=20&sort=
2025-06-12 10:32:13.332 [http-nio-8081-exec-5] INFO  c.project.service.ProjektServiceImpl.getProjekty(106) - REQUEST -> GET /api/projekty?page=0&size=20&sort=
2025-06-12 10:32:59.713 [http-nio-8081-exec-8] INFO  c.project.service.ProjektServiceImpl.getProjekty(106) - REQUEST -> GET /api/projekty?page=0&size=20&sort=
2025-06-12 10:34:58.464 [restartedMain] INFO  c.project.ProjectRestApiApplication.logStarting(53) - Starting ProjectRestApiApplication using Java 23.0.2 with PID 10656 (C:\Users\miche\Downloads\project-rest-api\build\classes\java\main started by miche in C:\Users\miche\Downloads\project-rest-api)
2025-06-12 10:34:58.466 [restartedMain] INFO  c.project.ProjectRestApiApplication.logStartupProfileInfo(652) - No active profile set, falling back to 1 default profile: "default"
2025-06-12 10:35:06.538 [restartedMain] INFO  c.project.ProjectRestApiApplication.logStarted(59) - Started ProjectRestApiApplication in 8.88 seconds (process running for 9.869)
2025-06-12 10:35:11.121 [restartedMain] INFO  c.project.ProjectRestApiApplication.logStarting(53) - Starting ProjectRestApiApplication using Java 23.0.2 with PID 3540 (C:\Users\miche\Downloads\project-rest-api\build\classes\java\main started by miche in C:\Users\miche\Downloads\project-rest-api)
2025-06-12 10:35:11.122 [restartedMain] INFO  c.project.ProjectRestApiApplication.logStartupProfileInfo(652) - No active profile set, falling back to 1 default profile: "default"
2025-06-12 10:35:25.239 [restartedMain] INFO  c.project.ProjectRestApiApplication.logStarted(59) - Started ProjectRestApiApplication in 14.858 seconds (process running for 15.795)
2025-06-12 10:35:30.401 [http-nio-8080-exec-1] INFO  c.project.service.ProjektServiceImpl.getProjekty(106) - REQUEST -> GET /api/projekty?page=0&size=20&sort=
2025-06-12 10:36:02.148 [restartedMain] INFO  c.project.ProjectRestApiApplication.logStarting(53) - Starting ProjectRestApiApplication using Java 23.0.2 with PID 19304 (C:\Users\miche\Downloads\project-rest-api\build\classes\java\main started by miche in C:\Users\miche\Downloads\project-rest-api)
2025-06-12 10:36:02.149 [restartedMain] INFO  c.project.ProjectRestApiApplication.logStartupProfileInfo(652) - No active profile set, falling back to 1 default profile: "default"
2025-06-12 10:36:10.903 [restartedMain] INFO  c.project.ProjectRestApiApplication.logStarted(59) - Started ProjectRestApiApplication in 9.559 seconds (process running for 10.517)
2025-06-12 10:36:18.400 [http-nio-8081-exec-1] INFO  c.project.service.ProjektServiceImpl.getProjekty(106) - REQUEST -> GET /api/projekty?page=0&size=20&sort=
2025-06-12 10:36:20.832 [http-nio-8081-exec-4] INFO  c.project.service.ProjektServiceImpl.getProjekty(106) - REQUEST -> GET /api/projekty?page=0&size=20&sort=
2025-06-12 10:37:58.524 [restartedMain] INFO  c.project.ProjectRestApiApplication.logStarting(53) - Starting ProjectRestApiApplication using Java 23.0.2 with PID 22140 (C:\Users\miche\Downloads\project-rest-api\build\classes\java\main started by miche in C:\Users\miche\Downloads\project-rest-api)
2025-06-12 10:37:58.526 [restartedMain] INFO  c.project.ProjectRestApiApplication.logStartupProfileInfo(652) - No active profile set, falling back to 1 default profile: "default"
2025-06-12 10:38:06.987 [restartedMain] INFO  c.project.ProjectRestApiApplication.logStarted(59) - Started ProjectRestApiApplication in 9.191 seconds (process running for 10.261)
2025-06-12 10:38:11.797 [http-nio-8081-exec-1] INFO  c.project.service.ProjektServiceImpl.getProjekty(106) - REQUEST -> GET /api/projekty?page=0&size=20&sort=
2025-06-12 10:39:16.224 [restartedMain] INFO  c.project.ProjectRestApiApplication.logStarting(53) - Starting ProjectRestApiApplication using Java 23.0.2 with PID 20048 (C:\Users\miche\Downloads\project-rest-api\build\classes\java\main started by miche in C:\Users\miche\Downloads\project-rest-api)
2025-06-12 10:39:16.226 [restartedMain] INFO  c.project.ProjectRestApiApplication.logStartupProfileInfo(652) - No active profile set, falling back to 1 default profile: "default"
2025-06-12 10:39:24.462 [restartedMain] INFO  c.project.ProjectRestApiApplication.logStarted(59) - Started ProjectRestApiApplication in 9.013 seconds (process running for 9.991)
2025-06-12 10:41:19.219 [restartedMain] INFO  c.project.ProjectRestApiApplication.logStarting(53) - Starting ProjectRestApiApplication using Java 23.0.2 with PID 19356 (C:\Users\miche\Downloads\project-rest-api\build\classes\java\main started by miche in C:\Users\miche\Downloads\project-rest-api)
2025-06-12 10:41:19.221 [restartedMain] INFO  c.project.ProjectRestApiApplication.logStartupProfileInfo(652) - No active profile set, falling back to 1 default profile: "default"
2025-06-12 10:41:29.094 [restartedMain] INFO  c.project.ProjectRestApiApplication.logStarted(59) - Started ProjectRestApiApplication in 10.705 seconds (process running for 11.766)
2025-06-12 10:41:30.534 [http-nio-8081-exec-1] INFO  c.project.service.ProjektServiceImpl.getProjekty(106) - REQUEST -> GET /api/projekty?page=0&size=20&sort=
2025-06-12 10:41:32.077 [http-nio-8081-exec-4] INFO  c.project.service.ProjektServiceImpl.getProjekty(106) - REQUEST -> GET /api/projekty?page=0&size=20&sort=
2025-06-12 10:42:23.055 [http-nio-8081-exec-6] INFO  c.project.service.ProjektServiceImpl.getProjekty(106) - REQUEST -> GET /api/projekty?page=0&size=20&sort=
2025-06-12 10:43:13.068 [restartedMain] INFO  c.project.ProjectRestApiApplication.logStarting(53) - Starting ProjectRestApiApplication using Java 23.0.2 with PID 2060 (C:\Users\miche\Downloads\project-rest-api\build\classes\java\main started by miche in C:\Users\miche\Downloads\project-rest-api)
2025-06-12 10:43:13.070 [restartedMain] INFO  c.project.ProjectRestApiApplication.logStartupProfileInfo(652) - No active profile set, falling back to 1 default profile: "default"
2025-06-12 10:43:21.328 [restartedMain] INFO  c.project.ProjectRestApiApplication.logStarted(59) - Started ProjectRestApiApplication in 9.01 seconds (process running for 10.011)
2025-06-12 10:43:37.152 [restartedMain] INFO  c.project.ProjectRestApiApplication.logStarting(53) - Starting ProjectRestApiApplication using Java 23.0.2 with PID 12736 (C:\Users\miche\Downloads\project-rest-api\build\classes\java\main started by miche in C:\Users\miche\Downloads\project-rest-api)
2025-06-12 10:43:37.154 [restartedMain] INFO  c.project.ProjectRestApiApplication.logStartupProfileInfo(652) - No active profile set, falling back to 1 default profile: "default"
2025-06-12 10:43:45.358 [restartedMain] INFO  c.project.ProjectRestApiApplication.logStarted(59) - Started ProjectRestApiApplication in 8.972 seconds (process running for 9.913)
2025-06-12 10:45:39.877 [restartedMain] INFO  c.project.ProjectRestApiApplication.logStarting(53) - Starting ProjectRestApiApplication using Java 23.0.2 with PID 14832 (C:\Users\miche\Downloads\project-rest-api\build\classes\java\main started by miche in C:\Users\miche\Downloads\project-rest-api)
2025-06-12 10:45:39.879 [restartedMain] INFO  c.project.ProjectRestApiApplication.logStartupProfileInfo(652) - No active profile set, falling back to 1 default profile: "default"
2025-06-12 10:45:48.386 [restartedMain] INFO  c.project.ProjectRestApiApplication.logStarted(59) - Started ProjectRestApiApplication in 9.286 seconds (process running for 10.256)
2025-06-12 10:46:09.111 [http-nio-8081-exec-1] INFO  c.project.service.ProjektServiceImpl.getProjekty(106) - REQUEST -> GET /api/projekty?page=0&size=20&sort=
2025-06-12 10:46:46.110 [restartedMain] INFO  c.project.ProjectRestApiApplication.logStarting(53) - Starting ProjectRestApiApplication using Java 23.0.2 with PID 14832 (C:\Users\miche\Downloads\project-rest-api\build\classes\java\main started by miche in C:\Users\miche\Downloads\project-rest-api)
2025-06-12 10:46:46.111 [restartedMain] INFO  c.project.ProjectRestApiApplication.logStartupProfileInfo(652) - No active profile set, falling back to 1 default profile: "default"
2025-06-12 10:46:49.502 [restartedMain] INFO  c.project.ProjectRestApiApplication.logStarted(59) - Started ProjectRestApiApplication in 3.444 seconds (process running for 71.372)
2025-06-12 10:46:49.707 [http-nio-8081-exec-1] INFO  c.project.service.ProjektServiceImpl.getProjekty(106) - REQUEST -> GET /api/projekty?page=0&size=20&sort=
2025-06-12 10:46:58.523 [restartedMain] INFO  c.project.ProjectRestApiApplication.logStarting(53) - Starting ProjectRestApiApplication using Java 23.0.2 with PID 23164 (C:\Users\miche\Downloads\project-rest-api\build\classes\java\main started by miche in C:\Users\miche\Downloads\project-rest-api)
2025-06-12 10:46:58.524 [restartedMain] INFO  c.project.ProjectRestApiApplication.logStartupProfileInfo(652) - No active profile set, falling back to 1 default profile: "default"
2025-06-12 10:47:07.206 [restartedMain] INFO  c.project.ProjectRestApiApplication.logStarted(59) - Started ProjectRestApiApplication in 9.46 seconds (process running for 10.47)
2025-06-12 10:47:12.829 [http-nio-8081-exec-2] INFO  c.project.service.ProjektServiceImpl.getProjekty(106) - REQUEST -> GET /api/projekty?page=0&size=20&sort=
2025-06-12 10:47:52.344 [restartedMain] INFO  c.project.ProjectRestApiApplication.logStarting(53) - Starting ProjectRestApiApplication using Java 23.0.2 with PID 23164 (C:\Users\miche\Downloads\project-rest-api\build\classes\java\main started by miche in C:\Users\miche\Downloads\project-rest-api)
2025-06-12 10:47:52.344 [restartedMain] INFO  c.project.ProjectRestApiApplication.logStartupProfileInfo(652) - No active profile set, falling back to 1 default profile: "default"
2025-06-12 10:47:55.855 [restartedMain] INFO  c.project.ProjectRestApiApplication.logStarted(59) - Started ProjectRestApiApplication in 3.56 seconds (process running for 59.119)
2025-06-12 10:47:56.669 [http-nio-8081-exec-1] INFO  c.project.service.ProjektServiceImpl.getProjekty(106) - REQUEST -> GET /api/projekty?page=0&size=20&sort=
2025-06-12 10:48:00.381 [http-nio-8081-exec-3] INFO  c.project.service.ProjektServiceImpl.getProjekty(106) - REQUEST -> GET /api/projekty?page=0&size=20&sort=
2025-06-12 10:48:10.871 [restartedMain] INFO  c.project.ProjectRestApiApplication.logStarting(53) - Starting ProjectRestApiApplication using Java 23.0.2 with PID 8748 (C:\Users\miche\Downloads\project-rest-api\build\classes\java\main started by miche in C:\Users\miche\Downloads\project-rest-api)
2025-06-12 10:48:10.873 [restartedMain] INFO  c.project.ProjectRestApiApplication.logStartupProfileInfo(652) - No active profile set, falling back to 1 default profile: "default"
2025-06-12 10:48:20.584 [restartedMain] INFO  c.project.ProjectRestApiApplication.logStarted(59) - Started ProjectRestApiApplication in 10.569 seconds (process running for 11.608)
2025-06-12 10:48:20.853 [http-nio-8081-exec-1] INFO  c.project.service.ProjektServiceImpl.getProjekty(106) - REQUEST -> GET /api/projekty?page=0&size=20&sort=
2025-06-12 10:48:29.876 [http-nio-8081-exec-5] INFO  c.project.service.ProjektServiceImpl.getProjekty(106) - REQUEST -> GET /api/projekty?page=0&size=20&sort=
2025-06-12 10:49:55.124 [http-nio-8081-exec-9] INFO  c.project.service.ProjektServiceImpl.getProjekty(106) - REQUEST -> GET /api/projekty?page=0&size=20&sort=
2025-06-12 10:50:45.393 [http-nio-8081-exec-1] INFO  c.project.service.ProjektServiceImpl.getProjekty(106) - REQUEST -> GET /api/projekty?page=0&size=20&sort=
2025-06-12 10:51:43.542 [restartedMain] INFO  c.project.ProjectRestApiApplication.logStarting(53) - Starting ProjectRestApiApplication using Java 23.0.2 with PID 6272 (C:\Users\miche\Downloads\project-rest-api\build\classes\java\main started by miche in C:\Users\miche\Downloads\project-rest-api)
2025-06-12 10:51:43.543 [restartedMain] INFO  c.project.ProjectRestApiApplication.logStartupProfileInfo(652) - No active profile set, falling back to 1 default profile: "default"
2025-06-12 10:51:51.972 [restartedMain] INFO  c.project.ProjectRestApiApplication.logStarted(59) - Started ProjectRestApiApplication in 9.238 seconds (process running for 10.284)
2025-06-12 10:53:42.303 [http-nio-8081-exec-1] INFO  c.project.service.ProjektServiceImpl.getProjekty(106) - REQUEST -> GET /api/projekty?page=0&size=20&sort=
2025-06-12 10:53:56.895 [http-nio-8081-exec-3] INFO  c.project.service.ProjektServiceImpl.getProjekty(106) - REQUEST -> GET /api/projekty?page=0&size=20&sort=
2025-06-12 10:55:55.144 [http-nio-8081-exec-6] INFO  c.project.service.ProjektServiceImpl.getProjekty(106) - REQUEST -> GET /api/projekty?page=0&size=20&sort=
2025-06-12 10:56:10.946 [http-nio-8081-exec-10] INFO  c.project.service.ProjektServiceImpl.setProjekt(67) - REQUEST -> POST /api/projekty
2025-06-12 10:56:34.205 [http-nio-8081-exec-5] INFO  c.project.service.ProjektServiceImpl.getProjekty(106) - REQUEST -> GET /api/projekty?page=0&size=20&sort=
2025-06-12 10:56:35.783 [http-nio-8081-exec-6] INFO  c.project.service.ProjektServiceImpl.getProjekty(106) - REQUEST -> GET /api/projekty?page=0&size=20&sort=
2025-06-12 10:58:04.204 [http-nio-8081-exec-1] INFO  c.project.service.ProjektServiceImpl.setProjekt(67) - REQUEST -> POST /api/projekty
2025-06-12 10:58:54.735 [http-nio-8081-exec-7] INFO  c.project.service.ProjektServiceImpl.getProjekty(106) - REQUEST -> GET /api/projekty?page=0&size=20&sort=
2025-06-12 10:59:14.386 [http-nio-8081-exec-8] INFO  c.project.service.ProjektServiceImpl.getProjekty(106) - REQUEST -> GET /api/projekty?page=0&size=20&sort=
2025-06-12 10:59:16.104 [restartedMain] INFO  c.project.ProjectRestApiApplication.logStarting(53) - Starting ProjectRestApiApplication using Java 23.0.2 with PID 6272 (C:\Users\miche\Downloads\project-rest-api\build\classes\java\main started by miche in C:\Users\miche\Downloads\project-rest-api)
2025-06-12 10:59:16.106 [restartedMain] INFO  c.project.ProjectRestApiApplication.logStartupProfileInfo(652) - No active profile set, falling back to 1 default profile: "default"
2025-06-12 10:59:19.251 [restartedMain] INFO  c.project.ProjectRestApiApplication.logStarted(59) - Started ProjectRestApiApplication in 3.212 seconds (process running for 457.562)
2025-06-12 10:59:21.234 [restartedMain] INFO  c.project.ProjectRestApiApplication.logStarting(53) - Starting ProjectRestApiApplication using Java 23.0.2 with PID 6272 (C:\Users\miche\Downloads\project-rest-api\build\classes\java\main started by miche in C:\Users\miche\Downloads\project-rest-api)
2025-06-12 10:59:21.235 [restartedMain] INFO  c.project.ProjectRestApiApplication.logStartupProfileInfo(652) - No active profile set, falling back to 1 default profile: "default"
2025-06-12 10:59:23.494 [restartedMain] INFO  c.project.ProjectRestApiApplication.logStarted(59) - Started ProjectRestApiApplication in 2.311 seconds (process running for 461.807)
2025-06-12 10:59:25.850 [http-nio-8081-exec-2] INFO  c.project.service.ProjektServiceImpl.getProjekty(106) - REQUEST -> GET /api/projekty?page=0&size=20&sort=
2025-06-12 10:59:27.111 [http-nio-8081-exec-3] INFO  c.project.service.ProjektServiceImpl.getProjekty(106) - REQUEST -> GET /api/projekty?page=0&size=20&sort=
2025-06-12 10:59:28.111 [http-nio-8081-exec-5] INFO  c.project.service.ProjektServiceImpl.getProjekty(106) - REQUEST -> GET /api/projekty?page=0&size=20&sort=
2025-06-12 11:00:39.684 [restartedMain] INFO  c.project.ProjectRestApiApplication.logStarting(53) - Starting ProjectRestApiApplication using Java 23.0.2 with PID 21916 (C:\Users\miche\Downloads\project-rest-api\build\classes\java\main started by miche in C:\Users\miche\Downloads\project-rest-api)
2025-06-12 11:00:39.686 [restartedMain] INFO  c.project.ProjectRestApiApplication.logStartupProfileInfo(652) - No active profile set, falling back to 1 default profile: "default"
2025-06-12 11:00:47.825 [restartedMain] INFO  c.project.ProjectRestApiApplication.logStarted(59) - Started ProjectRestApiApplication in 8.929 seconds (process running for 9.897)
2025-06-12 11:00:56.922 [http-nio-8081-exec-3] INFO  c.project.service.ProjektServiceImpl.getProjekty(106) - REQUEST -> GET /api/projekty?page=0&size=20&sort=
2025-06-12 11:01:10.249 [http-nio-8081-exec-6] INFO  c.project.service.ProjektServiceImpl.getProjekty(106) - REQUEST -> GET /api/projekty?page=0&size=20&sort=
2025-06-12 11:03:46.344 [restartedMain] INFO  c.project.ProjectRestApiApplication.logStarting(53) - Starting ProjectRestApiApplication using Java 23.0.2 with PID 9628 (C:\Users\miche\Downloads\project-rest-api\build\classes\java\main started by miche in C:\Users\miche\Downloads\project-rest-api)
2025-06-12 11:03:46.345 [restartedMain] INFO  c.project.ProjectRestApiApplication.logStartupProfileInfo(652) - No active profile set, falling back to 1 default profile: "default"
2025-06-12 11:03:54.820 [restartedMain] INFO  c.project.ProjectRestApiApplication.logStarted(59) - Started ProjectRestApiApplication in 9.331 seconds (process running for 10.465)
2025-06-12 11:03:56.646 [http-nio-8081-exec-1] INFO  c.project.service.ProjektServiceImpl.getProjekty(106) - REQUEST -> GET /api/projekty?page=0&size=20&sort=
2025-06-12 11:03:58.336 [http-nio-8081-exec-3] INFO  c.project.service.ProjektServiceImpl.getProjekty(106) - REQUEST -> GET /api/projekty?page=0&size=20&sort=
2025-06-12 11:04:43.684 [restartedMain] INFO  c.project.ProjectRestApiApplication.logStarting(53) - Starting ProjectRestApiApplication using Java 23.0.2 with PID 16516 (C:\Users\miche\Downloads\project-rest-api\build\classes\java\main started by miche in C:\Users\miche\Downloads\project-rest-api)
2025-06-12 11:04:43.686 [restartedMain] INFO  c.project.ProjectRestApiApplication.logStartupProfileInfo(652) - No active profile set, falling back to 1 default profile: "default"
2025-06-12 11:04:53.444 [restartedMain] INFO  c.project.ProjectRestApiApplication.logStarted(59) - Started ProjectRestApiApplication in 10.587 seconds (process running for 11.626)
2025-06-12 11:04:55.077 [http-nio-8081-exec-1] INFO  c.project.service.ProjektServiceImpl.getProjekty(106) - REQUEST -> GET /api/projekty?page=0&size=20&sort=
2025-06-12 11:05:02.003 [http-nio-8081-exec-3] INFO  c.project.service.ProjektServiceImpl.getProjekty(106) - REQUEST -> GET /api/projekty?page=0&size=20&sort=
2025-06-12 11:06:21.818 [restartedMain] INFO  c.project.ProjectRestApiApplication.logStarting(53) - Starting ProjectRestApiApplication using Java 23.0.2 with PID 22760 (C:\Users\miche\Downloads\project-rest-api\build\classes\java\main started by miche in C:\Users\miche\Downloads\project-rest-api)
2025-06-12 11:06:21.820 [restartedMain] INFO  c.project.ProjectRestApiApplication.logStartupProfileInfo(652) - No active profile set, falling back to 1 default profile: "default"
2025-06-12 11:06:31.459 [restartedMain] INFO  c.project.ProjectRestApiApplication.logStarted(59) - Started ProjectRestApiApplication in 10.442 seconds (process running for 11.665)
2025-06-12 11:07:55.476 [restartedMain] INFO  c.project.ProjectRestApiApplication.logStarting(53) - Starting ProjectRestApiApplication using Java 23.0.2 with PID 17928 (C:\Users\miche\Downloads\project-rest-api\build\classes\java\main started by miche in C:\Users\miche\Downloads\project-rest-api)
2025-06-12 11:07:55.477 [restartedMain] INFO  c.project.ProjectRestApiApplication.logStartupProfileInfo(652) - No active profile set, falling back to 1 default profile: "default"
2025-06-12 11:08:04.621 [restartedMain] INFO  c.project.ProjectRestApiApplication.logStarted(59) - Started ProjectRestApiApplication in 9.962 seconds (process running for 10.956)
2025-06-12 11:08:08.606 [http-nio-8081-exec-2] INFO  c.project.service.ProjektServiceImpl.getProjekty(106) - REQUEST -> GET /api/projekty?page=0&size=20&sort=
2025-06-12 11:08:11.059 [http-nio-8081-exec-4] INFO  c.project.service.ProjektServiceImpl.getProjekty(106) - REQUEST -> GET /api/projekty?page=0&size=20&sort=
2025-06-12 11:08:12.228 [http-nio-8081-exec-1] INFO  c.project.service.ProjektServiceImpl.getProjekty(106) - REQUEST -> GET /api/projekty?page=0&size=20&sort=
2025-06-12 16:59:41.763 [restartedMain] INFO  c.project.ProjectRestApiApplication.logStarting(53) - Starting ProjectRestApiApplication using Java 23.0.2 with PID 13564 (C:\Users\miche\Downloads\project-rest-api\build\classes\java\main started by miche in C:\Users\miche\Downloads\project-rest-api)
2025-06-12 16:59:41.765 [restartedMain] INFO  c.project.ProjectRestApiApplication.logStartupProfileInfo(652) - No active profile set, falling back to 1 default profile: "default"
2025-06-12 16:59:49.423 [restartedMain] INFO  c.project.ProjectRestApiApplication.logStarted(59) - Started ProjectRestApiApplication in 8.499 seconds (process running for 9.426)
2025-06-12 17:01:04.307 [http-nio-8081-exec-8] INFO  c.project.service.ProjektServiceImpl.getProjekty(106) - REQUEST -> GET /api/projekty?page=0&size=20&sort=
2025-06-12 17:01:12.885 [http-nio-8081-exec-2] INFO  c.project.service.ProjektServiceImpl.setProjekt(67) - REQUEST -> POST /api/projekty
2025-06-12 17:12:12.566 [restartedMain] INFO  c.project.ProjectRestApiApplication.logStarting(53) - Starting ProjectRestApiApplication using Java 23.0.2 with PID 14136 (C:\Users\miche\Downloads\project-rest-api\build\classes\java\main started by miche in C:\Users\miche\Downloads\project-rest-api)
2025-06-12 17:12:12.568 [restartedMain] INFO  c.project.ProjectRestApiApplication.logStartupProfileInfo(652) - No active profile set, falling back to 1 default profile: "default"
2025-06-12 17:12:18.588 [restartedMain] INFO  c.project.ProjectRestApiApplication.logStarted(59) - Started ProjectRestApiApplication in 6.469 seconds (process running for 7.034)
2025-06-12 17:12:25.940 [http-nio-8081-exec-2] INFO  c.project.service.ProjektServiceImpl.getProjekty(106) - REQUEST -> GET /api/projekty?page=0&size=20&sort=
2025-06-12 17:13:42.101 [restartedMain] INFO  c.project.ProjectRestApiApplication.logStarting(53) - Starting ProjectRestApiApplication using Java 23.0.2 with PID 14468 (C:\Users\miche\Downloads\project-rest-api\build\classes\java\main started by miche in C:\Users\miche\Downloads\project-rest-api)
2025-06-12 17:13:42.102 [restartedMain] INFO  c.project.ProjectRestApiApplication.logStartupProfileInfo(652) - No active profile set, falling back to 1 default profile: "default"
2025-06-12 17:13:47.852 [restartedMain] INFO  c.project.ProjectRestApiApplication.logStarted(59) - Started ProjectRestApiApplication in 6.304 seconds (process running for 6.885)
2025-06-12 17:13:52.652 [http-nio-8081-exec-4] INFO  c.project.service.ProjektServiceImpl.getProjekty(106) - REQUEST -> GET /api/projekty?page=0&size=20&sort=
2025-06-12 17:15:26.470 [restartedMain] INFO  c.project.ProjectRestApiApplication.logStarting(53) - Starting ProjectRestApiApplication using Java 23.0.2 with PID 16832 (C:\Users\miche\Downloads\project-rest-api\build\classes\java\main started by miche in C:\Users\miche\Downloads\project-rest-api)
2025-06-12 17:15:26.471 [restartedMain] INFO  c.project.ProjectRestApiApplication.logStartupProfileInfo(652) - No active profile set, falling back to 1 default profile: "default"
2025-06-12 17:15:32.089 [restartedMain] INFO  c.project.ProjectRestApiApplication.logStarted(59) - Started ProjectRestApiApplication in 6.085 seconds (process running for 6.728)
2025-06-12 17:15:33.336 [http-nio-8081-exec-2] INFO  c.project.service.ProjektServiceImpl.getProjekty(106) - REQUEST -> GET /api/projekty?page=0&size=20&sort=
2025-06-12 17:15:46.239 [http-nio-8081-exec-9] INFO  c.project.service.ProjektServiceImpl.getProjekty(106) - REQUEST -> GET /api/projekty?page=0&size=20&sort=
2025-06-12 17:16:22.659 [restartedMain] INFO  c.project.ProjectRestApiApplication.logStarting(53) - Starting ProjectRestApiApplication using Java 23.0.2 with PID 9368 (C:\Users\miche\Downloads\project-rest-api\build\classes\java\main started by miche in C:\Users\miche\Downloads\project-rest-api)
2025-06-12 17:16:22.660 [restartedMain] INFO  c.project.ProjectRestApiApplication.logStartupProfileInfo(652) - No active profile set, falling back to 1 default profile: "default"
2025-06-12 17:16:27.988 [restartedMain] INFO  c.project.ProjectRestApiApplication.logStarted(59) - Started ProjectRestApiApplication in 5.779 seconds (process running for 6.331)
2025-06-12 17:16:37.037 [http-nio-8081-exec-1] INFO  c.project.service.ProjektServiceImpl.getProjekty(106) - REQUEST -> GET /api/projekty?page=0&size=20&sort=
2025-06-12 17:16:48.424 [http-nio-8081-exec-5] INFO  c.project.service.ProjektServiceImpl.setProjekt(67) - REQUEST -> POST /api/projekty
2025-06-12 17:19:06.744 [restartedMain] INFO  c.project.ProjectRestApiApplication.logStarting(53) - Starting ProjectRestApiApplication using Java 23.0.2 with PID 3156 (C:\Users\miche\Downloads\project-rest-api\build\classes\java\main started by miche in C:\Users\miche\Downloads\project-rest-api)
2025-06-12 17:19:06.747 [restartedMain] INFO  c.project.ProjectRestApiApplication.logStartupProfileInfo(652) - No active profile set, falling back to 1 default profile: "default"
2025-06-12 17:19:12.392 [restartedMain] INFO  c.project.ProjectRestApiApplication.logStarted(59) - Started ProjectRestApiApplication in 6.186 seconds (process running for 6.759)
2025-06-12 17:19:19.587 [http-nio-8081-exec-5] INFO  c.project.service.ProjektServiceImpl.getProjekty(106) - REQUEST -> GET /api/projekty?page=0&size=20&sort=
2025-06-12 17:30:20.571 [restartedMain] INFO  c.project.ProjectRestApiApplication.logStarting(53) - Starting ProjectRestApiApplication using Java 23.0.2 with PID 18772 (C:\Users\miche\Downloads\project-rest-api\build\classes\java\main started by miche in C:\Users\miche\Downloads\project-rest-api)
2025-06-12 17:30:20.572 [restartedMain] INFO  c.project.ProjectRestApiApplication.logStartupProfileInfo(652) - No active profile set, falling back to 1 default profile: "default"
2025-06-12 17:30:26.228 [restartedMain] INFO  c.project.ProjectRestApiApplication.logStarted(59) - Started ProjectRestApiApplication in 6.074 seconds (process running for 6.666)
2025-06-12 17:30:29.783 [http-nio-8081-exec-4] INFO  c.project.service.ProjektServiceImpl.getProjekty(106) - REQUEST -> GET /api/projekty?page=0&size=20&sort=
2025-06-12 17:30:29.833 [http-nio-8081-exec-3] INFO  c.project.service.ProjektServiceImpl.getProjekty(106) - REQUEST -> GET /api/projekty?page=0&size=20&sort=
2025-06-12 17:30:29.838 [http-nio-8081-exec-6] INFO  c.project.service.ProjektServiceImpl.getProjekty(106) - REQUEST -> GET /api/projekty?page=0&size=20&sort=
2025-06-12 17:30:29.841 [http-nio-8081-exec-7] INFO  c.project.service.ProjektServiceImpl.getProjekty(106) - REQUEST -> GET /api/projekty?page=0&size=20&sort=
2025-06-12 17:30:29.843 [http-nio-8081-exec-8] INFO  c.project.service.ProjektServiceImpl.getProjekty(106) - REQUEST -> GET /api/projekty?page=0&size=20&sort=
2025-06-12 17:30:29.845 [http-nio-8081-exec-9] INFO  c.project.service.ProjektServiceImpl.getProjekty(106) - REQUEST -> GET /api/projekty?page=0&size=20&sort=
2025-06-12 17:30:29.849 [http-nio-8081-exec-10] INFO  c.project.service.ProjektServiceImpl.getProjekty(106) - REQUEST -> GET /api/projekty?page=0&size=20&sort=
2025-06-12 17:30:29.851 [http-nio-8081-exec-1] INFO  c.project.service.ProjektServiceImpl.getProjekty(106) - REQUEST -> GET /api/projekty?page=0&size=20&sort=
2025-06-12 17:30:29.855 [http-nio-8081-exec-2] INFO  c.project.service.ProjektServiceImpl.getProjekty(106) - REQUEST -> GET /api/projekty?page=0&size=20&sort=
2025-06-12 17:30:29.858 [http-nio-8081-exec-5] INFO  c.project.service.ProjektServiceImpl.getProjekty(106) - REQUEST -> GET /api/projekty?page=0&size=20&sort=
2025-06-12 17:30:29.861 [http-nio-8081-exec-11] INFO  c.project.service.ProjektServiceImpl.getProjekty(106) - REQUEST -> GET /api/projekty?page=0&size=20&sort=
2025-06-12 17:30:29.866 [http-nio-8081-exec-12] INFO  c.project.service.ProjektServiceImpl.getProjekty(106) - REQUEST -> GET /api/projekty?page=0&size=20&sort=
2025-06-12 17:30:29.868 [http-nio-8081-exec-13] INFO  c.project.service.ProjektServiceImpl.getProjekty(106) - REQUEST -> GET /api/projekty?page=0&size=20&sort=
2025-06-12 17:30:29.872 [http-nio-8081-exec-14] INFO  c.project.service.ProjektServiceImpl.getProjekty(106) - REQUEST -> GET /api/projekty?page=0&size=20&sort=
2025-06-12 17:30:29.875 [http-nio-8081-exec-15] INFO  c.project.service.ProjektServiceImpl.getProjekty(106) - REQUEST -> GET /api/projekty?page=0&size=20&sort=
2025-06-12 17:30:29.878 [http-nio-8081-exec-16] INFO  c.project.service.ProjektServiceImpl.getProjekty(106) - REQUEST -> GET /api/projekty?page=0&size=20&sort=
2025-06-12 17:30:29.883 [http-nio-8081-exec-17] INFO  c.project.service.ProjektServiceImpl.getProjekty(106) - REQUEST -> GET /api/projekty?page=0&size=20&sort=
2025-06-12 17:30:29.887 [http-nio-8081-exec-18] INFO  c.project.service.ProjektServiceImpl.getProjekty(106) - REQUEST -> GET /api/projekty?page=0&size=20&sort=
2025-06-12 17:30:29.890 [http-nio-8081-exec-19] INFO  c.project.service.ProjektServiceImpl.getProjekty(106) - REQUEST -> GET /api/projekty?page=0&size=20&sort=
2025-06-12 17:30:29.891 [http-nio-8081-exec-20] INFO  c.project.service.ProjektServiceImpl.getProjekty(106) - REQUEST -> GET /api/projekty?page=0&size=20&sort=
2025-06-12 17:30:29.894 [http-nio-8081-exec-21] INFO  c.project.service.ProjektServiceImpl.getProjekty(106) - REQUEST -> GET /api/projekty?page=0&size=20&sort=
2025-06-12 17:30:29.896 [http-nio-8081-exec-22] INFO  c.project.service.ProjektServiceImpl.getProjekty(106) - REQUEST -> GET /api/projekty?page=0&size=20&sort=
2025-06-12 17:30:29.901 [http-nio-8081-exec-23] INFO  c.project.service.ProjektServiceImpl.getProjekty(106) - REQUEST -> GET /api/projekty?page=0&size=20&sort=
2025-06-12 17:30:29.903 [http-nio-8081-exec-24] INFO  c.project.service.ProjektServiceImpl.getProjekty(106) - REQUEST -> GET /api/projekty?page=0&size=20&sort=
2025-06-12 17:30:29.906 [http-nio-8081-exec-25] INFO  c.project.service.ProjektServiceImpl.getProjekty(106) - REQUEST -> GET /api/projekty?page=0&size=20&sort=
2025-06-12 17:30:29.909 [http-nio-8081-exec-26] INFO  c.project.service.ProjektServiceImpl.getProjekty(106) - REQUEST -> GET /api/projekty?page=0&size=20&sort=
2025-06-12 17:30:29.912 [http-nio-8081-exec-27] INFO  c.project.service.ProjektServiceImpl.getProjekty(106) - REQUEST -> GET /api/projekty?page=0&size=20&sort=
2025-06-12 17:30:29.915 [http-nio-8081-exec-28] INFO  c.project.service.ProjektServiceImpl.getProjekty(106) - REQUEST -> GET /api/projekty?page=0&size=20&sort=
2025-06-12 17:30:29.918 [http-nio-8081-exec-29] INFO  c.project.service.ProjektServiceImpl.getProjekty(106) - REQUEST -> GET /api/projekty?page=0&size=20&sort=
2025-06-12 17:30:29.921 [http-nio-8081-exec-30] INFO  c.project.service.ProjektServiceImpl.getProjekty(106) - REQUEST -> GET /api/projekty?page=0&size=20&sort=
2025-06-12 17:30:29.924 [http-nio-8081-exec-31] INFO  c.project.service.ProjektServiceImpl.getProjekty(106) - REQUEST -> GET /api/projekty?page=0&size=20&sort=
2025-06-12 17:30:29.927 [http-nio-8081-exec-32] INFO  c.project.service.ProjektServiceImpl.getProjekty(106) - REQUEST -> GET /api/projekty?page=0&size=20&sort=
2025-06-12 17:30:29.931 [http-nio-8081-exec-33] INFO  c.project.service.ProjektServiceImpl.getProjekty(106) - REQUEST -> GET /api/projekty?page=0&size=20&sort=
2025-06-12 17:30:29.934 [http-nio-8081-exec-34] INFO  c.project.service.ProjektServiceImpl.getProjekty(106) - REQUEST -> GET /api/projekty?page=0&size=20&sort=
2025-06-12 17:30:29.937 [http-nio-8081-exec-35] INFO  c.project.service.ProjektServiceImpl.getProjekty(106) - REQUEST -> GET /api/projekty?page=0&size=20&sort=
2025-06-12 17:30:29.940 [http-nio-8081-exec-36] INFO  c.project.service.ProjektServiceImpl.getProjekty(106) - REQUEST -> GET /api/projekty?page=0&size=20&sort=
2025-06-12 17:30:29.943 [http-nio-8081-exec-37] INFO  c.project.service.ProjektServiceImpl.getProjekty(106) - REQUEST -> GET /api/projekty?page=0&size=20&sort=
2025-06-12 17:30:29.946 [http-nio-8081-exec-38] INFO  c.project.service.ProjektServiceImpl.getProjekty(106) - REQUEST -> GET /api/projekty?page=0&size=20&sort=
2025-06-12 17:30:29.948 [http-nio-8081-exec-39] INFO  c.project.service.ProjektServiceImpl.getProjekty(106) - REQUEST -> GET /api/projekty?page=0&size=20&sort=
2025-06-12 17:30:29.950 [http-nio-8081-exec-40] INFO  c.project.service.ProjektServiceImpl.getProjekty(106) - REQUEST -> GET /api/projekty?page=0&size=20&sort=
2025-06-12 17:30:29.953 [http-nio-8081-exec-41] INFO  c.project.service.ProjektServiceImpl.getProjekty(106) - REQUEST -> GET /api/projekty?page=0&size=20&sort=
2025-06-12 17:30:29.956 [http-nio-8081-exec-42] INFO  c.project.service.ProjektServiceImpl.getProjekty(106) - REQUEST -> GET /api/projekty?page=0&size=20&sort=
2025-06-12 17:30:29.960 [http-nio-8081-exec-43] INFO  c.project.service.ProjektServiceImpl.getProjekty(106) - REQUEST -> GET /api/projekty?page=0&size=20&sort=
2025-06-12 17:30:29.963 [http-nio-8081-exec-44] INFO  c.project.service.ProjektServiceImpl.getProjekty(106) - REQUEST -> GET /api/projekty?page=0&size=20&sort=
2025-06-12 17:30:29.966 [http-nio-8081-exec-45] INFO  c.project.service.ProjektServiceImpl.getProjekty(106) - REQUEST -> GET /api/projekty?page=0&size=20&sort=
2025-06-12 17:30:29.968 [http-nio-8081-exec-46] INFO  c.project.service.ProjektServiceImpl.getProjekty(106) - REQUEST -> GET /api/projekty?page=0&size=20&sort=
2025-06-12 17:30:29.971 [http-nio-8081-exec-47] INFO  c.project.service.ProjektServiceImpl.getProjekty(106) - REQUEST -> GET /api/projekty?page=0&size=20&sort=
2025-06-12 17:30:29.972 [http-nio-8081-exec-48] INFO  c.project.service.ProjektServiceImpl.getProjekty(106) - REQUEST -> GET /api/projekty?page=0&size=20&sort=
2025-06-12 17:30:29.976 [http-nio-8081-exec-49] INFO  c.project.service.ProjektServiceImpl.getProjekty(106) - REQUEST -> GET /api/projekty?page=0&size=20&sort=
2025-06-12 17:30:29.978 [http-nio-8081-exec-50] INFO  c.project.service.ProjektServiceImpl.getProjekty(106) - REQUEST -> GET /api/projekty?page=0&size=20&sort=
2025-06-12 17:30:29.981 [http-nio-8081-exec-51] INFO  c.project.service.ProjektServiceImpl.getProjekty(106) - REQUEST -> GET /api/projekty?page=0&size=20&sort=
2025-06-12 17:30:29.984 [http-nio-8081-exec-52] INFO  c.project.service.ProjektServiceImpl.getProjekty(106) - REQUEST -> GET /api/projekty?page=0&size=20&sort=
2025-06-12 17:30:29.987 [http-nio-8081-exec-53] INFO  c.project.service.ProjektServiceImpl.getProjekty(106) - REQUEST -> GET /api/projekty?page=0&size=20&sort=
2025-06-12 17:30:29.991 [http-nio-8081-exec-54] INFO  c.project.service.ProjektServiceImpl.getProjekty(106) - REQUEST -> GET /api/projekty?page=0&size=20&sort=
2025-06-12 17:30:29.994 [http-nio-8081-exec-55] INFO  c.project.service.ProjektServiceImpl.getProjekty(106) - REQUEST -> GET /api/projekty?page=0&size=20&sort=
2025-06-12 17:30:29.997 [http-nio-8081-exec-56] INFO  c.project.service.ProjektServiceImpl.getProjekty(106) - REQUEST -> GET /api/projekty?page=0&size=20&sort=
2025-06-12 17:30:30.000 [http-nio-8081-exec-57] INFO  c.project.service.ProjektServiceImpl.getProjekty(106) - REQUEST -> GET /api/projekty?page=0&size=20&sort=
2025-06-12 17:30:30.004 [http-nio-8081-exec-58] INFO  c.project.service.ProjektServiceImpl.getProjekty(106) - REQUEST -> GET /api/projekty?page=0&size=20&sort=
2025-06-12 17:30:30.008 [http-nio-8081-exec-59] INFO  c.project.service.ProjektServiceImpl.getProjekty(106) - REQUEST -> GET /api/projekty?page=0&size=20&sort=
2025-06-12 17:30:30.011 [http-nio-8081-exec-60] INFO  c.project.service.ProjektServiceImpl.getProjekty(106) - REQUEST -> GET /api/projekty?page=0&size=20&sort=
2025-06-12 17:30:30.015 [http-nio-8081-exec-61] INFO  c.project.service.ProjektServiceImpl.getProjekty(106) - REQUEST -> GET /api/projekty?page=0&size=20&sort=
2025-06-12 17:30:30.018 [http-nio-8081-exec-62] INFO  c.project.service.ProjektServiceImpl.getProjekty(106) - REQUEST -> GET /api/projekty?page=0&size=20&sort=
2025-06-12 17:30:30.023 [http-nio-8081-exec-63] INFO  c.project.service.ProjektServiceImpl.getProjekty(106) - REQUEST -> GET /api/projekty?page=0&size=20&sort=
2025-06-12 17:30:30.027 [http-nio-8081-exec-64] INFO  c.project.service.ProjektServiceImpl.getProjekty(106) - REQUEST -> GET /api/projekty?page=0&size=20&sort=
2025-06-12 17:30:30.031 [http-nio-8081-exec-65] INFO  c.project.service.ProjektServiceImpl.getProjekty(106) - REQUEST -> GET /api/projekty?page=0&size=20&sort=
2025-06-12 17:30:30.034 [http-nio-8081-exec-66] INFO  c.project.service.ProjektServiceImpl.getProjekty(106) - REQUEST -> GET /api/projekty?page=0&size=20&sort=
2025-06-12 17:30:30.038 [http-nio-8081-exec-67] INFO  c.project.service.ProjektServiceImpl.getProjekty(106) - REQUEST -> GET /api/projekty?page=0&size=20&sort=
2025-06-12 17:30:30.041 [http-nio-8081-exec-68] INFO  c.project.service.ProjektServiceImpl.getProjekty(106) - REQUEST -> GET /api/projekty?page=0&size=20&sort=
2025-06-12 17:30:30.045 [http-nio-8081-exec-69] INFO  c.project.service.ProjektServiceImpl.getProjekty(106) - REQUEST -> GET /api/projekty?page=0&size=20&sort=
2025-06-12 17:30:30.049 [http-nio-8081-exec-70] INFO  c.project.service.ProjektServiceImpl.getProjekty(106) - REQUEST -> GET /api/projekty?page=0&size=20&sort=
2025-06-12 17:30:30.053 [http-nio-8081-exec-71] INFO  c.project.service.ProjektServiceImpl.getProjekty(106) - REQUEST -> GET /api/projekty?page=0&size=20&sort=
2025-06-12 17:30:30.057 [http-nio-8081-exec-72] INFO  c.project.service.ProjektServiceImpl.getProjekty(106) - REQUEST -> GET /api/projekty?page=0&size=20&sort=
2025-06-12 17:30:30.061 [http-nio-8081-exec-73] INFO  c.project.service.ProjektServiceImpl.getProjekty(106) - REQUEST -> GET /api/projekty?page=0&size=20&sort=
2025-06-12 17:30:30.064 [http-nio-8081-exec-74] INFO  c.project.service.ProjektServiceImpl.getProjekty(106) - REQUEST -> GET /api/projekty?page=0&size=20&sort=
2025-06-12 17:30:30.067 [http-nio-8081-exec-75] INFO  c.project.service.ProjektServiceImpl.getProjekty(106) - REQUEST -> GET /api/projekty?page=0&size=20&sort=
2025-06-12 17:30:30.071 [http-nio-8081-exec-76] INFO  c.project.service.ProjektServiceImpl.getProjekty(106) - REQUEST -> GET /api/projekty?page=0&size=20&sort=
2025-06-12 17:30:30.075 [http-nio-8081-exec-77] INFO  c.project.service.ProjektServiceImpl.getProjekty(106) - REQUEST -> GET /api/projekty?page=0&size=20&sort=
2025-06-12 17:30:30.078 [http-nio-8081-exec-78] INFO  c.project.service.ProjektServiceImpl.getProjekty(106) - REQUEST -> GET /api/projekty?page=0&size=20&sort=
2025-06-12 17:30:30.081 [http-nio-8081-exec-79] INFO  c.project.service.ProjektServiceImpl.getProjekty(106) - REQUEST -> GET /api/projekty?page=0&size=20&sort=
2025-06-12 17:30:30.084 [http-nio-8081-exec-80] INFO  c.project.service.ProjektServiceImpl.getProjekty(106) - REQUEST -> GET /api/projekty?page=0&size=20&sort=
2025-06-12 17:30:30.088 [http-nio-8081-exec-81] INFO  c.project.service.ProjektServiceImpl.getProjekty(106) - REQUEST -> GET /api/projekty?page=0&size=20&sort=
2025-06-12 17:30:30.092 [http-nio-8081-exec-82] INFO  c.project.service.ProjektServiceImpl.getProjekty(106) - REQUEST -> GET /api/projekty?page=0&size=20&sort=
2025-06-12 17:30:30.095 [http-nio-8081-exec-83] INFO  c.project.service.ProjektServiceImpl.getProjekty(106) - REQUEST -> GET /api/projekty?page=0&size=20&sort=
2025-06-12 17:30:30.098 [http-nio-8081-exec-84] INFO  c.project.service.ProjektServiceImpl.getProjekty(106) - REQUEST -> GET /api/projekty?page=0&size=20&sort=
2025-06-12 17:30:30.102 [http-nio-8081-exec-85] INFO  c.project.service.ProjektServiceImpl.getProjekty(106) - REQUEST -> GET /api/projekty?page=0&size=20&sort=
2025-06-12 17:30:30.106 [http-nio-8081-exec-86] INFO  c.project.service.ProjektServiceImpl.getProjekty(106) - REQUEST -> GET /api/projekty?page=0&size=20&sort=
2025-06-12 17:30:30.110 [http-nio-8081-exec-87] INFO  c.project.service.ProjektServiceImpl.getProjekty(106) - REQUEST -> GET /api/projekty?page=0&size=20&sort=
2025-06-12 17:30:30.112 [http-nio-8081-exec-88] INFO  c.project.service.ProjektServiceImpl.getProjekty(106) - REQUEST -> GET /api/projekty?page=0&size=20&sort=
2025-06-12 17:30:30.115 [http-nio-8081-exec-89] INFO  c.project.service.ProjektServiceImpl.getProjekty(106) - REQUEST -> GET /api/projekty?page=0&size=20&sort=
2025-06-12 17:30:30.117 [http-nio-8081-exec-90] INFO  c.project.service.ProjektServiceImpl.getProjekty(106) - REQUEST -> GET /api/projekty?page=0&size=20&sort=
2025-06-12 17:30:30.120 [http-nio-8081-exec-91] INFO  c.project.service.ProjektServiceImpl.getProjekty(106) - REQUEST -> GET /api/projekty?page=0&size=20&sort=
2025-06-12 17:30:30.121 [http-nio-8081-exec-92] INFO  c.project.service.ProjektServiceImpl.getProjekty(106) - REQUEST -> GET /api/projekty?page=0&size=20&sort=
2025-06-12 17:30:30.124 [http-nio-8081-exec-93] INFO  c.project.service.ProjektServiceImpl.getProjekty(106) - REQUEST -> GET /api/projekty?page=0&size=20&sort=
2025-06-12 17:30:30.129 [http-nio-8081-exec-94] INFO  c.project.service.ProjektServiceImpl.getProjekty(106) - REQUEST -> GET /api/projekty?page=0&size=20&sort=
2025-06-12 17:30:30.132 [http-nio-8081-exec-95] INFO  c.project.service.ProjektServiceImpl.getProjekty(106) - REQUEST -> GET /api/projekty?page=0&size=20&sort=
2025-06-12 17:30:30.134 [http-nio-8081-exec-96] INFO  c.project.service.ProjektServiceImpl.getProjekty(106) - REQUEST -> GET /api/projekty?page=0&size=20&sort=
2025-06-12 17:30:30.137 [http-nio-8081-exec-97] INFO  c.project.service.ProjektServiceImpl.getProjekty(106) - REQUEST -> GET /api/projekty?page=0&size=20&sort=
2025-06-12 17:30:30.140 [http-nio-8081-exec-98] INFO  c.project.service.ProjektServiceImpl.getProjekty(106) - REQUEST -> GET /api/projekty?page=0&size=20&sort=
2025-06-12 17:30:30.143 [http-nio-8081-exec-99] INFO  c.project.service.ProjektServiceImpl.getProjekty(106) - REQUEST -> GET /api/projekty?page=0&size=20&sort=
2025-06-12 17:30:30.146 [http-nio-8081-exec-100] INFO  c.project.service.ProjektServiceImpl.getProjekty(106) - REQUEST -> GET /api/projekty?page=0&size=20&sort=
2025-06-12 17:30:30.149 [http-nio-8081-exec-101] INFO  c.project.service.ProjektServiceImpl.getProjekty(106) - REQUEST -> GET /api/projekty?page=0&size=20&sort=
2025-06-12 17:30:30.152 [http-nio-8081-exec-102] INFO  c.project.service.ProjektServiceImpl.getProjekty(106) - REQUEST -> GET /api/projekty?page=0&size=20&sort=
2025-06-12 17:30:30.154 [http-nio-8081-exec-103] INFO  c.project.service.ProjektServiceImpl.getProjekty(106) - REQUEST -> GET /api/projekty?page=0&size=20&sort=
2025-06-12 17:30:30.156 [http-nio-8081-exec-104] INFO  c.project.service.ProjektServiceImpl.getProjekty(106) - REQUEST -> GET /api/projekty?page=0&size=20&sort=
2025-06-12 17:30:30.168 [http-nio-8081-exec-105] INFO  c.project.service.ProjektServiceImpl.getProjekty(106) - REQUEST -> GET /api/projekty?page=0&size=20&sort=
2025-06-12 17:30:30.172 [http-nio-8081-exec-106] INFO  c.project.service.ProjektServiceImpl.getProjekty(106) - REQUEST -> GET /api/projekty?page=0&size=20&sort=
2025-06-12 17:30:30.174 [http-nio-8081-exec-107] INFO  c.project.service.ProjektServiceImpl.getProjekty(106) - REQUEST -> GET /api/projekty?page=0&size=20&sort=
2025-06-12 17:30:30.177 [http-nio-8081-exec-108] INFO  c.project.service.ProjektServiceImpl.getProjekty(106) - REQUEST -> GET /api/projekty?page=0&size=20&sort=
2025-06-12 17:30:30.180 [http-nio-8081-exec-109] INFO  c.project.service.ProjektServiceImpl.getProjekty(106) - REQUEST -> GET /api/projekty?page=0&size=20&sort=
2025-06-12 17:30:30.183 [http-nio-8081-exec-110] INFO  c.project.service.ProjektServiceImpl.getProjekty(106) - REQUEST -> GET /api/projekty?page=0&size=20&sort=
2025-06-12 17:30:30.186 [http-nio-8081-exec-111] INFO  c.project.service.ProjektServiceImpl.getProjekty(106) - REQUEST -> GET /api/projekty?page=0&size=20&sort=
2025-06-12 17:30:30.190 [http-nio-8081-exec-112] INFO  c.project.service.ProjektServiceImpl.getProjekty(106) - REQUEST -> GET /api/projekty?page=0&size=20&sort=
2025-06-12 17:30:30.193 [http-nio-8081-exec-113] INFO  c.project.service.ProjektServiceImpl.getProjekty(106) - REQUEST -> GET /api/projekty?page=0&size=20&sort=
2025-06-12 17:30:30.196 [http-nio-8081-exec-114] INFO  c.project.service.ProjektServiceImpl.getProjekty(106) - REQUEST -> GET /api/projekty?page=0&size=20&sort=
2025-06-12 17:30:30.200 [http-nio-8081-exec-115] INFO  c.project.service.ProjektServiceImpl.getProjekty(106) - REQUEST -> GET /api/projekty?page=0&size=20&sort=
2025-06-12 17:30:30.203 [http-nio-8081-exec-116] INFO  c.project.service.ProjektServiceImpl.getProjekty(106) - REQUEST -> GET /api/projekty?page=0&size=20&sort=
2025-06-12 17:30:30.206 [http-nio-8081-exec-117] INFO  c.project.service.ProjektServiceImpl.getProjekty(106) - REQUEST -> GET /api/projekty?page=0&size=20&sort=
2025-06-12 17:30:30.210 [http-nio-8081-exec-118] INFO  c.project.service.ProjektServiceImpl.getProjekty(106) - REQUEST -> GET /api/projekty?page=0&size=20&sort=
2025-06-12 17:30:30.214 [http-nio-8081-exec-119] INFO  c.project.service.ProjektServiceImpl.getProjekty(106) - REQUEST -> GET /api/projekty?page=0&size=20&sort=
2025-06-12 17:30:30.217 [http-nio-8081-exec-120] INFO  c.project.service.ProjektServiceImpl.getProjekty(106) - REQUEST -> GET /api/projekty?page=0&size=20&sort=
2025-06-12 17:30:30.220 [http-nio-8081-exec-121] INFO  c.project.service.ProjektServiceImpl.getProjekty(106) - REQUEST -> GET /api/projekty?page=0&size=20&sort=
2025-06-12 17:30:30.224 [http-nio-8081-exec-122] INFO  c.project.service.ProjektServiceImpl.getProjekty(106) - REQUEST -> GET /api/projekty?page=0&size=20&sort=
2025-06-12 17:30:30.228 [http-nio-8081-exec-123] INFO  c.project.service.ProjektServiceImpl.getProjekty(106) - REQUEST -> GET /api/projekty?page=0&size=20&sort=
2025-06-12 17:30:30.232 [http-nio-8081-exec-124] INFO  c.project.service.ProjektServiceImpl.getProjekty(106) - REQUEST -> GET /api/projekty?page=0&size=20&sort=
2025-06-12 17:30:30.237 [http-nio-8081-exec-125] INFO  c.project.service.ProjektServiceImpl.getProjekty(106) - REQUEST -> GET /api/projekty?page=0&size=20&sort=
2025-06-12 17:30:30.241 [http-nio-8081-exec-126] INFO  c.project.service.ProjektServiceImpl.getProjekty(106) - REQUEST -> GET /api/projekty?page=0&size=20&sort=
2025-06-12 17:30:30.245 [http-nio-8081-exec-127] INFO  c.project.service.ProjektServiceImpl.getProjekty(106) - REQUEST -> GET /api/projekty?page=0&size=20&sort=
2025-06-12 17:30:30.249 [http-nio-8081-exec-128] INFO  c.project.service.ProjektServiceImpl.getProjekty(106) - REQUEST -> GET /api/projekty?page=0&size=20&sort=
2025-06-12 17:30:30.254 [http-nio-8081-exec-129] INFO  c.project.service.ProjektServiceImpl.getProjekty(106) - REQUEST -> GET /api/projekty?page=0&size=20&sort=
2025-06-12 17:30:30.258 [http-nio-8081-exec-130] INFO  c.project.service.ProjektServiceImpl.getProjekty(106) - REQUEST -> GET /api/projekty?page=0&size=20&sort=
2025-06-12 17:30:30.261 [http-nio-8081-exec-131] INFO  c.project.service.ProjektServiceImpl.getProjekty(106) - REQUEST -> GET /api/projekty?page=0&size=20&sort=
2025-06-12 17:30:30.265 [http-nio-8081-exec-132] INFO  c.project.service.ProjektServiceImpl.getProjekty(106) - REQUEST -> GET /api/projekty?page=0&size=20&sort=
2025-06-12 17:30:30.268 [http-nio-8081-exec-133] INFO  c.project.service.ProjektServiceImpl.getProjekty(106) - REQUEST -> GET /api/projekty?page=0&size=20&sort=
2025-06-12 17:30:30.271 [http-nio-8081-exec-134] INFO  c.project.service.ProjektServiceImpl.getProjekty(106) - REQUEST -> GET /api/projekty?page=0&size=20&sort=
2025-06-12 17:30:30.274 [http-nio-8081-exec-135] INFO  c.project.service.ProjektServiceImpl.getProjekty(106) - REQUEST -> GET /api/projekty?page=0&size=20&sort=
2025-06-12 17:30:30.277 [http-nio-8081-exec-136] INFO  c.project.service.ProjektServiceImpl.getProjekty(106) - REQUEST -> GET /api/projekty?page=0&size=20&sort=
2025-06-12 17:30:30.281 [http-nio-8081-exec-137] INFO  c.project.service.ProjektServiceImpl.getProjekty(106) - REQUEST -> GET /api/projekty?page=0&size=20&sort=
2025-06-12 17:30:30.283 [http-nio-8081-exec-138] INFO  c.project.service.ProjektServiceImpl.getProjekty(106) - REQUEST -> GET /api/projekty?page=0&size=20&sort=
2025-06-12 17:30:30.286 [http-nio-8081-exec-139] INFO  c.project.service.ProjektServiceImpl.getProjekty(106) - REQUEST -> GET /api/projekty?page=0&size=20&sort=
2025-06-12 17:30:30.288 [http-nio-8081-exec-140] INFO  c.project.service.ProjektServiceImpl.getProjekty(106) - REQUEST -> GET /api/projekty?page=0&size=20&sort=
2025-06-12 17:30:30.292 [http-nio-8081-exec-141] INFO  c.project.service.ProjektServiceImpl.getProjekty(106) - REQUEST -> GET /api/projekty?page=0&size=20&sort=
2025-06-12 17:30:30.295 [http-nio-8081-exec-142] INFO  c.project.service.ProjektServiceImpl.getProjekty(106) - REQUEST -> GET /api/projekty?page=0&size=20&sort=
2025-06-12 17:30:30.298 [http-nio-8081-exec-143] INFO  c.project.service.ProjektServiceImpl.getProjekty(106) - REQUEST -> GET /api/projekty?page=0&size=20&sort=
2025-06-12 17:30:30.301 [http-nio-8081-exec-144] INFO  c.project.service.ProjektServiceImpl.getProjekty(106) - REQUEST -> GET /api/projekty?page=0&size=20&sort=
2025-06-12 17:30:30.305 [http-nio-8081-exec-145] INFO  c.project.service.ProjektServiceImpl.getProjekty(106) - REQUEST -> GET /api/projekty?page=0&size=20&sort=
2025-06-12 17:30:30.308 [http-nio-8081-exec-146] INFO  c.project.service.ProjektServiceImpl.getProjekty(106) - REQUEST -> GET /api/projekty?page=0&size=20&sort=
2025-06-12 17:30:30.310 [http-nio-8081-exec-147] INFO  c.project.service.ProjektServiceImpl.getProjekty(106) - REQUEST -> GET /api/projekty?page=0&size=20&sort=
2025-06-12 17:30:30.313 [http-nio-8081-exec-148] INFO  c.project.service.ProjektServiceImpl.getProjekty(106) - REQUEST -> GET /api/projekty?page=0&size=20&sort=
2025-06-12 17:30:30.316 [http-nio-8081-exec-149] INFO  c.project.service.ProjektServiceImpl.getProjekty(106) - REQUEST -> GET /api/projekty?page=0&size=20&sort=
2025-06-12 17:30:30.318 [http-nio-8081-exec-150] INFO  c.project.service.ProjektServiceImpl.getProjekty(106) - REQUEST -> GET /api/projekty?page=0&size=20&sort=
2025-06-12 17:30:30.321 [http-nio-8081-exec-151] INFO  c.project.service.ProjektServiceImpl.getProjekty(106) - REQUEST -> GET /api/projekty?page=0&size=20&sort=
2025-06-12 17:30:30.323 [http-nio-8081-exec-152] INFO  c.project.service.ProjektServiceImpl.getProjekty(106) - REQUEST -> GET /api/projekty?page=0&size=20&sort=
2025-06-12 17:30:30.325 [http-nio-8081-exec-153] INFO  c.project.service.ProjektServiceImpl.getProjekty(106) - REQUEST -> GET /api/projekty?page=0&size=20&sort=
2025-06-12 17:30:30.327 [http-nio-8081-exec-154] INFO  c.project.service.ProjektServiceImpl.getProjekty(106) - REQUEST -> GET /api/projekty?page=0&size=20&sort=
2025-06-12 17:30:30.329 [http-nio-8081-exec-155] INFO  c.project.service.ProjektServiceImpl.getProjekty(106) - REQUEST -> GET /api/projekty?page=0&size=20&sort=
2025-06-12 17:30:30.331 [http-nio-8081-exec-156] INFO  c.project.service.ProjektServiceImpl.getProjekty(106) - REQUEST -> GET /api/projekty?page=0&size=20&sort=
2025-06-12 17:30:30.334 [http-nio-8081-exec-157] INFO  c.project.service.ProjektServiceImpl.getProjekty(106) - REQUEST -> GET /api/projekty?page=0&size=20&sort=
2025-06-12 17:30:30.337 [http-nio-8081-exec-158] INFO  c.project.service.ProjektServiceImpl.getProjekty(106) - REQUEST -> GET /api/projekty?page=0&size=20&sort=
2025-06-12 17:30:30.339 [http-nio-8081-exec-159] INFO  c.project.service.ProjektServiceImpl.getProjekty(106) - REQUEST -> GET /api/projekty?page=0&size=20&sort=
2025-06-12 17:30:30.341 [http-nio-8081-exec-160] INFO  c.project.service.ProjektServiceImpl.getProjekty(106) - REQUEST -> GET /api/projekty?page=0&size=20&sort=
2025-06-12 17:30:30.343 [http-nio-8081-exec-161] INFO  c.project.service.ProjektServiceImpl.getProjekty(106) - REQUEST -> GET /api/projekty?page=0&size=20&sort=
2025-06-12 17:30:30.345 [http-nio-8081-exec-162] INFO  c.project.service.ProjektServiceImpl.getProjekty(106) - REQUEST -> GET /api/projekty?page=0&size=20&sort=
2025-06-12 17:30:30.347 [http-nio-8081-exec-163] INFO  c.project.service.ProjektServiceImpl.getProjekty(106) - REQUEST -> GET /api/projekty?page=0&size=20&sort=
2025-06-12 17:30:30.348 [http-nio-8081-exec-164] INFO  c.project.service.ProjektServiceImpl.getProjekty(106) - REQUEST -> GET /api/projekty?page=0&size=20&sort=
2025-06-12 17:30:30.351 [http-nio-8081-exec-165] INFO  c.project.service.ProjektServiceImpl.getProjekty(106) - REQUEST -> GET /api/projekty?page=0&size=20&sort=
2025-06-12 17:30:30.353 [http-nio-8081-exec-166] INFO  c.project.service.ProjektServiceImpl.getProjekty(106) - REQUEST -> GET /api/projekty?page=0&size=20&sort=
2025-06-12 17:30:30.355 [http-nio-8081-exec-167] INFO  c.project.service.ProjektServiceImpl.getProjekty(106) - REQUEST -> GET /api/projekty?page=0&size=20&sort=
2025-06-12 17:30:30.357 [http-nio-8081-exec-168] INFO  c.project.service.ProjektServiceImpl.getProjekty(106) - REQUEST -> GET /api/projekty?page=0&size=20&sort=
2025-06-12 17:30:30.358 [http-nio-8081-exec-169] INFO  c.project.service.ProjektServiceImpl.getProjekty(106) - REQUEST -> GET /api/projekty?page=0&size=20&sort=
2025-06-12 17:30:30.361 [http-nio-8081-exec-170] INFO  c.project.service.ProjektServiceImpl.getProjekty(106) - REQUEST -> GET /api/projekty?page=0&size=20&sort=
2025-06-12 17:30:30.364 [http-nio-8081-exec-171] INFO  c.project.service.ProjektServiceImpl.getProjekty(106) - REQUEST -> GET /api/projekty?page=0&size=20&sort=
2025-06-12 17:30:30.366 [http-nio-8081-exec-172] INFO  c.project.service.ProjektServiceImpl.getProjekty(106) - REQUEST -> GET /api/projekty?page=0&size=20&sort=
2025-06-12 17:30:30.369 [http-nio-8081-exec-173] INFO  c.project.service.ProjektServiceImpl.getProjekty(106) - REQUEST -> GET /api/projekty?page=0&size=20&sort=
2025-06-12 17:30:30.371 [http-nio-8081-exec-174] INFO  c.project.service.ProjektServiceImpl.getProjekty(106) - REQUEST -> GET /api/projekty?page=0&size=20&sort=
2025-06-12 17:30:30.374 [http-nio-8081-exec-175] INFO  c.project.service.ProjektServiceImpl.getProjekty(106) - REQUEST -> GET /api/projekty?page=0&size=20&sort=
2025-06-12 17:30:30.376 [http-nio-8081-exec-176] INFO  c.project.service.ProjektServiceImpl.getProjekty(106) - REQUEST -> GET /api/projekty?page=0&size=20&sort=
2025-06-12 17:30:30.378 [http-nio-8081-exec-177] INFO  c.project.service.ProjektServiceImpl.getProjekty(106) - REQUEST -> GET /api/projekty?page=0&size=20&sort=
2025-06-12 17:30:30.380 [http-nio-8081-exec-178] INFO  c.project.service.ProjektServiceImpl.getProjekty(106) - REQUEST -> GET /api/projekty?page=0&size=20&sort=
2025-06-12 17:30:30.383 [http-nio-8081-exec-179] INFO  c.project.service.ProjektServiceImpl.getProjekty(106) - REQUEST -> GET /api/projekty?page=0&size=20&sort=
2025-06-12 17:30:30.385 [http-nio-8081-exec-180] INFO  c.project.service.ProjektServiceImpl.getProjekty(106) - REQUEST -> GET /api/projekty?page=0&size=20&sort=
2025-06-12 17:30:30.387 [http-nio-8081-exec-181] INFO  c.project.service.ProjektServiceImpl.getProjekty(106) - REQUEST -> GET /api/projekty?page=0&size=20&sort=
2025-06-12 17:30:30.390 [http-nio-8081-exec-182] INFO  c.project.service.ProjektServiceImpl.getProjekty(106) - REQUEST -> GET /api/projekty?page=0&size=20&sort=
2025-06-12 17:30:30.391 [http-nio-8081-exec-183] INFO  c.project.service.ProjektServiceImpl.getProjekty(106) - REQUEST -> GET /api/projekty?page=0&size=20&sort=
2025-06-12 17:30:30.394 [http-nio-8081-exec-184] INFO  c.project.service.ProjektServiceImpl.getProjekty(106) - REQUEST -> GET /api/projekty?page=0&size=20&sort=
2025-06-12 17:30:30.396 [http-nio-8081-exec-185] INFO  c.project.service.ProjektServiceImpl.getProjekty(106) - REQUEST -> GET /api/projekty?page=0&size=20&sort=
2025-06-12 17:30:30.398 [http-nio-8081-exec-186] INFO  c.project.service.ProjektServiceImpl.getProjekty(106) - REQUEST -> GET /api/projekty?page=0&size=20&sort=
2025-06-12 17:30:30.402 [http-nio-8081-exec-187] INFO  c.project.service.ProjektServiceImpl.getProjekty(106) - REQUEST -> GET /api/projekty?page=0&size=20&sort=
2025-06-12 17:30:30.405 [http-nio-8081-exec-188] INFO  c.project.service.ProjektServiceImpl.getProjekty(106) - REQUEST -> GET /api/projekty?page=0&size=20&sort=
2025-06-12 17:30:30.408 [http-nio-8081-exec-189] INFO  c.project.service.ProjektServiceImpl.getProjekty(106) - REQUEST -> GET /api/projekty?page=0&size=20&sort=
2025-06-12 17:30:30.411 [http-nio-8081-exec-190] INFO  c.project.service.ProjektServiceImpl.getProjekty(106) - REQUEST -> GET /api/projekty?page=0&size=20&sort=
2025-06-12 17:30:30.415 [http-nio-8081-exec-191] INFO  c.project.service.ProjektServiceImpl.getProjekty(106) - REQUEST -> GET /api/projekty?page=0&size=20&sort=
2025-06-12 17:30:30.419 [http-nio-8081-exec-192] INFO  c.project.service.ProjektServiceImpl.getProjekty(106) - REQUEST -> GET /api/projekty?page=0&size=20&sort=
2025-06-12 17:30:30.424 [http-nio-8081-exec-193] INFO  c.project.service.ProjektServiceImpl.getProjekty(106) - REQUEST -> GET /api/projekty?page=0&size=20&sort=
2025-06-12 17:30:30.427 [http-nio-8081-exec-194] INFO  c.project.service.ProjektServiceImpl.getProjekty(106) - REQUEST -> GET /api/projekty?page=0&size=20&sort=
2025-06-12 17:30:30.431 [http-nio-8081-exec-195] INFO  c.project.service.ProjektServiceImpl.getProjekty(106) - REQUEST -> GET /api/projekty?page=0&size=20&sort=
2025-06-12 17:30:30.435 [http-nio-8081-exec-196] INFO  c.project.service.ProjektServiceImpl.getProjekty(106) - REQUEST -> GET /api/projekty?page=0&size=20&sort=
2025-06-12 17:30:30.438 [http-nio-8081-exec-197] INFO  c.project.service.ProjektServiceImpl.getProjekty(106) - REQUEST -> GET /api/projekty?page=0&size=20&sort=
2025-06-12 17:30:30.443 [http-nio-8081-exec-198] INFO  c.project.service.ProjektServiceImpl.getProjekty(106) - REQUEST -> GET /api/projekty?page=0&size=20&sort=
2025-06-12 17:30:30.447 [http-nio-8081-exec-199] INFO  c.project.service.ProjektServiceImpl.getProjekty(106) - REQUEST -> GET /api/projekty?page=0&size=20&sort=
2025-06-12 17:30:30.450 [http-nio-8081-exec-200] INFO  c.project.service.ProjektServiceImpl.getProjekty(106) - REQUEST -> GET /api/projekty?page=0&size=20&sort=
2025-06-12 17:31:23.821 [restartedMain] INFO  c.project.ProjectRestApiApplication.logStarting(53) - Starting ProjectRestApiApplication using Java 23.0.2 with PID 8048 (C:\Users\miche\Downloads\project-rest-api\build\classes\java\main started by miche in C:\Users\miche\Downloads\project-rest-api)
2025-06-12 17:31:23.822 [restartedMain] INFO  c.project.ProjectRestApiApplication.logStartupProfileInfo(652) - No active profile set, falling back to 1 default profile: "default"
2025-06-12 17:31:29.018 [restartedMain] INFO  c.project.ProjectRestApiApplication.logStarted(59) - Started ProjectRestApiApplication in 5.629 seconds (process running for 6.185)
2025-06-12 17:31:55.761 [restartedMain] INFO  c.project.ProjectRestApiApplication.logStarting(53) - Starting ProjectRestApiApplication using Java 23.0.2 with PID 8048 (C:\Users\miche\Downloads\project-rest-api\build\classes\java\main started by miche in C:\Users\miche\Downloads\project-rest-api)
2025-06-12 17:31:55.762 [restartedMain] INFO  c.project.ProjectRestApiApplication.logStartupProfileInfo(652) - No active profile set, falling back to 1 default profile: "default"
2025-06-12 17:31:57.369 [restartedMain] INFO  c.project.ProjectRestApiApplication.logStarted(59) - Started ProjectRestApiApplication in 1.638 seconds (process running for 34.536)
2025-06-12 17:31:57.510 [http-nio-8081-exec-2] INFO  c.project.service.ProjektServiceImpl.getProjekty(106) - REQUEST -> GET /api/projekty?page=0&size=20&sort=
2025-06-12 17:31:57.555 [http-nio-8081-exec-3] INFO  c.project.service.ProjektServiceImpl.getProjekty(106) - REQUEST -> GET /api/projekty?page=0&size=20&sort=
2025-06-12 17:31:57.561 [http-nio-8081-exec-6] INFO  c.project.service.ProjektServiceImpl.getProjekty(106) - REQUEST -> GET /api/projekty?page=0&size=20&sort=
2025-06-12 17:31:57.569 [http-nio-8081-exec-5] INFO  c.project.service.ProjektServiceImpl.getProjekty(106) - REQUEST -> GET /api/projekty?page=0&size=20&sort=
2025-06-12 17:31:57.578 [http-nio-8081-exec-4] INFO  c.project.service.ProjektServiceImpl.getProjekty(106) - REQUEST -> GET /api/projekty?page=0&size=20&sort=
2025-06-12 17:31:57.582 [http-nio-8081-exec-7] INFO  c.project.service.ProjektServiceImpl.getProjekty(106) - REQUEST -> GET /api/projekty?page=0&size=20&sort=
2025-06-12 17:31:57.588 [http-nio-8081-exec-8] INFO  c.project.service.ProjektServiceImpl.getProjekty(106) - REQUEST -> GET /api/projekty?page=0&size=20&sort=
2025-06-12 17:31:57.594 [http-nio-8081-exec-9] INFO  c.project.service.ProjektServiceImpl.getProjekty(106) - REQUEST -> GET /api/projekty?page=0&size=20&sort=
2025-06-12 17:31:57.600 [http-nio-8081-exec-10] INFO  c.project.service.ProjektServiceImpl.getProjekty(106) - REQUEST -> GET /api/projekty?page=0&size=20&sort=
2025-06-12 17:31:57.607 [http-nio-8081-exec-1] INFO  c.project.service.ProjektServiceImpl.getProjekty(106) - REQUEST -> GET /api/projekty?page=0&size=20&sort=
2025-06-12 17:31:57.615 [http-nio-8081-exec-11] INFO  c.project.service.ProjektServiceImpl.getProjekty(106) - REQUEST -> GET /api/projekty?page=0&size=20&sort=
2025-06-12 17:31:57.620 [http-nio-8081-exec-12] INFO  c.project.service.ProjektServiceImpl.getProjekty(106) - REQUEST -> GET /api/projekty?page=0&size=20&sort=
2025-06-12 17:31:57.625 [http-nio-8081-exec-13] INFO  c.project.service.ProjektServiceImpl.getProjekty(106) - REQUEST -> GET /api/projekty?page=0&size=20&sort=
2025-06-12 17:31:57.631 [http-nio-8081-exec-14] INFO  c.project.service.ProjektServiceImpl.getProjekty(106) - REQUEST -> GET /api/projekty?page=0&size=20&sort=
2025-06-12 17:31:57.634 [http-nio-8081-exec-15] INFO  c.project.service.ProjektServiceImpl.getProjekty(106) - REQUEST -> GET /api/projekty?page=0&size=20&sort=
2025-06-12 17:31:57.638 [http-nio-8081-exec-16] INFO  c.project.service.ProjektServiceImpl.getProjekty(106) - REQUEST -> GET /api/projekty?page=0&size=20&sort=
2025-06-12 17:31:57.642 [http-nio-8081-exec-17] INFO  c.project.service.ProjektServiceImpl.getProjekty(106) - REQUEST -> GET /api/projekty?page=0&size=20&sort=
2025-06-12 17:31:57.646 [http-nio-8081-exec-18] INFO  c.project.service.ProjektServiceImpl.getProjekty(106) - REQUEST -> GET /api/projekty?page=0&size=20&sort=
2025-06-12 17:31:57.651 [http-nio-8081-exec-19] INFO  c.project.service.ProjektServiceImpl.getProjekty(106) - REQUEST -> GET /api/projekty?page=0&size=20&sort=
2025-06-12 17:31:57.654 [http-nio-8081-exec-20] INFO  c.project.service.ProjektServiceImpl.getProjekty(106) - REQUEST -> GET /api/projekty?page=0&size=20&sort=
2025-06-12 17:31:57.664 [http-nio-8081-exec-21] INFO  c.project.service.ProjektServiceImpl.getProjekty(106) - REQUEST -> GET /api/projekty?page=0&size=20&sort=
2025-06-12 17:31:57.673 [http-nio-8081-exec-22] INFO  c.project.service.ProjektServiceImpl.getProjekty(106) - REQUEST -> GET /api/projekty?page=0&size=20&sort=
2025-06-12 17:31:57.678 [http-nio-8081-exec-23] INFO  c.project.service.ProjektServiceImpl.getProjekty(106) - REQUEST -> GET /api/projekty?page=0&size=20&sort=
2025-06-12 17:31:57.687 [http-nio-8081-exec-24] INFO  c.project.service.ProjektServiceImpl.getProjekty(106) - REQUEST -> GET /api/projekty?page=0&size=20&sort=
2025-06-12 17:31:57.690 [http-nio-8081-exec-25] INFO  c.project.service.ProjektServiceImpl.getProjekty(106) - REQUEST -> GET /api/projekty?page=0&size=20&sort=
2025-06-12 17:31:57.699 [http-nio-8081-exec-26] INFO  c.project.service.ProjektServiceImpl.getProjekty(106) - REQUEST -> GET /api/projekty?page=0&size=20&sort=
2025-06-12 17:31:57.703 [http-nio-8081-exec-27] INFO  c.project.service.ProjektServiceImpl.getProjekty(106) - REQUEST -> GET /api/projekty?page=0&size=20&sort=
2025-06-12 17:31:57.706 [http-nio-8081-exec-28] INFO  c.project.service.ProjektServiceImpl.getProjekty(106) - REQUEST -> GET /api/projekty?page=0&size=20&sort=
2025-06-12 17:31:57.708 [http-nio-8081-exec-29] INFO  c.project.service.ProjektServiceImpl.getProjekty(106) - REQUEST -> GET /api/projekty?page=0&size=20&sort=
2025-06-12 17:31:57.726 [http-nio-8081-exec-30] INFO  c.project.service.ProjektServiceImpl.getProjekty(106) - REQUEST -> GET /api/projekty?page=0&size=20&sort=
2025-06-12 17:31:57.734 [http-nio-8081-exec-31] INFO  c.project.service.ProjektServiceImpl.getProjekty(106) - REQUEST -> GET /api/projekty?page=0&size=20&sort=
2025-06-12 17:31:57.772 [http-nio-8081-exec-32] INFO  c.project.service.ProjektServiceImpl.getProjekty(106) - REQUEST -> GET /api/projekty?page=0&size=20&sort=
2025-06-12 17:31:57.776 [http-nio-8081-exec-33] INFO  c.project.service.ProjektServiceImpl.getProjekty(106) - REQUEST -> GET /api/projekty?page=0&size=20&sort=
2025-06-12 17:31:57.780 [http-nio-8081-exec-34] INFO  c.project.service.ProjektServiceImpl.getProjekty(106) - REQUEST -> GET /api/projekty?page=0&size=20&sort=
2025-06-12 17:31:57.783 [http-nio-8081-exec-35] INFO  c.project.service.ProjektServiceImpl.getProjekty(106) - REQUEST -> GET /api/projekty?page=0&size=20&sort=
2025-06-12 17:31:57.787 [http-nio-8081-exec-36] INFO  c.project.service.ProjektServiceImpl.getProjekty(106) - REQUEST -> GET /api/projekty?page=0&size=20&sort=
2025-06-12 17:31:57.790 [http-nio-8081-exec-37] INFO  c.project.service.ProjektServiceImpl.getProjekty(106) - REQUEST -> GET /api/projekty?page=0&size=20&sort=
2025-06-12 17:31:57.795 [http-nio-8081-exec-38] INFO  c.project.service.ProjektServiceImpl.getProjekty(106) - REQUEST -> GET /api/projekty?page=0&size=20&sort=
2025-06-12 17:31:57.799 [http-nio-8081-exec-39] INFO  c.project.service.ProjektServiceImpl.getProjekty(106) - REQUEST -> GET /api/projekty?page=0&size=20&sort=
2025-06-12 17:31:57.803 [http-nio-8081-exec-40] INFO  c.project.service.ProjektServiceImpl.getProjekty(106) - REQUEST -> GET /api/projekty?page=0&size=20&sort=
2025-06-12 17:31:57.807 [http-nio-8081-exec-41] INFO  c.project.service.ProjektServiceImpl.getProjekty(106) - REQUEST -> GET /api/projekty?page=0&size=20&sort=
2025-06-12 17:31:57.811 [http-nio-8081-exec-42] INFO  c.project.service.ProjektServiceImpl.getProjekty(106) - REQUEST -> GET /api/projekty?page=0&size=20&sort=
2025-06-12 17:31:57.814 [http-nio-8081-exec-43] INFO  c.project.service.ProjektServiceImpl.getProjekty(106) - REQUEST -> GET /api/projekty?page=0&size=20&sort=
2025-06-12 17:31:57.819 [http-nio-8081-exec-44] INFO  c.project.service.ProjektServiceImpl.getProjekty(106) - REQUEST -> GET /api/projekty?page=0&size=20&sort=
2025-06-12 17:31:57.823 [http-nio-8081-exec-45] INFO  c.project.service.ProjektServiceImpl.getProjekty(106) - REQUEST -> GET /api/projekty?page=0&size=20&sort=
2025-06-12 17:31:57.826 [http-nio-8081-exec-46] INFO  c.project.service.ProjektServiceImpl.getProjekty(106) - REQUEST -> GET /api/projekty?page=0&size=20&sort=
2025-06-12 17:31:57.829 [http-nio-8081-exec-47] INFO  c.project.service.ProjektServiceImpl.getProjekty(106) - REQUEST -> GET /api/projekty?page=0&size=20&sort=
2025-06-12 17:31:57.833 [http-nio-8081-exec-48] INFO  c.project.service.ProjektServiceImpl.getProjekty(106) - REQUEST -> GET /api/projekty?page=0&size=20&sort=
2025-06-12 17:31:57.836 [http-nio-8081-exec-49] INFO  c.project.service.ProjektServiceImpl.getProjekty(106) - REQUEST -> GET /api/projekty?page=0&size=20&sort=
2025-06-12 17:31:57.840 [http-nio-8081-exec-50] INFO  c.project.service.ProjektServiceImpl.getProjekty(106) - REQUEST -> GET /api/projekty?page=0&size=20&sort=
2025-06-12 17:31:57.843 [http-nio-8081-exec-51] INFO  c.project.service.ProjektServiceImpl.getProjekty(106) - REQUEST -> GET /api/projekty?page=0&size=20&sort=
2025-06-12 17:31:57.845 [http-nio-8081-exec-52] INFO  c.project.service.ProjektServiceImpl.getProjekty(106) - REQUEST -> GET /api/projekty?page=0&size=20&sort=
2025-06-12 17:31:57.849 [http-nio-8081-exec-53] INFO  c.project.service.ProjektServiceImpl.getProjekty(106) - REQUEST -> GET /api/projekty?page=0&size=20&sort=
2025-06-12 17:31:57.852 [http-nio-8081-exec-54] INFO  c.project.service.ProjektServiceImpl.getProjekty(106) - REQUEST -> GET /api/projekty?page=0&size=20&sort=
2025-06-12 17:31:57.856 [http-nio-8081-exec-55] INFO  c.project.service.ProjektServiceImpl.getProjekty(106) - REQUEST -> GET /api/projekty?page=0&size=20&sort=
2025-06-12 17:31:57.859 [http-nio-8081-exec-56] INFO  c.project.service.ProjektServiceImpl.getProjekty(106) - REQUEST -> GET /api/projekty?page=0&size=20&sort=
2025-06-12 17:31:57.862 [http-nio-8081-exec-57] INFO  c.project.service.ProjektServiceImpl.getProjekty(106) - REQUEST -> GET /api/projekty?page=0&size=20&sort=
2025-06-12 17:31:57.865 [http-nio-8081-exec-58] INFO  c.project.service.ProjektServiceImpl.getProjekty(106) - REQUEST -> GET /api/projekty?page=0&size=20&sort=
2025-06-12 17:31:57.868 [http-nio-8081-exec-59] INFO  c.project.service.ProjektServiceImpl.getProjekty(106) - REQUEST -> GET /api/projekty?page=0&size=20&sort=
2025-06-12 17:31:57.871 [http-nio-8081-exec-60] INFO  c.project.service.ProjektServiceImpl.getProjekty(106) - REQUEST -> GET /api/projekty?page=0&size=20&sort=
2025-06-12 17:31:57.873 [http-nio-8081-exec-61] INFO  c.project.service.ProjektServiceImpl.getProjekty(106) - REQUEST -> GET /api/projekty?page=0&size=20&sort=
2025-06-12 17:31:57.876 [http-nio-8081-exec-62] INFO  c.project.service.ProjektServiceImpl.getProjekty(106) - REQUEST -> GET /api/projekty?page=0&size=20&sort=
2025-06-12 17:31:57.879 [http-nio-8081-exec-63] INFO  c.project.service.ProjektServiceImpl.getProjekty(106) - REQUEST -> GET /api/projekty?page=0&size=20&sort=
2025-06-12 17:31:57.882 [http-nio-8081-exec-64] INFO  c.project.service.ProjektServiceImpl.getProjekty(106) - REQUEST -> GET /api/projekty?page=0&size=20&sort=
2025-06-12 17:31:57.885 [http-nio-8081-exec-65] INFO  c.project.service.ProjektServiceImpl.getProjekty(106) - REQUEST -> GET /api/projekty?page=0&size=20&sort=
2025-06-12 17:31:57.887 [http-nio-8081-exec-66] INFO  c.project.service.ProjektServiceImpl.getProjekty(106) - REQUEST -> GET /api/projekty?page=0&size=20&sort=
2025-06-12 17:31:57.888 [http-nio-8081-exec-67] INFO  c.project.service.ProjektServiceImpl.getProjekty(106) - REQUEST -> GET /api/projekty?page=0&size=20&sort=
2025-06-12 17:31:57.891 [http-nio-8081-exec-68] INFO  c.project.service.ProjektServiceImpl.getProjekty(106) - REQUEST -> GET /api/projekty?page=0&size=20&sort=
2025-06-12 17:31:57.892 [http-nio-8081-exec-69] INFO  c.project.service.ProjektServiceImpl.getProjekty(106) - REQUEST -> GET /api/projekty?page=0&size=20&sort=
2025-06-12 17:31:57.894 [http-nio-8081-exec-70] INFO  c.project.service.ProjektServiceImpl.getProjekty(106) - REQUEST -> GET /api/projekty?page=0&size=20&sort=
2025-06-12 17:31:57.896 [http-nio-8081-exec-71] INFO  c.project.service.ProjektServiceImpl.getProjekty(106) - REQUEST -> GET /api/projekty?page=0&size=20&sort=
2025-06-12 17:31:57.897 [http-nio-8081-exec-72] INFO  c.project.service.ProjektServiceImpl.getProjekty(106) - REQUEST -> GET /api/projekty?page=0&size=20&sort=
2025-06-12 17:31:57.900 [http-nio-8081-exec-73] INFO  c.project.service.ProjektServiceImpl.getProjekty(106) - REQUEST -> GET /api/projekty?page=0&size=20&sort=
2025-06-12 17:31:57.903 [http-nio-8081-exec-74] INFO  c.project.service.ProjektServiceImpl.getProjekty(106) - REQUEST -> GET /api/projekty?page=0&size=20&sort=
2025-06-12 17:31:57.905 [http-nio-8081-exec-75] INFO  c.project.service.ProjektServiceImpl.getProjekty(106) - REQUEST -> GET /api/projekty?page=0&size=20&sort=
2025-06-12 17:31:57.907 [http-nio-8081-exec-76] INFO  c.project.service.ProjektServiceImpl.getProjekty(106) - REQUEST -> GET /api/projekty?page=0&size=20&sort=
2025-06-12 17:31:57.910 [http-nio-8081-exec-77] INFO  c.project.service.ProjektServiceImpl.getProjekty(106) - REQUEST -> GET /api/projekty?page=0&size=20&sort=
2025-06-12 17:31:57.912 [http-nio-8081-exec-78] INFO  c.project.service.ProjektServiceImpl.getProjekty(106) - REQUEST -> GET /api/projekty?page=0&size=20&sort=
2025-06-12 17:31:57.915 [http-nio-8081-exec-79] INFO  c.project.service.ProjektServiceImpl.getProjekty(106) - REQUEST -> GET /api/projekty?page=0&size=20&sort=
2025-06-12 17:31:57.918 [http-nio-8081-exec-80] INFO  c.project.service.ProjektServiceImpl.getProjekty(106) - REQUEST -> GET /api/projekty?page=0&size=20&sort=
2025-06-12 17:31:57.920 [http-nio-8081-exec-81] INFO  c.project.service.ProjektServiceImpl.getProjekty(106) - REQUEST -> GET /api/projekty?page=0&size=20&sort=
2025-06-12 17:31:57.922 [http-nio-8081-exec-82] INFO  c.project.service.ProjektServiceImpl.getProjekty(106) - REQUEST -> GET /api/projekty?page=0&size=20&sort=
2025-06-12 17:31:57.925 [http-nio-8081-exec-83] INFO  c.project.service.ProjektServiceImpl.getProjekty(106) - REQUEST -> GET /api/projekty?page=0&size=20&sort=
2025-06-12 17:31:57.926 [http-nio-8081-exec-84] INFO  c.project.service.ProjektServiceImpl.getProjekty(106) - REQUEST -> GET /api/projekty?page=0&size=20&sort=
2025-06-12 17:31:57.930 [http-nio-8081-exec-85] INFO  c.project.service.ProjektServiceImpl.getProjekty(106) - REQUEST -> GET /api/projekty?page=0&size=20&sort=
2025-06-12 17:31:57.933 [http-nio-8081-exec-86] INFO  c.project.service.ProjektServiceImpl.getProjekty(106) - REQUEST -> GET /api/projekty?page=0&size=20&sort=
2025-06-12 17:31:57.936 [http-nio-8081-exec-87] INFO  c.project.service.ProjektServiceImpl.getProjekty(106) - REQUEST -> GET /api/projekty?page=0&size=20&sort=
2025-06-12 17:31:57.938 [http-nio-8081-exec-88] INFO  c.project.service.ProjektServiceImpl.getProjekty(106) - REQUEST -> GET /api/projekty?page=0&size=20&sort=
2025-06-12 17:31:57.941 [http-nio-8081-exec-89] INFO  c.project.service.ProjektServiceImpl.getProjekty(106) - REQUEST -> GET /api/projekty?page=0&size=20&sort=
2025-06-12 17:31:57.942 [http-nio-8081-exec-90] INFO  c.project.service.ProjektServiceImpl.getProjekty(106) - REQUEST -> GET /api/projekty?page=0&size=20&sort=
2025-06-12 17:31:57.945 [http-nio-8081-exec-91] INFO  c.project.service.ProjektServiceImpl.getProjekty(106) - REQUEST -> GET /api/projekty?page=0&size=20&sort=
2025-06-12 17:31:57.948 [http-nio-8081-exec-92] INFO  c.project.service.ProjektServiceImpl.getProjekty(106) - REQUEST -> GET /api/projekty?page=0&size=20&sort=
2025-06-12 17:31:57.951 [http-nio-8081-exec-93] INFO  c.project.service.ProjektServiceImpl.getProjekty(106) - REQUEST -> GET /api/projekty?page=0&size=20&sort=
2025-06-12 17:31:57.952 [http-nio-8081-exec-94] INFO  c.project.service.ProjektServiceImpl.getProjekty(106) - REQUEST -> GET /api/projekty?page=0&size=20&sort=
2025-06-12 17:31:57.953 [http-nio-8081-exec-95] INFO  c.project.service.ProjektServiceImpl.getProjekty(106) - REQUEST -> GET /api/projekty?page=0&size=20&sort=
2025-06-12 17:31:57.955 [http-nio-8081-exec-96] INFO  c.project.service.ProjektServiceImpl.getProjekty(106) - REQUEST -> GET /api/projekty?page=0&size=20&sort=
2025-06-12 17:31:57.957 [http-nio-8081-exec-97] INFO  c.project.service.ProjektServiceImpl.getProjekty(106) - REQUEST -> GET /api/projekty?page=0&size=20&sort=
2025-06-12 17:31:57.958 [http-nio-8081-exec-98] INFO  c.project.service.ProjektServiceImpl.getProjekty(106) - REQUEST -> GET /api/projekty?page=0&size=20&sort=
2025-06-12 17:31:57.962 [http-nio-8081-exec-99] INFO  c.project.service.ProjektServiceImpl.getProjekty(106) - REQUEST -> GET /api/projekty?page=0&size=20&sort=
2025-06-12 17:31:57.964 [http-nio-8081-exec-100] INFO  c.project.service.ProjektServiceImpl.getProjekty(106) - REQUEST -> GET /api/projekty?page=0&size=20&sort=
2025-06-12 17:31:57.965 [http-nio-8081-exec-101] INFO  c.project.service.ProjektServiceImpl.getProjekty(106) - REQUEST -> GET /api/projekty?page=0&size=20&sort=
2025-06-12 17:31:57.967 [http-nio-8081-exec-102] INFO  c.project.service.ProjektServiceImpl.getProjekty(106) - REQUEST -> GET /api/projekty?page=0&size=20&sort=
2025-06-12 17:31:57.969 [http-nio-8081-exec-103] INFO  c.project.service.ProjektServiceImpl.getProjekty(106) - REQUEST -> GET /api/projekty?page=0&size=20&sort=
2025-06-12 17:31:57.972 [http-nio-8081-exec-104] INFO  c.project.service.ProjektServiceImpl.getProjekty(106) - REQUEST -> GET /api/projekty?page=0&size=20&sort=
2025-06-12 17:31:57.974 [http-nio-8081-exec-105] INFO  c.project.service.ProjektServiceImpl.getProjekty(106) - REQUEST -> GET /api/projekty?page=0&size=20&sort=
2025-06-12 17:31:57.977 [http-nio-8081-exec-106] INFO  c.project.service.ProjektServiceImpl.getProjekty(106) - REQUEST -> GET /api/projekty?page=0&size=20&sort=
2025-06-12 17:31:57.980 [http-nio-8081-exec-107] INFO  c.project.service.ProjektServiceImpl.getProjekty(106) - REQUEST -> GET /api/projekty?page=0&size=20&sort=
2025-06-12 17:31:57.982 [http-nio-8081-exec-108] INFO  c.project.service.ProjektServiceImpl.getProjekty(106) - REQUEST -> GET /api/projekty?page=0&size=20&sort=
2025-06-12 17:31:57.985 [http-nio-8081-exec-109] INFO  c.project.service.ProjektServiceImpl.getProjekty(106) - REQUEST -> GET /api/projekty?page=0&size=20&sort=
2025-06-12 17:31:57.988 [http-nio-8081-exec-110] INFO  c.project.service.ProjektServiceImpl.getProjekty(106) - REQUEST -> GET /api/projekty?page=0&size=20&sort=
2025-06-12 17:31:57.991 [http-nio-8081-exec-111] INFO  c.project.service.ProjektServiceImpl.getProjekty(106) - REQUEST -> GET /api/projekty?page=0&size=20&sort=
2025-06-12 17:31:57.994 [http-nio-8081-exec-112] INFO  c.project.service.ProjektServiceImpl.getProjekty(106) - REQUEST -> GET /api/projekty?page=0&size=20&sort=
2025-06-12 17:31:57.996 [http-nio-8081-exec-113] INFO  c.project.service.ProjektServiceImpl.getProjekty(106) - REQUEST -> GET /api/projekty?page=0&size=20&sort=
2025-06-12 17:31:57.998 [http-nio-8081-exec-114] INFO  c.project.service.ProjektServiceImpl.getProjekty(106) - REQUEST -> GET /api/projekty?page=0&size=20&sort=
2025-06-12 17:31:58.000 [http-nio-8081-exec-115] INFO  c.project.service.ProjektServiceImpl.getProjekty(106) - REQUEST -> GET /api/projekty?page=0&size=20&sort=
2025-06-12 17:31:58.002 [http-nio-8081-exec-116] INFO  c.project.service.ProjektServiceImpl.getProjekty(106) - REQUEST -> GET /api/projekty?page=0&size=20&sort=
2025-06-12 17:31:58.004 [http-nio-8081-exec-117] INFO  c.project.service.ProjektServiceImpl.getProjekty(106) - REQUEST -> GET /api/projekty?page=0&size=20&sort=
2025-06-12 17:31:58.007 [http-nio-8081-exec-118] INFO  c.project.service.ProjektServiceImpl.getProjekty(106) - REQUEST -> GET /api/projekty?page=0&size=20&sort=
2025-06-12 17:31:58.010 [http-nio-8081-exec-119] INFO  c.project.service.ProjektServiceImpl.getProjekty(106) - REQUEST -> GET /api/projekty?page=0&size=20&sort=
2025-06-12 17:31:58.012 [http-nio-8081-exec-120] INFO  c.project.service.ProjektServiceImpl.getProjekty(106) - REQUEST -> GET /api/projekty?page=0&size=20&sort=
2025-06-12 17:31:58.015 [http-nio-8081-exec-121] INFO  c.project.service.ProjektServiceImpl.getProjekty(106) - REQUEST -> GET /api/projekty?page=0&size=20&sort=
2025-06-12 17:31:58.018 [http-nio-8081-exec-122] INFO  c.project.service.ProjektServiceImpl.getProjekty(106) - REQUEST -> GET /api/projekty?page=0&size=20&sort=
2025-06-12 17:31:58.020 [http-nio-8081-exec-123] INFO  c.project.service.ProjektServiceImpl.getProjekty(106) - REQUEST -> GET /api/projekty?page=0&size=20&sort=
2025-06-12 17:31:58.023 [http-nio-8081-exec-124] INFO  c.project.service.ProjektServiceImpl.getProjekty(106) - REQUEST -> GET /api/projekty?page=0&size=20&sort=
2025-06-12 17:31:58.026 [http-nio-8081-exec-125] INFO  c.project.service.ProjektServiceImpl.getProjekty(106) - REQUEST -> GET /api/projekty?page=0&size=20&sort=
2025-06-12 17:31:58.030 [http-nio-8081-exec-126] INFO  c.project.service.ProjektServiceImpl.getProjekty(106) - REQUEST -> GET /api/projekty?page=0&size=20&sort=
2025-06-12 17:31:58.033 [http-nio-8081-exec-127] INFO  c.project.service.ProjektServiceImpl.getProjekty(106) - REQUEST -> GET /api/projekty?page=0&size=20&sort=
2025-06-12 17:31:58.044 [http-nio-8081-exec-128] INFO  c.project.service.ProjektServiceImpl.getProjekty(106) - REQUEST -> GET /api/projekty?page=0&size=20&sort=
2025-06-12 17:31:58.050 [http-nio-8081-exec-129] INFO  c.project.service.ProjektServiceImpl.getProjekty(106) - REQUEST -> GET /api/projekty?page=0&size=20&sort=
2025-06-12 17:31:58.054 [http-nio-8081-exec-130] INFO  c.project.service.ProjektServiceImpl.getProjekty(106) - REQUEST -> GET /api/projekty?page=0&size=20&sort=
2025-06-12 17:31:58.056 [http-nio-8081-exec-131] INFO  c.project.service.ProjektServiceImpl.getProjekty(106) - REQUEST -> GET /api/projekty?page=0&size=20&sort=
2025-06-12 17:31:58.063 [http-nio-8081-exec-132] INFO  c.project.service.ProjektServiceImpl.getProjekty(106) - REQUEST -> GET /api/projekty?page=0&size=20&sort=
2025-06-12 17:31:58.068 [http-nio-8081-exec-133] INFO  c.project.service.ProjektServiceImpl.getProjekty(106) - REQUEST -> GET /api/projekty?page=0&size=20&sort=
2025-06-12 17:31:58.070 [http-nio-8081-exec-134] INFO  c.project.service.ProjektServiceImpl.getProjekty(106) - REQUEST -> GET /api/projekty?page=0&size=20&sort=
2025-06-12 17:31:58.073 [http-nio-8081-exec-135] INFO  c.project.service.ProjektServiceImpl.getProjekty(106) - REQUEST -> GET /api/projekty?page=0&size=20&sort=
2025-06-12 17:31:58.076 [http-nio-8081-exec-136] INFO  c.project.service.ProjektServiceImpl.getProjekty(106) - REQUEST -> GET /api/projekty?page=0&size=20&sort=
2025-06-12 17:31:58.079 [http-nio-8081-exec-137] INFO  c.project.service.ProjektServiceImpl.getProjekty(106) - REQUEST -> GET /api/projekty?page=0&size=20&sort=
2025-06-12 17:31:58.081 [http-nio-8081-exec-138] INFO  c.project.service.ProjektServiceImpl.getProjekty(106) - REQUEST -> GET /api/projekty?page=0&size=20&sort=
2025-06-12 17:31:58.084 [http-nio-8081-exec-139] INFO  c.project.service.ProjektServiceImpl.getProjekty(106) - REQUEST -> GET /api/projekty?page=0&size=20&sort=
2025-06-12 17:31:58.085 [http-nio-8081-exec-140] INFO  c.project.service.ProjektServiceImpl.getProjekty(106) - REQUEST -> GET /api/projekty?page=0&size=20&sort=
2025-06-12 17:31:58.088 [http-nio-8081-exec-141] INFO  c.project.service.ProjektServiceImpl.getProjekty(106) - REQUEST -> GET /api/projekty?page=0&size=20&sort=
2025-06-12 17:31:58.092 [http-nio-8081-exec-142] INFO  c.project.service.ProjektServiceImpl.getProjekty(106) - REQUEST -> GET /api/projekty?page=0&size=20&sort=
2025-06-12 17:31:58.095 [http-nio-8081-exec-143] INFO  c.project.service.ProjektServiceImpl.getProjekty(106) - REQUEST -> GET /api/projekty?page=0&size=20&sort=
2025-06-12 17:31:58.097 [http-nio-8081-exec-144] INFO  c.project.service.ProjektServiceImpl.getProjekty(106) - REQUEST -> GET /api/projekty?page=0&size=20&sort=
2025-06-12 17:31:58.100 [http-nio-8081-exec-145] INFO  c.project.service.ProjektServiceImpl.getProjekty(106) - REQUEST -> GET /api/projekty?page=0&size=20&sort=
2025-06-12 17:31:58.102 [http-nio-8081-exec-146] INFO  c.project.service.ProjektServiceImpl.getProjekty(106) - REQUEST -> GET /api/projekty?page=0&size=20&sort=
2025-06-12 17:31:58.104 [http-nio-8081-exec-147] INFO  c.project.service.ProjektServiceImpl.getProjekty(106) - REQUEST -> GET /api/projekty?page=0&size=20&sort=
2025-06-12 17:31:58.107 [http-nio-8081-exec-148] INFO  c.project.service.ProjektServiceImpl.getProjekty(106) - REQUEST -> GET /api/projekty?page=0&size=20&sort=
2025-06-12 17:31:58.109 [http-nio-8081-exec-149] INFO  c.project.service.ProjektServiceImpl.getProjekty(106) - REQUEST -> GET /api/projekty?page=0&size=20&sort=
2025-06-12 17:31:58.112 [http-nio-8081-exec-150] INFO  c.project.service.ProjektServiceImpl.getProjekty(106) - REQUEST -> GET /api/projekty?page=0&size=20&sort=
2025-06-12 17:31:58.115 [http-nio-8081-exec-151] INFO  c.project.service.ProjektServiceImpl.getProjekty(106) - REQUEST -> GET /api/projekty?page=0&size=20&sort=
2025-06-12 17:31:58.118 [http-nio-8081-exec-152] INFO  c.project.service.ProjektServiceImpl.getProjekty(106) - REQUEST -> GET /api/projekty?page=0&size=20&sort=
2025-06-12 17:31:58.121 [http-nio-8081-exec-153] INFO  c.project.service.ProjektServiceImpl.getProjekty(106) - REQUEST -> GET /api/projekty?page=0&size=20&sort=
2025-06-12 17:31:58.123 [http-nio-8081-exec-154] INFO  c.project.service.ProjektServiceImpl.getProjekty(106) - REQUEST -> GET /api/projekty?page=0&size=20&sort=
2025-06-12 17:31:58.126 [http-nio-8081-exec-155] INFO  c.project.service.ProjektServiceImpl.getProjekty(106) - REQUEST -> GET /api/projekty?page=0&size=20&sort=
2025-06-12 17:31:58.128 [http-nio-8081-exec-156] INFO  c.project.service.ProjektServiceImpl.getProjekty(106) - REQUEST -> GET /api/projekty?page=0&size=20&sort=
2025-06-12 17:31:58.131 [http-nio-8081-exec-157] INFO  c.project.service.ProjektServiceImpl.getProjekty(106) - REQUEST -> GET /api/projekty?page=0&size=20&sort=
2025-06-12 17:31:58.134 [http-nio-8081-exec-158] INFO  c.project.service.ProjektServiceImpl.getProjekty(106) - REQUEST -> GET /api/projekty?page=0&size=20&sort=
2025-06-12 17:31:58.136 [http-nio-8081-exec-159] INFO  c.project.service.ProjektServiceImpl.getProjekty(106) - REQUEST -> GET /api/projekty?page=0&size=20&sort=
2025-06-12 17:31:58.139 [http-nio-8081-exec-160] INFO  c.project.service.ProjektServiceImpl.getProjekty(106) - REQUEST -> GET /api/projekty?page=0&size=20&sort=
2025-06-12 17:31:58.141 [http-nio-8081-exec-161] INFO  c.project.service.ProjektServiceImpl.getProjekty(106) - REQUEST -> GET /api/projekty?page=0&size=20&sort=
2025-06-12 17:31:58.143 [http-nio-8081-exec-162] INFO  c.project.service.ProjektServiceImpl.getProjekty(106) - REQUEST -> GET /api/projekty?page=0&size=20&sort=
2025-06-12 17:31:58.146 [http-nio-8081-exec-163] INFO  c.project.service.ProjektServiceImpl.getProjekty(106) - REQUEST -> GET /api/projekty?page=0&size=20&sort=
2025-06-12 17:31:58.148 [http-nio-8081-exec-164] INFO  c.project.service.ProjektServiceImpl.getProjekty(106) - REQUEST -> GET /api/projekty?page=0&size=20&sort=
2025-06-12 17:31:58.151 [http-nio-8081-exec-165] INFO  c.project.service.ProjektServiceImpl.getProjekty(106) - REQUEST -> GET /api/projekty?page=0&size=20&sort=
2025-06-12 17:31:58.154 [http-nio-8081-exec-166] INFO  c.project.service.ProjektServiceImpl.getProjekty(106) - REQUEST -> GET /api/projekty?page=0&size=20&sort=
2025-06-12 17:31:58.156 [http-nio-8081-exec-167] INFO  c.project.service.ProjektServiceImpl.getProjekty(106) - REQUEST -> GET /api/projekty?page=0&size=20&sort=
2025-06-12 17:31:58.158 [http-nio-8081-exec-168] INFO  c.project.service.ProjektServiceImpl.getProjekty(106) - REQUEST -> GET /api/projekty?page=0&size=20&sort=
2025-06-12 17:31:58.161 [http-nio-8081-exec-169] INFO  c.project.service.ProjektServiceImpl.getProjekty(106) - REQUEST -> GET /api/projekty?page=0&size=20&sort=
2025-06-12 17:31:58.163 [http-nio-8081-exec-170] INFO  c.project.service.ProjektServiceImpl.getProjekty(106) - REQUEST -> GET /api/projekty?page=0&size=20&sort=
2025-06-12 17:31:58.167 [http-nio-8081-exec-171] INFO  c.project.service.ProjektServiceImpl.getProjekty(106) - REQUEST -> GET /api/projekty?page=0&size=20&sort=
2025-06-12 17:31:58.170 [http-nio-8081-exec-172] INFO  c.project.service.ProjektServiceImpl.getProjekty(106) - REQUEST -> GET /api/projekty?page=0&size=20&sort=
2025-06-12 17:31:58.172 [http-nio-8081-exec-173] INFO  c.project.service.ProjektServiceImpl.getProjekty(106) - REQUEST -> GET /api/projekty?page=0&size=20&sort=
2025-06-12 17:31:58.174 [http-nio-8081-exec-174] INFO  c.project.service.ProjektServiceImpl.getProjekty(106) - REQUEST -> GET /api/projekty?page=0&size=20&sort=
2025-06-12 17:31:58.177 [http-nio-8081-exec-175] INFO  c.project.service.ProjektServiceImpl.getProjekty(106) - REQUEST -> GET /api/projekty?page=0&size=20&sort=
2025-06-12 17:31:58.178 [http-nio-8081-exec-176] INFO  c.project.service.ProjektServiceImpl.getProjekty(106) - REQUEST -> GET /api/projekty?page=0&size=20&sort=
2025-06-12 17:31:58.182 [http-nio-8081-exec-177] INFO  c.project.service.ProjektServiceImpl.getProjekty(106) - REQUEST -> GET /api/projekty?page=0&size=20&sort=
2025-06-12 17:31:58.185 [http-nio-8081-exec-178] INFO  c.project.service.ProjektServiceImpl.getProjekty(106) - REQUEST -> GET /api/projekty?page=0&size=20&sort=
2025-06-12 17:31:58.187 [http-nio-8081-exec-179] INFO  c.project.service.ProjektServiceImpl.getProjekty(106) - REQUEST -> GET /api/projekty?page=0&size=20&sort=
2025-06-12 17:31:58.190 [http-nio-8081-exec-180] INFO  c.project.service.ProjektServiceImpl.getProjekty(106) - REQUEST -> GET /api/projekty?page=0&size=20&sort=
2025-06-12 17:31:58.193 [http-nio-8081-exec-181] INFO  c.project.service.ProjektServiceImpl.getProjekty(106) - REQUEST -> GET /api/projekty?page=0&size=20&sort=
2025-06-12 17:31:58.196 [http-nio-8081-exec-182] INFO  c.project.service.ProjektServiceImpl.getProjekty(106) - REQUEST -> GET /api/projekty?page=0&size=20&sort=
2025-06-12 17:31:58.199 [http-nio-8081-exec-183] INFO  c.project.service.ProjektServiceImpl.getProjekty(106) - REQUEST -> GET /api/projekty?page=0&size=20&sort=
2025-06-12 17:31:58.202 [http-nio-8081-exec-184] INFO  c.project.service.ProjektServiceImpl.getProjekty(106) - REQUEST -> GET /api/projekty?page=0&size=20&sort=
2025-06-12 17:31:58.206 [http-nio-8081-exec-185] INFO  c.project.service.ProjektServiceImpl.getProjekty(106) - REQUEST -> GET /api/projekty?page=0&size=20&sort=
2025-06-12 17:31:58.208 [http-nio-8081-exec-186] INFO  c.project.service.ProjektServiceImpl.getProjekty(106) - REQUEST -> GET /api/projekty?page=0&size=20&sort=
2025-06-12 17:31:58.211 [http-nio-8081-exec-187] INFO  c.project.service.ProjektServiceImpl.getProjekty(106) - REQUEST -> GET /api/projekty?page=0&size=20&sort=
2025-06-12 17:31:58.213 [http-nio-8081-exec-188] INFO  c.project.service.ProjektServiceImpl.getProjekty(106) - REQUEST -> GET /api/projekty?page=0&size=20&sort=
2025-06-12 17:31:58.216 [http-nio-8081-exec-189] INFO  c.project.service.ProjektServiceImpl.getProjekty(106) - REQUEST -> GET /api/projekty?page=0&size=20&sort=
2025-06-12 17:31:58.218 [http-nio-8081-exec-190] INFO  c.project.service.ProjektServiceImpl.getProjekty(106) - REQUEST -> GET /api/projekty?page=0&size=20&sort=
2025-06-12 17:31:58.222 [http-nio-8081-exec-191] INFO  c.project.service.ProjektServiceImpl.getProjekty(106) - REQUEST -> GET /api/projekty?page=0&size=20&sort=
2025-06-12 17:31:58.225 [http-nio-8081-exec-192] INFO  c.project.service.ProjektServiceImpl.getProjekty(106) - REQUEST -> GET /api/projekty?page=0&size=20&sort=
2025-06-12 17:31:58.227 [http-nio-8081-exec-193] INFO  c.project.service.ProjektServiceImpl.getProjekty(106) - REQUEST -> GET /api/projekty?page=0&size=20&sort=
2025-06-12 17:31:58.229 [http-nio-8081-exec-194] INFO  c.project.service.ProjektServiceImpl.getProjekty(106) - REQUEST -> GET /api/projekty?page=0&size=20&sort=
2025-06-12 17:31:58.233 [http-nio-8081-exec-195] INFO  c.project.service.ProjektServiceImpl.getProjekty(106) - REQUEST -> GET /api/projekty?page=0&size=20&sort=
2025-06-12 17:31:58.235 [http-nio-8081-exec-196] INFO  c.project.service.ProjektServiceImpl.getProjekty(106) - REQUEST -> GET /api/projekty?page=0&size=20&sort=
2025-06-12 17:31:58.238 [http-nio-8081-exec-197] INFO  c.project.service.ProjektServiceImpl.getProjekty(106) - REQUEST -> GET /api/projekty?page=0&size=20&sort=
2025-06-12 17:31:58.241 [http-nio-8081-exec-198] INFO  c.project.service.ProjektServiceImpl.getProjekty(106) - REQUEST -> GET /api/projekty?page=0&size=20&sort=
2025-06-12 17:31:58.243 [http-nio-8081-exec-199] INFO  c.project.service.ProjektServiceImpl.getProjekty(106) - REQUEST -> GET /api/projekty?page=0&size=20&sort=
2025-06-12 17:31:58.245 [http-nio-8081-exec-200] INFO  c.project.service.ProjektServiceImpl.getProjekty(106) - REQUEST -> GET /api/projekty?page=0&size=20&sort=
2025-06-12 17:34:03.097 [restartedMain] INFO  c.project.ProjectRestApiApplication.logStarting(53) - Starting ProjectRestApiApplication using Java 23.0.2 with PID 5712 (C:\Users\miche\Downloads\project-rest-api\build\classes\java\main started by miche in C:\Users\miche\Downloads\project-rest-api)
2025-06-12 17:34:03.098 [restartedMain] INFO  c.project.ProjectRestApiApplication.logStartupProfileInfo(652) - No active profile set, falling back to 1 default profile: "default"
2025-06-12 17:34:07.960 [restartedMain] INFO  c.project.ProjectRestApiApplication.logStarted(59) - Started ProjectRestApiApplication in 5.279 seconds (process running for 5.803)
2025-06-12 17:34:17.377 [http-nio-8081-exec-4] INFO  c.project.service.ProjektServiceImpl.getProjekty(106) - REQUEST -> GET /api/projekty?page=0&size=20&sort=
2025-06-12 17:34:17.429 [http-nio-8081-exec-5] INFO  c.project.service.ProjektServiceImpl.getProjekty(106) - REQUEST -> GET /api/projekty?page=0&size=20&sort=
2025-06-12 17:34:17.433 [http-nio-8081-exec-6] INFO  c.project.service.ProjektServiceImpl.getProjekty(106) - REQUEST -> GET /api/projekty?page=0&size=20&sort=
2025-06-12 17:34:17.436 [http-nio-8081-exec-7] INFO  c.project.service.ProjektServiceImpl.getProjekty(106) - REQUEST -> GET /api/projekty?page=0&size=20&sort=
2025-06-12 17:34:17.438 [http-nio-8081-exec-8] INFO  c.project.service.ProjektServiceImpl.getProjekty(106) - REQUEST -> GET /api/projekty?page=0&size=20&sort=
2025-06-12 17:34:17.442 [http-nio-8081-exec-9] INFO  c.project.service.ProjektServiceImpl.getProjekty(106) - REQUEST -> GET /api/projekty?page=0&size=20&sort=
2025-06-12 17:34:17.445 [http-nio-8081-exec-10] INFO  c.project.service.ProjektServiceImpl.getProjekty(106) - REQUEST -> GET /api/projekty?page=0&size=20&sort=
2025-06-12 17:34:17.449 [http-nio-8081-exec-1] INFO  c.project.service.ProjektServiceImpl.getProjekty(106) - REQUEST -> GET /api/projekty?page=0&size=20&sort=
2025-06-12 17:34:17.452 [http-nio-8081-exec-2] INFO  c.project.service.ProjektServiceImpl.getProjekty(106) - REQUEST -> GET /api/projekty?page=0&size=20&sort=
2025-06-12 17:34:17.455 [http-nio-8081-exec-3] INFO  c.project.service.ProjektServiceImpl.getProjekty(106) - REQUEST -> GET /api/projekty?page=0&size=20&sort=
2025-06-12 17:34:17.458 [http-nio-8081-exec-11] INFO  c.project.service.ProjektServiceImpl.getProjekty(106) - REQUEST -> GET /api/projekty?page=0&size=20&sort=
2025-06-12 17:34:17.462 [http-nio-8081-exec-12] INFO  c.project.service.ProjektServiceImpl.getProjekty(106) - REQUEST -> GET /api/projekty?page=0&size=20&sort=
2025-06-12 17:34:17.466 [http-nio-8081-exec-13] INFO  c.project.service.ProjektServiceImpl.getProjekty(106) - REQUEST -> GET /api/projekty?page=0&size=20&sort=
2025-06-12 17:34:17.469 [http-nio-8081-exec-14] INFO  c.project.service.ProjektServiceImpl.getProjekty(106) - REQUEST -> GET /api/projekty?page=0&size=20&sort=
2025-06-12 17:34:17.473 [http-nio-8081-exec-15] INFO  c.project.service.ProjektServiceImpl.getProjekty(106) - REQUEST -> GET /api/projekty?page=0&size=20&sort=
2025-06-12 17:34:17.476 [http-nio-8081-exec-16] INFO  c.project.service.ProjektServiceImpl.getProjekty(106) - REQUEST -> GET /api/projekty?page=0&size=20&sort=
2025-06-12 17:34:17.480 [http-nio-8081-exec-17] INFO  c.project.service.ProjektServiceImpl.getProjekty(106) - REQUEST -> GET /api/projekty?page=0&size=20&sort=
2025-06-12 17:34:17.483 [http-nio-8081-exec-18] INFO  c.project.service.ProjektServiceImpl.getProjekty(106) - REQUEST -> GET /api/projekty?page=0&size=20&sort=
2025-06-12 17:34:17.487 [http-nio-8081-exec-19] INFO  c.project.service.ProjektServiceImpl.getProjekty(106) - REQUEST -> GET /api/projekty?page=0&size=20&sort=
2025-06-12 17:34:17.490 [http-nio-8081-exec-20] INFO  c.project.service.ProjektServiceImpl.getProjekty(106) - REQUEST -> GET /api/projekty?page=0&size=20&sort=
2025-06-12 17:34:17.494 [http-nio-8081-exec-21] INFO  c.project.service.ProjektServiceImpl.getProjekty(106) - REQUEST -> GET /api/projekty?page=0&size=20&sort=
2025-06-12 17:34:17.498 [http-nio-8081-exec-22] INFO  c.project.service.ProjektServiceImpl.getProjekty(106) - REQUEST -> GET /api/projekty?page=0&size=20&sort=
2025-06-12 17:34:17.501 [http-nio-8081-exec-23] INFO  c.project.service.ProjektServiceImpl.getProjekty(106) - REQUEST -> GET /api/projekty?page=0&size=20&sort=
2025-06-12 17:34:17.506 [http-nio-8081-exec-24] INFO  c.project.service.ProjektServiceImpl.getProjekty(106) - REQUEST -> GET /api/projekty?page=0&size=20&sort=
2025-06-12 17:34:17.509 [http-nio-8081-exec-25] INFO  c.project.service.ProjektServiceImpl.getProjekty(106) - REQUEST -> GET /api/projekty?page=0&size=20&sort=
2025-06-12 17:34:17.512 [http-nio-8081-exec-26] INFO  c.project.service.ProjektServiceImpl.getProjekty(106) - REQUEST -> GET /api/projekty?page=0&size=20&sort=
2025-06-12 17:34:17.515 [http-nio-8081-exec-27] INFO  c.project.service.ProjektServiceImpl.getProjekty(106) - REQUEST -> GET /api/projekty?page=0&size=20&sort=
2025-06-12 17:34:17.519 [http-nio-8081-exec-28] INFO  c.project.service.ProjektServiceImpl.getProjekty(106) - REQUEST -> GET /api/projekty?page=0&size=20&sort=
2025-06-12 17:34:17.522 [http-nio-8081-exec-29] INFO  c.project.service.ProjektServiceImpl.getProjekty(106) - REQUEST -> GET /api/projekty?page=0&size=20&sort=
2025-06-12 17:34:17.526 [http-nio-8081-exec-30] INFO  c.project.service.ProjektServiceImpl.getProjekty(106) - REQUEST -> GET /api/projekty?page=0&size=20&sort=
2025-06-12 17:34:17.530 [http-nio-8081-exec-31] INFO  c.project.service.ProjektServiceImpl.getProjekty(106) - REQUEST -> GET /api/projekty?page=0&size=20&sort=
2025-06-12 17:34:17.534 [http-nio-8081-exec-32] INFO  c.project.service.ProjektServiceImpl.getProjekty(106) - REQUEST -> GET /api/projekty?page=0&size=20&sort=
2025-06-12 17:34:17.538 [http-nio-8081-exec-33] INFO  c.project.service.ProjektServiceImpl.getProjekty(106) - REQUEST -> GET /api/projekty?page=0&size=20&sort=
2025-06-12 17:34:17.541 [http-nio-8081-exec-34] INFO  c.project.service.ProjektServiceImpl.getProjekty(106) - REQUEST -> GET /api/projekty?page=0&size=20&sort=
2025-06-12 17:34:17.544 [http-nio-8081-exec-35] INFO  c.project.service.ProjektServiceImpl.getProjekty(106) - REQUEST -> GET /api/projekty?page=0&size=20&sort=
2025-06-12 17:34:17.547 [http-nio-8081-exec-36] INFO  c.project.service.ProjektServiceImpl.getProjekty(106) - REQUEST -> GET /api/projekty?page=0&size=20&sort=
2025-06-12 17:34:17.551 [http-nio-8081-exec-37] INFO  c.project.service.ProjektServiceImpl.getProjekty(106) - REQUEST -> GET /api/projekty?page=0&size=20&sort=
2025-06-12 17:34:17.554 [http-nio-8081-exec-38] INFO  c.project.service.ProjektServiceImpl.getProjekty(106) - REQUEST -> GET /api/projekty?page=0&size=20&sort=
2025-06-12 17:34:17.558 [http-nio-8081-exec-39] INFO  c.project.service.ProjektServiceImpl.getProjekty(106) - REQUEST -> GET /api/projekty?page=0&size=20&sort=
2025-06-12 17:34:17.561 [http-nio-8081-exec-40] INFO  c.project.service.ProjektServiceImpl.getProjekty(106) - REQUEST -> GET /api/projekty?page=0&size=20&sort=
2025-06-12 17:34:17.564 [http-nio-8081-exec-41] INFO  c.project.service.ProjektServiceImpl.getProjekty(106) - REQUEST -> GET /api/projekty?page=0&size=20&sort=
2025-06-12 17:34:17.567 [http-nio-8081-exec-42] INFO  c.project.service.ProjektServiceImpl.getProjekty(106) - REQUEST -> GET /api/projekty?page=0&size=20&sort=
2025-06-12 17:34:17.571 [http-nio-8081-exec-43] INFO  c.project.service.ProjektServiceImpl.getProjekty(106) - REQUEST -> GET /api/projekty?page=0&size=20&sort=
2025-06-12 17:34:17.573 [http-nio-8081-exec-44] INFO  c.project.service.ProjektServiceImpl.getProjekty(106) - REQUEST -> GET /api/projekty?page=0&size=20&sort=
2025-06-12 17:34:17.577 [http-nio-8081-exec-45] INFO  c.project.service.ProjektServiceImpl.getProjekty(106) - REQUEST -> GET /api/projekty?page=0&size=20&sort=
2025-06-12 17:34:17.580 [http-nio-8081-exec-46] INFO  c.project.service.ProjektServiceImpl.getProjekty(106) - REQUEST -> GET /api/projekty?page=0&size=20&sort=
2025-06-12 17:34:17.583 [http-nio-8081-exec-47] INFO  c.project.service.ProjektServiceImpl.getProjekty(106) - REQUEST -> GET /api/projekty?page=0&size=20&sort=
2025-06-12 17:34:17.586 [http-nio-8081-exec-48] INFO  c.project.service.ProjektServiceImpl.getProjekty(106) - REQUEST -> GET /api/projekty?page=0&size=20&sort=
2025-06-12 17:34:17.591 [http-nio-8081-exec-49] INFO  c.project.service.ProjektServiceImpl.getProjekty(106) - REQUEST -> GET /api/projekty?page=0&size=20&sort=
2025-06-12 17:34:17.594 [http-nio-8081-exec-50] INFO  c.project.service.ProjektServiceImpl.getProjekty(106) - REQUEST -> GET /api/projekty?page=0&size=20&sort=
2025-06-12 17:34:17.599 [http-nio-8081-exec-51] INFO  c.project.service.ProjektServiceImpl.getProjekty(106) - REQUEST -> GET /api/projekty?page=0&size=20&sort=
2025-06-12 17:34:17.602 [http-nio-8081-exec-52] INFO  c.project.service.ProjektServiceImpl.getProjekty(106) - REQUEST -> GET /api/projekty?page=0&size=20&sort=
2025-06-12 17:34:17.606 [http-nio-8081-exec-53] INFO  c.project.service.ProjektServiceImpl.getProjekty(106) - REQUEST -> GET /api/projekty?page=0&size=20&sort=
2025-06-12 17:34:17.611 [http-nio-8081-exec-54] INFO  c.project.service.ProjektServiceImpl.getProjekty(106) - REQUEST -> GET /api/projekty?page=0&size=20&sort=
2025-06-12 17:34:17.614 [http-nio-8081-exec-55] INFO  c.project.service.ProjektServiceImpl.getProjekty(106) - REQUEST -> GET /api/projekty?page=0&size=20&sort=
2025-06-12 17:34:17.618 [http-nio-8081-exec-56] INFO  c.project.service.ProjektServiceImpl.getProjekty(106) - REQUEST -> GET /api/projekty?page=0&size=20&sort=
2025-06-12 17:34:17.621 [http-nio-8081-exec-57] INFO  c.project.service.ProjektServiceImpl.getProjekty(106) - REQUEST -> GET /api/projekty?page=0&size=20&sort=
2025-06-12 17:34:17.625 [http-nio-8081-exec-58] INFO  c.project.service.ProjektServiceImpl.getProjekty(106) - REQUEST -> GET /api/projekty?page=0&size=20&sort=
2025-06-12 17:34:17.629 [http-nio-8081-exec-59] INFO  c.project.service.ProjektServiceImpl.getProjekty(106) - REQUEST -> GET /api/projekty?page=0&size=20&sort=
2025-06-12 17:34:17.633 [http-nio-8081-exec-60] INFO  c.project.service.ProjektServiceImpl.getProjekty(106) - REQUEST -> GET /api/projekty?page=0&size=20&sort=
2025-06-12 17:34:17.637 [http-nio-8081-exec-61] INFO  c.project.service.ProjektServiceImpl.getProjekty(106) - REQUEST -> GET /api/projekty?page=0&size=20&sort=
2025-06-12 17:34:17.641 [http-nio-8081-exec-62] INFO  c.project.service.ProjektServiceImpl.getProjekty(106) - REQUEST -> GET /api/projekty?page=0&size=20&sort=
2025-06-12 17:34:17.644 [http-nio-8081-exec-63] INFO  c.project.service.ProjektServiceImpl.getProjekty(106) - REQUEST -> GET /api/projekty?page=0&size=20&sort=
2025-06-12 17:34:17.647 [http-nio-8081-exec-64] INFO  c.project.service.ProjektServiceImpl.getProjekty(106) - REQUEST -> GET /api/projekty?page=0&size=20&sort=
2025-06-12 17:34:17.651 [http-nio-8081-exec-65] INFO  c.project.service.ProjektServiceImpl.getProjekty(106) - REQUEST -> GET /api/projekty?page=0&size=20&sort=
2025-06-12 17:34:17.655 [http-nio-8081-exec-66] INFO  c.project.service.ProjektServiceImpl.getProjekty(106) - REQUEST -> GET /api/projekty?page=0&size=20&sort=
2025-06-12 17:34:17.658 [http-nio-8081-exec-67] INFO  c.project.service.ProjektServiceImpl.getProjekty(106) - REQUEST -> GET /api/projekty?page=0&size=20&sort=
2025-06-12 17:34:17.662 [http-nio-8081-exec-68] INFO  c.project.service.ProjektServiceImpl.getProjekty(106) - REQUEST -> GET /api/projekty?page=0&size=20&sort=
2025-06-12 17:34:17.666 [http-nio-8081-exec-69] INFO  c.project.service.ProjektServiceImpl.getProjekty(106) - REQUEST -> GET /api/projekty?page=0&size=20&sort=
2025-06-12 17:34:17.669 [http-nio-8081-exec-70] INFO  c.project.service.ProjektServiceImpl.getProjekty(106) - REQUEST -> GET /api/projekty?page=0&size=20&sort=
2025-06-12 17:34:17.672 [http-nio-8081-exec-71] INFO  c.project.service.ProjektServiceImpl.getProjekty(106) - REQUEST -> GET /api/projekty?page=0&size=20&sort=
2025-06-12 17:34:17.675 [http-nio-8081-exec-72] INFO  c.project.service.ProjektServiceImpl.getProjekty(106) - REQUEST -> GET /api/projekty?page=0&size=20&sort=
2025-06-12 17:34:17.679 [http-nio-8081-exec-73] INFO  c.project.service.ProjektServiceImpl.getProjekty(106) - REQUEST -> GET /api/projekty?page=0&size=20&sort=
2025-06-12 17:34:17.681 [http-nio-8081-exec-74] INFO  c.project.service.ProjektServiceImpl.getProjekty(106) - REQUEST -> GET /api/projekty?page=0&size=20&sort=
2025-06-12 17:34:17.684 [http-nio-8081-exec-75] INFO  c.project.service.ProjektServiceImpl.getProjekty(106) - REQUEST -> GET /api/projekty?page=0&size=20&sort=
2025-06-12 17:34:17.687 [http-nio-8081-exec-76] INFO  c.project.service.ProjektServiceImpl.getProjekty(106) - REQUEST -> GET /api/projekty?page=0&size=20&sort=
2025-06-12 17:34:17.690 [http-nio-8081-exec-77] INFO  c.project.service.ProjektServiceImpl.getProjekty(106) - REQUEST -> GET /api/projekty?page=0&size=20&sort=
2025-06-12 17:34:17.693 [http-nio-8081-exec-78] INFO  c.project.service.ProjektServiceImpl.getProjekty(106) - REQUEST -> GET /api/projekty?page=0&size=20&sort=
2025-06-12 17:34:17.697 [http-nio-8081-exec-79] INFO  c.project.service.ProjektServiceImpl.getProjekty(106) - REQUEST -> GET /api/projekty?page=0&size=20&sort=
2025-06-12 17:34:17.700 [http-nio-8081-exec-80] INFO  c.project.service.ProjektServiceImpl.getProjekty(106) - REQUEST -> GET /api/projekty?page=0&size=20&sort=
2025-06-12 17:34:17.703 [http-nio-8081-exec-81] INFO  c.project.service.ProjektServiceImpl.getProjekty(106) - REQUEST -> GET /api/projekty?page=0&size=20&sort=
2025-06-12 17:34:17.706 [http-nio-8081-exec-82] INFO  c.project.service.ProjektServiceImpl.getProjekty(106) - REQUEST -> GET /api/projekty?page=0&size=20&sort=
2025-06-12 17:34:17.710 [http-nio-8081-exec-83] INFO  c.project.service.ProjektServiceImpl.getProjekty(106) - REQUEST -> GET /api/projekty?page=0&size=20&sort=
2025-06-12 17:34:17.714 [http-nio-8081-exec-84] INFO  c.project.service.ProjektServiceImpl.getProjekty(106) - REQUEST -> GET /api/projekty?page=0&size=20&sort=
2025-06-12 17:34:17.717 [http-nio-8081-exec-85] INFO  c.project.service.ProjektServiceImpl.getProjekty(106) - REQUEST -> GET /api/projekty?page=0&size=20&sort=
2025-06-12 17:34:17.720 [http-nio-8081-exec-86] INFO  c.project.service.ProjektServiceImpl.getProjekty(106) - REQUEST -> GET /api/projekty?page=0&size=20&sort=
2025-06-12 17:34:17.723 [http-nio-8081-exec-87] INFO  c.project.service.ProjektServiceImpl.getProjekty(106) - REQUEST -> GET /api/projekty?page=0&size=20&sort=
2025-06-12 17:34:17.727 [http-nio-8081-exec-88] INFO  c.project.service.ProjektServiceImpl.getProjekty(106) - REQUEST -> GET /api/projekty?page=0&size=20&sort=
2025-06-12 17:34:17.730 [http-nio-8081-exec-89] INFO  c.project.service.ProjektServiceImpl.getProjekty(106) - REQUEST -> GET /api/projekty?page=0&size=20&sort=
2025-06-12 17:34:17.733 [http-nio-8081-exec-90] INFO  c.project.service.ProjektServiceImpl.getProjekty(106) - REQUEST -> GET /api/projekty?page=0&size=20&sort=
2025-06-12 17:34:17.735 [http-nio-8081-exec-91] INFO  c.project.service.ProjektServiceImpl.getProjekty(106) - REQUEST -> GET /api/projekty?page=0&size=20&sort=
2025-06-12 17:34:17.739 [http-nio-8081-exec-92] INFO  c.project.service.ProjektServiceImpl.getProjekty(106) - REQUEST -> GET /api/projekty?page=0&size=20&sort=
2025-06-12 17:34:17.741 [http-nio-8081-exec-93] INFO  c.project.service.ProjektServiceImpl.getProjekty(106) - REQUEST -> GET /api/projekty?page=0&size=20&sort=
2025-06-12 17:34:17.743 [http-nio-8081-exec-94] INFO  c.project.service.ProjektServiceImpl.getProjekty(106) - REQUEST -> GET /api/projekty?page=0&size=20&sort=
2025-06-12 17:34:17.746 [http-nio-8081-exec-95] INFO  c.project.service.ProjektServiceImpl.getProjekty(106) - REQUEST -> GET /api/projekty?page=0&size=20&sort=
2025-06-12 17:34:17.748 [http-nio-8081-exec-96] INFO  c.project.service.ProjektServiceImpl.getProjekty(106) - REQUEST -> GET /api/projekty?page=0&size=20&sort=
2025-06-12 17:34:17.750 [http-nio-8081-exec-97] INFO  c.project.service.ProjektServiceImpl.getProjekty(106) - REQUEST -> GET /api/projekty?page=0&size=20&sort=
2025-06-12 17:34:17.752 [http-nio-8081-exec-98] INFO  c.project.service.ProjektServiceImpl.getProjekty(106) - REQUEST -> GET /api/projekty?page=0&size=20&sort=
2025-06-12 17:34:17.755 [http-nio-8081-exec-99] INFO  c.project.service.ProjektServiceImpl.getProjekty(106) - REQUEST -> GET /api/projekty?page=0&size=20&sort=
2025-06-12 17:34:17.758 [http-nio-8081-exec-100] INFO  c.project.service.ProjektServiceImpl.getProjekty(106) - REQUEST -> GET /api/projekty?page=0&size=20&sort=
2025-06-12 17:34:17.762 [http-nio-8081-exec-101] INFO  c.project.service.ProjektServiceImpl.getProjekty(106) - REQUEST -> GET /api/projekty?page=0&size=20&sort=
2025-06-12 17:34:17.765 [http-nio-8081-exec-102] INFO  c.project.service.ProjektServiceImpl.getProjekty(106) - REQUEST -> GET /api/projekty?page=0&size=20&sort=
2025-06-12 17:34:17.767 [http-nio-8081-exec-103] INFO  c.project.service.ProjektServiceImpl.getProjekty(106) - REQUEST -> GET /api/projekty?page=0&size=20&sort=
2025-06-12 17:34:17.770 [http-nio-8081-exec-104] INFO  c.project.service.ProjektServiceImpl.getProjekty(106) - REQUEST -> GET /api/projekty?page=0&size=20&sort=
2025-06-12 17:34:17.773 [http-nio-8081-exec-105] INFO  c.project.service.ProjektServiceImpl.getProjekty(106) - REQUEST -> GET /api/projekty?page=0&size=20&sort=
2025-06-12 17:34:17.775 [http-nio-8081-exec-106] INFO  c.project.service.ProjektServiceImpl.getProjekty(106) - REQUEST -> GET /api/projekty?page=0&size=20&sort=
2025-06-12 17:34:17.778 [http-nio-8081-exec-107] INFO  c.project.service.ProjektServiceImpl.getProjekty(106) - REQUEST -> GET /api/projekty?page=0&size=20&sort=
2025-06-12 17:34:17.780 [http-nio-8081-exec-108] INFO  c.project.service.ProjektServiceImpl.getProjekty(106) - REQUEST -> GET /api/projekty?page=0&size=20&sort=
2025-06-12 17:34:17.784 [http-nio-8081-exec-109] INFO  c.project.service.ProjektServiceImpl.getProjekty(106) - REQUEST -> GET /api/projekty?page=0&size=20&sort=
2025-06-12 17:34:17.787 [http-nio-8081-exec-110] INFO  c.project.service.ProjektServiceImpl.getProjekty(106) - REQUEST -> GET /api/projekty?page=0&size=20&sort=
2025-06-12 17:34:17.790 [http-nio-8081-exec-111] INFO  c.project.service.ProjektServiceImpl.getProjekty(106) - REQUEST -> GET /api/projekty?page=0&size=20&sort=
2025-06-12 17:34:17.793 [http-nio-8081-exec-112] INFO  c.project.service.ProjektServiceImpl.getProjekty(106) - REQUEST -> GET /api/projekty?page=0&size=20&sort=
2025-06-12 17:34:17.796 [http-nio-8081-exec-113] INFO  c.project.service.ProjektServiceImpl.getProjekty(106) - REQUEST -> GET /api/projekty?page=0&size=20&sort=
2025-06-12 17:34:17.799 [http-nio-8081-exec-114] INFO  c.project.service.ProjektServiceImpl.getProjekty(106) - REQUEST -> GET /api/projekty?page=0&size=20&sort=
2025-06-12 17:34:17.802 [http-nio-8081-exec-115] INFO  c.project.service.ProjektServiceImpl.getProjekty(106) - REQUEST -> GET /api/projekty?page=0&size=20&sort=
2025-06-12 17:34:17.805 [http-nio-8081-exec-116] INFO  c.project.service.ProjektServiceImpl.getProjekty(106) - REQUEST -> GET /api/projekty?page=0&size=20&sort=
2025-06-12 17:34:17.808 [http-nio-8081-exec-117] INFO  c.project.service.ProjektServiceImpl.getProjekty(106) - REQUEST -> GET /api/projekty?page=0&size=20&sort=
2025-06-12 17:34:17.811 [http-nio-8081-exec-118] INFO  c.project.service.ProjektServiceImpl.getProjekty(106) - REQUEST -> GET /api/projekty?page=0&size=20&sort=
2025-06-12 17:34:17.815 [http-nio-8081-exec-119] INFO  c.project.service.ProjektServiceImpl.getProjekty(106) - REQUEST -> GET /api/projekty?page=0&size=20&sort=
2025-06-12 17:34:17.818 [http-nio-8081-exec-120] INFO  c.project.service.ProjektServiceImpl.getProjekty(106) - REQUEST -> GET /api/projekty?page=0&size=20&sort=
2025-06-12 17:34:17.822 [http-nio-8081-exec-121] INFO  c.project.service.ProjektServiceImpl.getProjekty(106) - REQUEST -> GET /api/projekty?page=0&size=20&sort=
2025-06-12 17:34:17.825 [http-nio-8081-exec-122] INFO  c.project.service.ProjektServiceImpl.getProjekty(106) - REQUEST -> GET /api/projekty?page=0&size=20&sort=
2025-06-12 17:34:17.830 [http-nio-8081-exec-123] INFO  c.project.service.ProjektServiceImpl.getProjekty(106) - REQUEST -> GET /api/projekty?page=0&size=20&sort=
2025-06-12 17:34:17.833 [http-nio-8081-exec-124] INFO  c.project.service.ProjektServiceImpl.getProjekty(106) - REQUEST -> GET /api/projekty?page=0&size=20&sort=
2025-06-12 17:34:17.837 [http-nio-8081-exec-125] INFO  c.project.service.ProjektServiceImpl.getProjekty(106) - REQUEST -> GET /api/projekty?page=0&size=20&sort=
2025-06-12 17:34:17.841 [http-nio-8081-exec-126] INFO  c.project.service.ProjektServiceImpl.getProjekty(106) - REQUEST -> GET /api/projekty?page=0&size=20&sort=
2025-06-12 17:34:17.844 [http-nio-8081-exec-127] INFO  c.project.service.ProjektServiceImpl.getProjekty(106) - REQUEST -> GET /api/projekty?page=0&size=20&sort=
2025-06-12 17:34:17.849 [http-nio-8081-exec-128] INFO  c.project.service.ProjektServiceImpl.getProjekty(106) - REQUEST -> GET /api/projekty?page=0&size=20&sort=
2025-06-12 17:34:17.854 [http-nio-8081-exec-129] INFO  c.project.service.ProjektServiceImpl.getProjekty(106) - REQUEST -> GET /api/projekty?page=0&size=20&sort=
2025-06-12 17:34:17.857 [http-nio-8081-exec-130] INFO  c.project.service.ProjektServiceImpl.getProjekty(106) - REQUEST -> GET /api/projekty?page=0&size=20&sort=
2025-06-12 17:34:17.860 [http-nio-8081-exec-131] INFO  c.project.service.ProjektServiceImpl.getProjekty(106) - REQUEST -> GET /api/projekty?page=0&size=20&sort=
2025-06-12 17:34:17.863 [http-nio-8081-exec-132] INFO  c.project.service.ProjektServiceImpl.getProjekty(106) - REQUEST -> GET /api/projekty?page=0&size=20&sort=
2025-06-12 17:34:17.866 [http-nio-8081-exec-133] INFO  c.project.service.ProjektServiceImpl.getProjekty(106) - REQUEST -> GET /api/projekty?page=0&size=20&sort=
2025-06-12 17:34:17.869 [http-nio-8081-exec-134] INFO  c.project.service.ProjektServiceImpl.getProjekty(106) - REQUEST -> GET /api/projekty?page=0&size=20&sort=
2025-06-12 17:34:17.871 [http-nio-8081-exec-135] INFO  c.project.service.ProjektServiceImpl.getProjekty(106) - REQUEST -> GET /api/projekty?page=0&size=20&sort=
2025-06-12 17:34:17.874 [http-nio-8081-exec-136] INFO  c.project.service.ProjektServiceImpl.getProjekty(106) - REQUEST -> GET /api/projekty?page=0&size=20&sort=
2025-06-12 17:34:17.878 [http-nio-8081-exec-137] INFO  c.project.service.ProjektServiceImpl.getProjekty(106) - REQUEST -> GET /api/projekty?page=0&size=20&sort=
2025-06-12 17:34:17.881 [http-nio-8081-exec-138] INFO  c.project.service.ProjektServiceImpl.getProjekty(106) - REQUEST -> GET /api/projekty?page=0&size=20&sort=
2025-06-12 17:34:17.884 [http-nio-8081-exec-139] INFO  c.project.service.ProjektServiceImpl.getProjekty(106) - REQUEST -> GET /api/projekty?page=0&size=20&sort=
2025-06-12 17:34:17.898 [http-nio-8081-exec-140] INFO  c.project.service.ProjektServiceImpl.getProjekty(106) - REQUEST -> GET /api/projekty?page=0&size=20&sort=
2025-06-12 17:34:17.901 [http-nio-8081-exec-141] INFO  c.project.service.ProjektServiceImpl.getProjekty(106) - REQUEST -> GET /api/projekty?page=0&size=20&sort=
2025-06-12 17:34:17.903 [http-nio-8081-exec-142] INFO  c.project.service.ProjektServiceImpl.getProjekty(106) - REQUEST -> GET /api/projekty?page=0&size=20&sort=
2025-06-12 17:34:17.905 [http-nio-8081-exec-143] INFO  c.project.service.ProjektServiceImpl.getProjekty(106) - REQUEST -> GET /api/projekty?page=0&size=20&sort=
2025-06-12 17:34:17.907 [http-nio-8081-exec-144] INFO  c.project.service.ProjektServiceImpl.getProjekty(106) - REQUEST -> GET /api/projekty?page=0&size=20&sort=
2025-06-12 17:34:17.910 [http-nio-8081-exec-145] INFO  c.project.service.ProjektServiceImpl.getProjekty(106) - REQUEST -> GET /api/projekty?page=0&size=20&sort=
2025-06-12 17:34:17.912 [http-nio-8081-exec-146] INFO  c.project.service.ProjektServiceImpl.getProjekty(106) - REQUEST -> GET /api/projekty?page=0&size=20&sort=
2025-06-12 17:34:17.914 [http-nio-8081-exec-147] INFO  c.project.service.ProjektServiceImpl.getProjekty(106) - REQUEST -> GET /api/projekty?page=0&size=20&sort=
2025-06-12 17:34:17.917 [http-nio-8081-exec-148] INFO  c.project.service.ProjektServiceImpl.getProjekty(106) - REQUEST -> GET /api/projekty?page=0&size=20&sort=
2025-06-12 17:34:17.918 [http-nio-8081-exec-149] INFO  c.project.service.ProjektServiceImpl.getProjekty(106) - REQUEST -> GET /api/projekty?page=0&size=20&sort=
2025-06-12 17:34:17.920 [http-nio-8081-exec-150] INFO  c.project.service.ProjektServiceImpl.getProjekty(106) - REQUEST -> GET /api/projekty?page=0&size=20&sort=
2025-06-12 17:34:17.921 [http-nio-8081-exec-151] INFO  c.project.service.ProjektServiceImpl.getProjekty(106) - REQUEST -> GET /api/projekty?page=0&size=20&sort=
2025-06-12 17:34:17.923 [http-nio-8081-exec-152] INFO  c.project.service.ProjektServiceImpl.getProjekty(106) - REQUEST -> GET /api/projekty?page=0&size=20&sort=
2025-06-12 17:34:17.925 [http-nio-8081-exec-153] INFO  c.project.service.ProjektServiceImpl.getProjekty(106) - REQUEST -> GET /api/projekty?page=0&size=20&sort=
2025-06-12 17:34:17.927 [http-nio-8081-exec-154] INFO  c.project.service.ProjektServiceImpl.getProjekty(106) - REQUEST -> GET /api/projekty?page=0&size=20&sort=
2025-06-12 17:34:17.930 [http-nio-8081-exec-155] INFO  c.project.service.ProjektServiceImpl.getProjekty(106) - REQUEST -> GET /api/projekty?page=0&size=20&sort=
2025-06-12 17:34:17.931 [http-nio-8081-exec-156] INFO  c.project.service.ProjektServiceImpl.getProjekty(106) - REQUEST -> GET /api/projekty?page=0&size=20&sort=
2025-06-12 17:34:17.933 [http-nio-8081-exec-157] INFO  c.project.service.ProjektServiceImpl.getProjekty(106) - REQUEST -> GET /api/projekty?page=0&size=20&sort=
2025-06-12 17:34:17.935 [http-nio-8081-exec-158] INFO  c.project.service.ProjektServiceImpl.getProjekty(106) - REQUEST -> GET /api/projekty?page=0&size=20&sort=
2025-06-12 17:34:17.936 [http-nio-8081-exec-159] INFO  c.project.service.ProjektServiceImpl.getProjekty(106) - REQUEST -> GET /api/projekty?page=0&size=20&sort=
2025-06-12 17:34:17.938 [http-nio-8081-exec-160] INFO  c.project.service.ProjektServiceImpl.getProjekty(106) - REQUEST -> GET /api/projekty?page=0&size=20&sort=
2025-06-12 17:34:17.939 [http-nio-8081-exec-161] INFO  c.project.service.ProjektServiceImpl.getProjekty(106) - REQUEST -> GET /api/projekty?page=0&size=20&sort=
2025-06-12 17:34:17.941 [http-nio-8081-exec-162] INFO  c.project.service.ProjektServiceImpl.getProjekty(106) - REQUEST -> GET /api/projekty?page=0&size=20&sort=
2025-06-12 17:34:17.943 [http-nio-8081-exec-163] INFO  c.project.service.ProjektServiceImpl.getProjekty(106) - REQUEST -> GET /api/projekty?page=0&size=20&sort=
2025-06-12 17:34:17.945 [http-nio-8081-exec-164] INFO  c.project.service.ProjektServiceImpl.getProjekty(106) - REQUEST -> GET /api/projekty?page=0&size=20&sort=
2025-06-12 17:34:17.949 [http-nio-8081-exec-165] INFO  c.project.service.ProjektServiceImpl.getProjekty(106) - REQUEST -> GET /api/projekty?page=0&size=20&sort=
2025-06-12 17:34:17.950 [http-nio-8081-exec-166] INFO  c.project.service.ProjektServiceImpl.getProjekty(106) - REQUEST -> GET /api/projekty?page=0&size=20&sort=
2025-06-12 17:34:17.952 [http-nio-8081-exec-167] INFO  c.project.service.ProjektServiceImpl.getProjekty(106) - REQUEST -> GET /api/projekty?page=0&size=20&sort=
2025-06-12 17:34:17.954 [http-nio-8081-exec-168] INFO  c.project.service.ProjektServiceImpl.getProjekty(106) - REQUEST -> GET /api/projekty?page=0&size=20&sort=
2025-06-12 17:34:17.957 [http-nio-8081-exec-169] INFO  c.project.service.ProjektServiceImpl.getProjekty(106) - REQUEST -> GET /api/projekty?page=0&size=20&sort=
2025-06-12 17:34:17.958 [http-nio-8081-exec-170] INFO  c.project.service.ProjektServiceImpl.getProjekty(106) - REQUEST -> GET /api/projekty?page=0&size=20&sort=
2025-06-12 17:34:17.959 [http-nio-8081-exec-171] INFO  c.project.service.ProjektServiceImpl.getProjekty(106) - REQUEST -> GET /api/projekty?page=0&size=20&sort=
2025-06-12 17:34:17.962 [http-nio-8081-exec-172] INFO  c.project.service.ProjektServiceImpl.getProjekty(106) - REQUEST -> GET /api/projekty?page=0&size=20&sort=
2025-06-12 17:34:17.965 [http-nio-8081-exec-173] INFO  c.project.service.ProjektServiceImpl.getProjekty(106) - REQUEST -> GET /api/projekty?page=0&size=20&sort=
2025-06-12 17:34:17.966 [http-nio-8081-exec-174] INFO  c.project.service.ProjektServiceImpl.getProjekty(106) - REQUEST -> GET /api/projekty?page=0&size=20&sort=
2025-06-12 17:34:17.968 [http-nio-8081-exec-175] INFO  c.project.service.ProjektServiceImpl.getProjekty(106) - REQUEST -> GET /api/projekty?page=0&size=20&sort=
2025-06-12 17:34:17.969 [http-nio-8081-exec-176] INFO  c.project.service.ProjektServiceImpl.getProjekty(106) - REQUEST -> GET /api/projekty?page=0&size=20&sort=
2025-06-12 17:34:17.973 [http-nio-8081-exec-177] INFO  c.project.service.ProjektServiceImpl.getProjekty(106) - REQUEST -> GET /api/projekty?page=0&size=20&sort=
2025-06-12 17:34:17.976 [http-nio-8081-exec-178] INFO  c.project.service.ProjektServiceImpl.getProjekty(106) - REQUEST -> GET /api/projekty?page=0&size=20&sort=
2025-06-12 17:34:17.978 [http-nio-8081-exec-179] INFO  c.project.service.ProjektServiceImpl.getProjekty(106) - REQUEST -> GET /api/projekty?page=0&size=20&sort=
2025-06-12 17:34:17.980 [http-nio-8081-exec-180] INFO  c.project.service.ProjektServiceImpl.getProjekty(106) - REQUEST -> GET /api/projekty?page=0&size=20&sort=
2025-06-12 17:34:17.982 [http-nio-8081-exec-181] INFO  c.project.service.ProjektServiceImpl.getProjekty(106) - REQUEST -> GET /api/projekty?page=0&size=20&sort=
2025-06-12 17:34:17.986 [http-nio-8081-exec-182] INFO  c.project.service.ProjektServiceImpl.getProjekty(106) - REQUEST -> GET /api/projekty?page=0&size=20&sort=
2025-06-12 17:34:17.989 [http-nio-8081-exec-183] INFO  c.project.service.ProjektServiceImpl.getProjekty(106) - REQUEST -> GET /api/projekty?page=0&size=20&sort=
2025-06-12 17:34:17.992 [http-nio-8081-exec-184] INFO  c.project.service.ProjektServiceImpl.getProjekty(106) - REQUEST -> GET /api/projekty?page=0&size=20&sort=
2025-06-12 17:34:17.994 [http-nio-8081-exec-185] INFO  c.project.service.ProjektServiceImpl.getProjekty(106) - REQUEST -> GET /api/projekty?page=0&size=20&sort=
2025-06-12 17:34:17.997 [http-nio-8081-exec-186] INFO  c.project.service.ProjektServiceImpl.getProjekty(106) - REQUEST -> GET /api/projekty?page=0&size=20&sort=
2025-06-12 17:34:18.001 [http-nio-8081-exec-187] INFO  c.project.service.ProjektServiceImpl.getProjekty(106) - REQUEST -> GET /api/projekty?page=0&size=20&sort=
2025-06-12 17:34:18.003 [http-nio-8081-exec-188] INFO  c.project.service.ProjektServiceImpl.getProjekty(106) - REQUEST -> GET /api/projekty?page=0&size=20&sort=
2025-06-12 17:34:18.006 [http-nio-8081-exec-189] INFO  c.project.service.ProjektServiceImpl.getProjekty(106) - REQUEST -> GET /api/projekty?page=0&size=20&sort=
2025-06-12 17:34:18.009 [http-nio-8081-exec-190] INFO  c.project.service.ProjektServiceImpl.getProjekty(106) - REQUEST -> GET /api/projekty?page=0&size=20&sort=
2025-06-12 17:34:18.012 [http-nio-8081-exec-191] INFO  c.project.service.ProjektServiceImpl.getProjekty(106) - REQUEST -> GET /api/projekty?page=0&size=20&sort=
2025-06-12 17:34:18.015 [http-nio-8081-exec-192] INFO  c.project.service.ProjektServiceImpl.getProjekty(106) - REQUEST -> GET /api/projekty?page=0&size=20&sort=
2025-06-12 17:34:18.020 [http-nio-8081-exec-193] INFO  c.project.service.ProjektServiceImpl.getProjekty(106) - REQUEST -> GET /api/projekty?page=0&size=20&sort=
2025-06-12 17:34:18.023 [http-nio-8081-exec-194] INFO  c.project.service.ProjektServiceImpl.getProjekty(106) - REQUEST -> GET /api/projekty?page=0&size=20&sort=
2025-06-12 17:34:18.026 [http-nio-8081-exec-195] INFO  c.project.service.ProjektServiceImpl.getProjekty(106) - REQUEST -> GET /api/projekty?page=0&size=20&sort=
2025-06-12 17:34:18.030 [http-nio-8081-exec-196] INFO  c.project.service.ProjektServiceImpl.getProjekty(106) - REQUEST -> GET /api/projekty?page=0&size=20&sort=
2025-06-12 17:34:18.033 [http-nio-8081-exec-197] INFO  c.project.service.ProjektServiceImpl.getProjekty(106) - REQUEST -> GET /api/projekty?page=0&size=20&sort=
2025-06-12 17:34:18.037 [http-nio-8081-exec-198] INFO  c.project.service.ProjektServiceImpl.getProjekty(106) - REQUEST -> GET /api/projekty?page=0&size=20&sort=
2025-06-12 17:34:18.040 [http-nio-8081-exec-199] INFO  c.project.service.ProjektServiceImpl.getProjekty(106) - REQUEST -> GET /api/projekty?page=0&size=20&sort=
2025-06-12 17:34:18.043 [http-nio-8081-exec-200] INFO  c.project.service.ProjektServiceImpl.getProjekty(106) - REQUEST -> GET /api/projekty?page=0&size=20&sort=
2025-06-12 17:37:00.397 [restartedMain] INFO  c.project.ProjectRestApiApplication.logStarting(53) - Starting ProjectRestApiApplication using Java 23.0.2 with PID 12352 (C:\Users\miche\Downloads\project-rest-api\build\classes\java\main started by miche in C:\Users\miche\Downloads\project-rest-api)
2025-06-12 17:37:00.399 [restartedMain] INFO  c.project.ProjectRestApiApplication.logStartupProfileInfo(652) - No active profile set, falling back to 1 default profile: "default"
2025-06-12 17:37:05.517 [restartedMain] INFO  c.project.ProjectRestApiApplication.logStarted(59) - Started ProjectRestApiApplication in 5.543 seconds (process running for 6.09)
2025-06-12 17:37:13.124 [http-nio-8081-exec-2] INFO  c.project.service.ProjektServiceImpl.getProjekty(106) - REQUEST -> GET http://localhost:8081/api/projekty?page=0&size=20&sort=
2025-06-12 17:37:13.167 [http-nio-8081-exec-3] INFO  c.project.service.ProjektServiceImpl.getProjekty(106) - REQUEST -> GET http://localhost:8081/api/projekty?page=0&size=20&sort=
2025-06-12 17:37:13.171 [http-nio-8081-exec-4] INFO  c.project.service.ProjektServiceImpl.getProjekty(106) - REQUEST -> GET http://localhost:8081/api/projekty?page=0&size=20&sort=
2025-06-12 17:37:13.174 [http-nio-8081-exec-5] INFO  c.project.service.ProjektServiceImpl.getProjekty(106) - REQUEST -> GET http://localhost:8081/api/projekty?page=0&size=20&sort=
2025-06-12 17:37:13.177 [http-nio-8081-exec-6] INFO  c.project.service.ProjektServiceImpl.getProjekty(106) - REQUEST -> GET http://localhost:8081/api/projekty?page=0&size=20&sort=
2025-06-12 17:37:13.180 [http-nio-8081-exec-7] INFO  c.project.service.ProjektServiceImpl.getProjekty(106) - REQUEST -> GET http://localhost:8081/api/projekty?page=0&size=20&sort=
2025-06-12 17:37:13.182 [http-nio-8081-exec-9] INFO  c.project.service.ProjektServiceImpl.getProjekty(106) - REQUEST -> GET http://localhost:8081/api/projekty?page=0&size=20&sort=
2025-06-12 17:37:13.185 [http-nio-8081-exec-8] INFO  c.project.service.ProjektServiceImpl.getProjekty(106) - REQUEST -> GET http://localhost:8081/api/projekty?page=0&size=20&sort=
2025-06-12 17:37:13.187 [http-nio-8081-exec-10] INFO  c.project.service.ProjektServiceImpl.getProjekty(106) - REQUEST -> GET http://localhost:8081/api/projekty?page=0&size=20&sort=
2025-06-12 17:37:13.191 [http-nio-8081-exec-1] INFO  c.project.service.ProjektServiceImpl.getProjekty(106) - REQUEST -> GET http://localhost:8081/api/projekty?page=0&size=20&sort=
2025-06-12 17:37:13.193 [http-nio-8081-exec-11] INFO  c.project.service.ProjektServiceImpl.getProjekty(106) - REQUEST -> GET http://localhost:8081/api/projekty?page=0&size=20&sort=
2025-06-12 17:37:13.196 [http-nio-8081-exec-12] INFO  c.project.service.ProjektServiceImpl.getProjekty(106) - REQUEST -> GET http://localhost:8081/api/projekty?page=0&size=20&sort=
2025-06-12 17:37:13.199 [http-nio-8081-exec-13] INFO  c.project.service.ProjektServiceImpl.getProjekty(106) - REQUEST -> GET http://localhost:8081/api/projekty?page=0&size=20&sort=
2025-06-12 17:37:13.202 [http-nio-8081-exec-14] INFO  c.project.service.ProjektServiceImpl.getProjekty(106) - REQUEST -> GET http://localhost:8081/api/projekty?page=0&size=20&sort=
2025-06-12 17:37:13.204 [http-nio-8081-exec-15] INFO  c.project.service.ProjektServiceImpl.getProjekty(106) - REQUEST -> GET http://localhost:8081/api/projekty?page=0&size=20&sort=
2025-06-12 17:37:13.208 [http-nio-8081-exec-16] INFO  c.project.service.ProjektServiceImpl.getProjekty(106) - REQUEST -> GET http://localhost:8081/api/projekty?page=0&size=20&sort=
2025-06-12 17:37:13.211 [http-nio-8081-exec-17] INFO  c.project.service.ProjektServiceImpl.getProjekty(106) - REQUEST -> GET http://localhost:8081/api/projekty?page=0&size=20&sort=
2025-06-12 17:37:13.214 [http-nio-8081-exec-18] INFO  c.project.service.ProjektServiceImpl.getProjekty(106) - REQUEST -> GET http://localhost:8081/api/projekty?page=0&size=20&sort=
2025-06-12 17:37:13.218 [http-nio-8081-exec-19] INFO  c.project.service.ProjektServiceImpl.getProjekty(106) - REQUEST -> GET http://localhost:8081/api/projekty?page=0&size=20&sort=
2025-06-12 17:37:13.221 [http-nio-8081-exec-20] INFO  c.project.service.ProjektServiceImpl.getProjekty(106) - REQUEST -> GET http://localhost:8081/api/projekty?page=0&size=20&sort=
2025-06-12 17:37:13.225 [http-nio-8081-exec-21] INFO  c.project.service.ProjektServiceImpl.getProjekty(106) - REQUEST -> GET http://localhost:8081/api/projekty?page=0&size=20&sort=
2025-06-12 17:37:13.228 [http-nio-8081-exec-22] INFO  c.project.service.ProjektServiceImpl.getProjekty(106) - REQUEST -> GET http://localhost:8081/api/projekty?page=0&size=20&sort=
2025-06-12 17:37:13.231 [http-nio-8081-exec-23] INFO  c.project.service.ProjektServiceImpl.getProjekty(106) - REQUEST -> GET http://localhost:8081/api/projekty?page=0&size=20&sort=
2025-06-12 17:37:13.234 [http-nio-8081-exec-24] INFO  c.project.service.ProjektServiceImpl.getProjekty(106) - REQUEST -> GET http://localhost:8081/api/projekty?page=0&size=20&sort=
2025-06-12 17:37:13.237 [http-nio-8081-exec-25] INFO  c.project.service.ProjektServiceImpl.getProjekty(106) - REQUEST -> GET http://localhost:8081/api/projekty?page=0&size=20&sort=
2025-06-12 17:37:13.240 [http-nio-8081-exec-26] INFO  c.project.service.ProjektServiceImpl.getProjekty(106) - REQUEST -> GET http://localhost:8081/api/projekty?page=0&size=20&sort=
2025-06-12 17:37:13.242 [http-nio-8081-exec-27] INFO  c.project.service.ProjektServiceImpl.getProjekty(106) - REQUEST -> GET http://localhost:8081/api/projekty?page=0&size=20&sort=
2025-06-12 17:37:13.245 [http-nio-8081-exec-28] INFO  c.project.service.ProjektServiceImpl.getProjekty(106) - REQUEST -> GET http://localhost:8081/api/projekty?page=0&size=20&sort=
2025-06-12 17:37:13.248 [http-nio-8081-exec-29] INFO  c.project.service.ProjektServiceImpl.getProjekty(106) - REQUEST -> GET http://localhost:8081/api/projekty?page=0&size=20&sort=
2025-06-12 17:37:13.252 [http-nio-8081-exec-30] INFO  c.project.service.ProjektServiceImpl.getProjekty(106) - REQUEST -> GET http://localhost:8081/api/projekty?page=0&size=20&sort=
2025-06-12 17:37:13.255 [http-nio-8081-exec-31] INFO  c.project.service.ProjektServiceImpl.getProjekty(106) - REQUEST -> GET http://localhost:8081/api/projekty?page=0&size=20&sort=
2025-06-12 17:37:13.258 [http-nio-8081-exec-32] INFO  c.project.service.ProjektServiceImpl.getProjekty(106) - REQUEST -> GET http://localhost:8081/api/projekty?page=0&size=20&sort=
2025-06-12 17:37:13.261 [http-nio-8081-exec-33] INFO  c.project.service.ProjektServiceImpl.getProjekty(106) - REQUEST -> GET http://localhost:8081/api/projekty?page=0&size=20&sort=
2025-06-12 17:37:13.263 [http-nio-8081-exec-34] INFO  c.project.service.ProjektServiceImpl.getProjekty(106) - REQUEST -> GET http://localhost:8081/api/projekty?page=0&size=20&sort=
2025-06-12 17:37:13.266 [http-nio-8081-exec-35] INFO  c.project.service.ProjektServiceImpl.getProjekty(106) - REQUEST -> GET http://localhost:8081/api/projekty?page=0&size=20&sort=
2025-06-12 17:37:13.268 [http-nio-8081-exec-36] INFO  c.project.service.ProjektServiceImpl.getProjekty(106) - REQUEST -> GET http://localhost:8081/api/projekty?page=0&size=20&sort=
2025-06-12 17:37:13.272 [http-nio-8081-exec-37] INFO  c.project.service.ProjektServiceImpl.getProjekty(106) - REQUEST -> GET http://localhost:8081/api/projekty?page=0&size=20&sort=
2025-06-12 17:37:13.275 [http-nio-8081-exec-38] INFO  c.project.service.ProjektServiceImpl.getProjekty(106) - REQUEST -> GET http://localhost:8081/api/projekty?page=0&size=20&sort=
2025-06-12 17:37:13.277 [http-nio-8081-exec-39] INFO  c.project.service.ProjektServiceImpl.getProjekty(106) - REQUEST -> GET http://localhost:8081/api/projekty?page=0&size=20&sort=
2025-06-12 17:37:13.280 [http-nio-8081-exec-40] INFO  c.project.service.ProjektServiceImpl.getProjekty(106) - REQUEST -> GET http://localhost:8081/api/projekty?page=0&size=20&sort=
2025-06-12 17:37:13.282 [http-nio-8081-exec-41] INFO  c.project.service.ProjektServiceImpl.getProjekty(106) - REQUEST -> GET http://localhost:8081/api/projekty?page=0&size=20&sort=
2025-06-12 17:37:13.284 [http-nio-8081-exec-42] INFO  c.project.service.ProjektServiceImpl.getProjekty(106) - REQUEST -> GET http://localhost:8081/api/projekty?page=0&size=20&sort=
2025-06-12 17:37:13.286 [http-nio-8081-exec-43] INFO  c.project.service.ProjektServiceImpl.getProjekty(106) - REQUEST -> GET http://localhost:8081/api/projekty?page=0&size=20&sort=
2025-06-12 17:37:13.288 [http-nio-8081-exec-44] INFO  c.project.service.ProjektServiceImpl.getProjekty(106) - REQUEST -> GET http://localhost:8081/api/projekty?page=0&size=20&sort=
2025-06-12 17:37:13.291 [http-nio-8081-exec-45] INFO  c.project.service.ProjektServiceImpl.getProjekty(106) - REQUEST -> GET http://localhost:8081/api/projekty?page=0&size=20&sort=
2025-06-12 17:37:13.295 [http-nio-8081-exec-46] INFO  c.project.service.ProjektServiceImpl.getProjekty(106) - REQUEST -> GET http://localhost:8081/api/projekty?page=0&size=20&sort=
2025-06-12 17:37:13.299 [http-nio-8081-exec-47] INFO  c.project.service.ProjektServiceImpl.getProjekty(106) - REQUEST -> GET http://localhost:8081/api/projekty?page=0&size=20&sort=
2025-06-12 17:37:13.302 [http-nio-8081-exec-48] INFO  c.project.service.ProjektServiceImpl.getProjekty(106) - REQUEST -> GET http://localhost:8081/api/projekty?page=0&size=20&sort=
2025-06-12 17:37:13.306 [http-nio-8081-exec-49] INFO  c.project.service.ProjektServiceImpl.getProjekty(106) - REQUEST -> GET http://localhost:8081/api/projekty?page=0&size=20&sort=
2025-06-12 17:37:13.310 [http-nio-8081-exec-50] INFO  c.project.service.ProjektServiceImpl.getProjekty(106) - REQUEST -> GET http://localhost:8081/api/projekty?page=0&size=20&sort=
2025-06-12 17:37:13.313 [http-nio-8081-exec-51] INFO  c.project.service.ProjektServiceImpl.getProjekty(106) - REQUEST -> GET http://localhost:8081/api/projekty?page=0&size=20&sort=
2025-06-12 17:37:13.317 [http-nio-8081-exec-52] INFO  c.project.service.ProjektServiceImpl.getProjekty(106) - REQUEST -> GET http://localhost:8081/api/projekty?page=0&size=20&sort=
2025-06-12 17:37:13.321 [http-nio-8081-exec-53] INFO  c.project.service.ProjektServiceImpl.getProjekty(106) - REQUEST -> GET http://localhost:8081/api/projekty?page=0&size=20&sort=
2025-06-12 17:37:13.325 [http-nio-8081-exec-54] INFO  c.project.service.ProjektServiceImpl.getProjekty(106) - REQUEST -> GET http://localhost:8081/api/projekty?page=0&size=20&sort=
2025-06-12 17:37:13.328 [http-nio-8081-exec-55] INFO  c.project.service.ProjektServiceImpl.getProjekty(106) - REQUEST -> GET http://localhost:8081/api/projekty?page=0&size=20&sort=
2025-06-12 17:37:13.332 [http-nio-8081-exec-56] INFO  c.project.service.ProjektServiceImpl.getProjekty(106) - REQUEST -> GET http://localhost:8081/api/projekty?page=0&size=20&sort=
2025-06-12 17:37:13.335 [http-nio-8081-exec-57] INFO  c.project.service.ProjektServiceImpl.getProjekty(106) - REQUEST -> GET http://localhost:8081/api/projekty?page=0&size=20&sort=
2025-06-12 17:37:13.338 [http-nio-8081-exec-58] INFO  c.project.service.ProjektServiceImpl.getProjekty(106) - REQUEST -> GET http://localhost:8081/api/projekty?page=0&size=20&sort=
2025-06-12 17:37:13.342 [http-nio-8081-exec-59] INFO  c.project.service.ProjektServiceImpl.getProjekty(106) - REQUEST -> GET http://localhost:8081/api/projekty?page=0&size=20&sort=
2025-06-12 17:37:13.345 [http-nio-8081-exec-60] INFO  c.project.service.ProjektServiceImpl.getProjekty(106) - REQUEST -> GET http://localhost:8081/api/projekty?page=0&size=20&sort=
2025-06-12 17:37:13.348 [http-nio-8081-exec-61] INFO  c.project.service.ProjektServiceImpl.getProjekty(106) - REQUEST -> GET http://localhost:8081/api/projekty?page=0&size=20&sort=
2025-06-12 17:37:13.353 [http-nio-8081-exec-62] INFO  c.project.service.ProjektServiceImpl.getProjekty(106) - REQUEST -> GET http://localhost:8081/api/projekty?page=0&size=20&sort=
2025-06-12 17:37:13.356 [http-nio-8081-exec-63] INFO  c.project.service.ProjektServiceImpl.getProjekty(106) - REQUEST -> GET http://localhost:8081/api/projekty?page=0&size=20&sort=
2025-06-12 17:37:13.360 [http-nio-8081-exec-64] INFO  c.project.service.ProjektServiceImpl.getProjekty(106) - REQUEST -> GET http://localhost:8081/api/projekty?page=0&size=20&sort=
2025-06-12 17:37:13.366 [http-nio-8081-exec-65] INFO  c.project.service.ProjektServiceImpl.getProjekty(106) - REQUEST -> GET http://localhost:8081/api/projekty?page=0&size=20&sort=
2025-06-12 17:37:13.370 [http-nio-8081-exec-66] INFO  c.project.service.ProjektServiceImpl.getProjekty(106) - REQUEST -> GET http://localhost:8081/api/projekty?page=0&size=20&sort=
2025-06-12 17:37:13.372 [http-nio-8081-exec-67] INFO  c.project.service.ProjektServiceImpl.getProjekty(106) - REQUEST -> GET http://localhost:8081/api/projekty?page=0&size=20&sort=
2025-06-12 17:37:13.375 [http-nio-8081-exec-68] INFO  c.project.service.ProjektServiceImpl.getProjekty(106) - REQUEST -> GET http://localhost:8081/api/projekty?page=0&size=20&sort=
2025-06-12 17:37:13.378 [http-nio-8081-exec-69] INFO  c.project.service.ProjektServiceImpl.getProjekty(106) - REQUEST -> GET http://localhost:8081/api/projekty?page=0&size=20&sort=
2025-06-12 17:37:13.382 [http-nio-8081-exec-70] INFO  c.project.service.ProjektServiceImpl.getProjekty(106) - REQUEST -> GET http://localhost:8081/api/projekty?page=0&size=20&sort=
2025-06-12 17:37:13.385 [http-nio-8081-exec-71] INFO  c.project.service.ProjektServiceImpl.getProjekty(106) - REQUEST -> GET http://localhost:8081/api/projekty?page=0&size=20&sort=
2025-06-12 17:37:13.388 [http-nio-8081-exec-72] INFO  c.project.service.ProjektServiceImpl.getProjekty(106) - REQUEST -> GET http://localhost:8081/api/projekty?page=0&size=20&sort=
2025-06-12 17:37:13.391 [http-nio-8081-exec-73] INFO  c.project.service.ProjektServiceImpl.getProjekty(106) - REQUEST -> GET http://localhost:8081/api/projekty?page=0&size=20&sort=
2025-06-12 17:37:13.396 [http-nio-8081-exec-74] INFO  c.project.service.ProjektServiceImpl.getProjekty(106) - REQUEST -> GET http://localhost:8081/api/projekty?page=0&size=20&sort=
2025-06-12 17:37:13.398 [http-nio-8081-exec-75] INFO  c.project.service.ProjektServiceImpl.getProjekty(106) - REQUEST -> GET http://localhost:8081/api/projekty?page=0&size=20&sort=
2025-06-12 17:37:13.400 [http-nio-8081-exec-76] INFO  c.project.service.ProjektServiceImpl.getProjekty(106) - REQUEST -> GET http://localhost:8081/api/projekty?page=0&size=20&sort=
2025-06-12 17:37:13.403 [http-nio-8081-exec-77] INFO  c.project.service.ProjektServiceImpl.getProjekty(106) - REQUEST -> GET http://localhost:8081/api/projekty?page=0&size=20&sort=
2025-06-12 17:37:13.406 [http-nio-8081-exec-78] INFO  c.project.service.ProjektServiceImpl.getProjekty(106) - REQUEST -> GET http://localhost:8081/api/projekty?page=0&size=20&sort=
2025-06-12 17:37:13.410 [http-nio-8081-exec-79] INFO  c.project.service.ProjektServiceImpl.getProjekty(106) - REQUEST -> GET http://localhost:8081/api/projekty?page=0&size=20&sort=
2025-06-12 17:37:13.412 [http-nio-8081-exec-80] INFO  c.project.service.ProjektServiceImpl.getProjekty(106) - REQUEST -> GET http://localhost:8081/api/projekty?page=0&size=20&sort=
2025-06-12 17:37:13.414 [http-nio-8081-exec-81] INFO  c.project.service.ProjektServiceImpl.getProjekty(106) - REQUEST -> GET http://localhost:8081/api/projekty?page=0&size=20&sort=
2025-06-12 17:37:13.416 [http-nio-8081-exec-82] INFO  c.project.service.ProjektServiceImpl.getProjekty(106) - REQUEST -> GET http://localhost:8081/api/projekty?page=0&size=20&sort=
2025-06-12 17:37:13.418 [http-nio-8081-exec-83] INFO  c.project.service.ProjektServiceImpl.getProjekty(106) - REQUEST -> GET http://localhost:8081/api/projekty?page=0&size=20&sort=
2025-06-12 17:37:13.420 [http-nio-8081-exec-84] INFO  c.project.service.ProjektServiceImpl.getProjekty(106) - REQUEST -> GET http://localhost:8081/api/projekty?page=0&size=20&sort=
2025-06-12 17:37:13.422 [http-nio-8081-exec-85] INFO  c.project.service.ProjektServiceImpl.getProjekty(106) - REQUEST -> GET http://localhost:8081/api/projekty?page=0&size=20&sort=
2025-06-12 17:37:13.425 [http-nio-8081-exec-86] INFO  c.project.service.ProjektServiceImpl.getProjekty(106) - REQUEST -> GET http://localhost:8081/api/projekty?page=0&size=20&sort=
2025-06-12 17:37:13.429 [http-nio-8081-exec-87] INFO  c.project.service.ProjektServiceImpl.getProjekty(106) - REQUEST -> GET http://localhost:8081/api/projekty?page=0&size=20&sort=
2025-06-12 17:37:13.432 [http-nio-8081-exec-88] INFO  c.project.service.ProjektServiceImpl.getProjekty(106) - REQUEST -> GET http://localhost:8081/api/projekty?page=0&size=20&sort=
2025-06-12 17:37:13.435 [http-nio-8081-exec-89] INFO  c.project.service.ProjektServiceImpl.getProjekty(106) - REQUEST -> GET http://localhost:8081/api/projekty?page=0&size=20&sort=
2025-06-12 17:37:13.437 [http-nio-8081-exec-90] INFO  c.project.service.ProjektServiceImpl.getProjekty(106) - REQUEST -> GET http://localhost:8081/api/projekty?page=0&size=20&sort=
2025-06-12 17:37:13.438 [http-nio-8081-exec-91] INFO  c.project.service.ProjektServiceImpl.getProjekty(106) - REQUEST -> GET http://localhost:8081/api/projekty?page=0&size=20&sort=
2025-06-12 17:37:13.441 [http-nio-8081-exec-92] INFO  c.project.service.ProjektServiceImpl.getProjekty(106) - REQUEST -> GET http://localhost:8081/api/projekty?page=0&size=20&sort=
2025-06-12 17:37:13.442 [http-nio-8081-exec-93] INFO  c.project.service.ProjektServiceImpl.getProjekty(106) - REQUEST -> GET http://localhost:8081/api/projekty?page=0&size=20&sort=
2025-06-12 17:37:13.444 [http-nio-8081-exec-94] INFO  c.project.service.ProjektServiceImpl.getProjekty(106) - REQUEST -> GET http://localhost:8081/api/projekty?page=0&size=20&sort=
2025-06-12 17:37:13.445 [http-nio-8081-exec-95] INFO  c.project.service.ProjektServiceImpl.getProjekty(106) - REQUEST -> GET http://localhost:8081/api/projekty?page=0&size=20&sort=
2025-06-12 17:37:13.448 [http-nio-8081-exec-96] INFO  c.project.service.ProjektServiceImpl.getProjekty(106) - REQUEST -> GET http://localhost:8081/api/projekty?page=0&size=20&sort=
2025-06-12 17:37:13.451 [http-nio-8081-exec-97] INFO  c.project.service.ProjektServiceImpl.getProjekty(106) - REQUEST -> GET http://localhost:8081/api/projekty?page=0&size=20&sort=
2025-06-12 17:37:13.453 [http-nio-8081-exec-98] INFO  c.project.service.ProjektServiceImpl.getProjekty(106) - REQUEST -> GET http://localhost:8081/api/projekty?page=0&size=20&sort=
2025-06-12 17:37:13.455 [http-nio-8081-exec-99] INFO  c.project.service.ProjektServiceImpl.getProjekty(106) - REQUEST -> GET http://localhost:8081/api/projekty?page=0&size=20&sort=
2025-06-12 17:37:13.457 [http-nio-8081-exec-100] INFO  c.project.service.ProjektServiceImpl.getProjekty(106) - REQUEST -> GET http://localhost:8081/api/projekty?page=0&size=20&sort=
2025-06-12 17:37:13.459 [http-nio-8081-exec-101] INFO  c.project.service.ProjektServiceImpl.getProjekty(106) - REQUEST -> GET http://localhost:8081/api/projekty?page=0&size=20&sort=
2025-06-12 17:37:13.461 [http-nio-8081-exec-102] INFO  c.project.service.ProjektServiceImpl.getProjekty(106) - REQUEST -> GET http://localhost:8081/api/projekty?page=0&size=20&sort=
2025-06-12 17:37:13.463 [http-nio-8081-exec-103] INFO  c.project.service.ProjektServiceImpl.getProjekty(106) - REQUEST -> GET http://localhost:8081/api/projekty?page=0&size=20&sort=
2025-06-12 17:37:13.467 [http-nio-8081-exec-104] INFO  c.project.service.ProjektServiceImpl.getProjekty(106) - REQUEST -> GET http://localhost:8081/api/projekty?page=0&size=20&sort=
2025-06-12 17:37:13.469 [http-nio-8081-exec-105] INFO  c.project.service.ProjektServiceImpl.getProjekty(106) - REQUEST -> GET http://localhost:8081/api/projekty?page=0&size=20&sort=
2025-06-12 17:37:13.471 [http-nio-8081-exec-106] INFO  c.project.service.ProjektServiceImpl.getProjekty(106) - REQUEST -> GET http://localhost:8081/api/projekty?page=0&size=20&sort=
2025-06-12 17:37:13.472 [http-nio-8081-exec-107] INFO  c.project.service.ProjektServiceImpl.getProjekty(106) - REQUEST -> GET http://localhost:8081/api/projekty?page=0&size=20&sort=
2025-06-12 17:37:13.474 [http-nio-8081-exec-108] INFO  c.project.service.ProjektServiceImpl.getProjekty(106) - REQUEST -> GET http://localhost:8081/api/projekty?page=0&size=20&sort=
2025-06-12 17:37:13.476 [http-nio-8081-exec-109] INFO  c.project.service.ProjektServiceImpl.getProjekty(106) - REQUEST -> GET http://localhost:8081/api/projekty?page=0&size=20&sort=
2025-06-12 17:37:13.478 [http-nio-8081-exec-110] INFO  c.project.service.ProjektServiceImpl.getProjekty(106) - REQUEST -> GET http://localhost:8081/api/projekty?page=0&size=20&sort=
2025-06-12 17:37:13.480 [http-nio-8081-exec-111] INFO  c.project.service.ProjektServiceImpl.getProjekty(106) - REQUEST -> GET http://localhost:8081/api/projekty?page=0&size=20&sort=
2025-06-12 17:37:13.482 [http-nio-8081-exec-112] INFO  c.project.service.ProjektServiceImpl.getProjekty(106) - REQUEST -> GET http://localhost:8081/api/projekty?page=0&size=20&sort=
2025-06-12 17:37:13.484 [http-nio-8081-exec-113] INFO  c.project.service.ProjektServiceImpl.getProjekty(106) - REQUEST -> GET http://localhost:8081/api/projekty?page=0&size=20&sort=
2025-06-12 17:37:13.485 [http-nio-8081-exec-114] INFO  c.project.service.ProjektServiceImpl.getProjekty(106) - REQUEST -> GET http://localhost:8081/api/projekty?page=0&size=20&sort=
2025-06-12 17:37:13.487 [http-nio-8081-exec-115] INFO  c.project.service.ProjektServiceImpl.getProjekty(106) - REQUEST -> GET http://localhost:8081/api/projekty?page=0&size=20&sort=
2025-06-12 17:37:13.488 [http-nio-8081-exec-116] INFO  c.project.service.ProjektServiceImpl.getProjekty(106) - REQUEST -> GET http://localhost:8081/api/projekty?page=0&size=20&sort=
2025-06-12 17:37:13.491 [http-nio-8081-exec-117] INFO  c.project.service.ProjektServiceImpl.getProjekty(106) - REQUEST -> GET http://localhost:8081/api/projekty?page=0&size=20&sort=
2025-06-12 17:37:13.493 [http-nio-8081-exec-118] INFO  c.project.service.ProjektServiceImpl.getProjekty(106) - REQUEST -> GET http://localhost:8081/api/projekty?page=0&size=20&sort=
2025-06-12 17:37:13.494 [http-nio-8081-exec-119] INFO  c.project.service.ProjektServiceImpl.getProjekty(106) - REQUEST -> GET http://localhost:8081/api/projekty?page=0&size=20&sort=
2025-06-12 17:37:13.497 [http-nio-8081-exec-120] INFO  c.project.service.ProjektServiceImpl.getProjekty(106) - REQUEST -> GET http://localhost:8081/api/projekty?page=0&size=20&sort=
2025-06-12 17:37:13.500 [http-nio-8081-exec-121] INFO  c.project.service.ProjektServiceImpl.getProjekty(106) - REQUEST -> GET http://localhost:8081/api/projekty?page=0&size=20&sort=
2025-06-12 17:37:13.503 [http-nio-8081-exec-122] INFO  c.project.service.ProjektServiceImpl.getProjekty(106) - REQUEST -> GET http://localhost:8081/api/projekty?page=0&size=20&sort=
2025-06-12 17:37:13.506 [http-nio-8081-exec-123] INFO  c.project.service.ProjektServiceImpl.getProjekty(106) - REQUEST -> GET http://localhost:8081/api/projekty?page=0&size=20&sort=
2025-06-12 17:37:13.510 [http-nio-8081-exec-124] INFO  c.project.service.ProjektServiceImpl.getProjekty(106) - REQUEST -> GET http://localhost:8081/api/projekty?page=0&size=20&sort=
2025-06-12 17:37:13.513 [http-nio-8081-exec-125] INFO  c.project.service.ProjektServiceImpl.getProjekty(106) - REQUEST -> GET http://localhost:8081/api/projekty?page=0&size=20&sort=
2025-06-12 17:37:13.517 [http-nio-8081-exec-126] INFO  c.project.service.ProjektServiceImpl.getProjekty(106) - REQUEST -> GET http://localhost:8081/api/projekty?page=0&size=20&sort=
2025-06-12 17:37:13.520 [http-nio-8081-exec-127] INFO  c.project.service.ProjektServiceImpl.getProjekty(106) - REQUEST -> GET http://localhost:8081/api/projekty?page=0&size=20&sort=
2025-06-12 17:37:13.534 [http-nio-8081-exec-128] INFO  c.project.service.ProjektServiceImpl.getProjekty(106) - REQUEST -> GET http://localhost:8081/api/projekty?page=0&size=20&sort=
2025-06-12 17:37:13.543 [http-nio-8081-exec-129] INFO  c.project.service.ProjektServiceImpl.getProjekty(106) - REQUEST -> GET http://localhost:8081/api/projekty?page=0&size=20&sort=
2025-06-12 17:37:13.548 [http-nio-8081-exec-130] INFO  c.project.service.ProjektServiceImpl.getProjekty(106) - REQUEST -> GET http://localhost:8081/api/projekty?page=0&size=20&sort=
2025-06-12 17:37:13.551 [http-nio-8081-exec-131] INFO  c.project.service.ProjektServiceImpl.getProjekty(106) - REQUEST -> GET http://localhost:8081/api/projekty?page=0&size=20&sort=
2025-06-12 17:37:13.554 [http-nio-8081-exec-132] INFO  c.project.service.ProjektServiceImpl.getProjekty(106) - REQUEST -> GET http://localhost:8081/api/projekty?page=0&size=20&sort=
2025-06-12 17:37:13.564 [http-nio-8081-exec-133] INFO  c.project.service.ProjektServiceImpl.getProjekty(106) - REQUEST -> GET http://localhost:8081/api/projekty?page=0&size=20&sort=
2025-06-12 17:37:13.567 [http-nio-8081-exec-134] INFO  c.project.service.ProjektServiceImpl.getProjekty(106) - REQUEST -> GET http://localhost:8081/api/projekty?page=0&size=20&sort=
2025-06-12 17:37:13.570 [http-nio-8081-exec-135] INFO  c.project.service.ProjektServiceImpl.getProjekty(106) - REQUEST -> GET http://localhost:8081/api/projekty?page=0&size=20&sort=
2025-06-12 17:37:13.574 [http-nio-8081-exec-136] INFO  c.project.service.ProjektServiceImpl.getProjekty(106) - REQUEST -> GET http://localhost:8081/api/projekty?page=0&size=20&sort=
2025-06-12 17:37:13.577 [http-nio-8081-exec-137] INFO  c.project.service.ProjektServiceImpl.getProjekty(106) - REQUEST -> GET http://localhost:8081/api/projekty?page=0&size=20&sort=
2025-06-12 17:37:13.580 [http-nio-8081-exec-138] INFO  c.project.service.ProjektServiceImpl.getProjekty(106) - REQUEST -> GET http://localhost:8081/api/projekty?page=0&size=20&sort=
2025-06-12 17:37:13.583 [http-nio-8081-exec-139] INFO  c.project.service.ProjektServiceImpl.getProjekty(106) - REQUEST -> GET http://localhost:8081/api/projekty?page=0&size=20&sort=
2025-06-12 17:37:13.586 [http-nio-8081-exec-140] INFO  c.project.service.ProjektServiceImpl.getProjekty(106) - REQUEST -> GET http://localhost:8081/api/projekty?page=0&size=20&sort=
2025-06-12 17:37:13.588 [http-nio-8081-exec-141] INFO  c.project.service.ProjektServiceImpl.getProjekty(106) - REQUEST -> GET http://localhost:8081/api/projekty?page=0&size=20&sort=
2025-06-12 17:37:13.591 [http-nio-8081-exec-142] INFO  c.project.service.ProjektServiceImpl.getProjekty(106) - REQUEST -> GET http://localhost:8081/api/projekty?page=0&size=20&sort=
2025-06-12 17:37:13.594 [http-nio-8081-exec-143] INFO  c.project.service.ProjektServiceImpl.getProjekty(106) - REQUEST -> GET http://localhost:8081/api/projekty?page=0&size=20&sort=
2025-06-12 17:37:13.596 [http-nio-8081-exec-144] INFO  c.project.service.ProjektServiceImpl.getProjekty(106) - REQUEST -> GET http://localhost:8081/api/projekty?page=0&size=20&sort=
2025-06-12 17:37:13.598 [http-nio-8081-exec-145] INFO  c.project.service.ProjektServiceImpl.getProjekty(106) - REQUEST -> GET http://localhost:8081/api/projekty?page=0&size=20&sort=
2025-06-12 17:37:13.601 [http-nio-8081-exec-146] INFO  c.project.service.ProjektServiceImpl.getProjekty(106) - REQUEST -> GET http://localhost:8081/api/projekty?page=0&size=20&sort=
2025-06-12 17:37:13.604 [http-nio-8081-exec-147] INFO  c.project.service.ProjektServiceImpl.getProjekty(106) - REQUEST -> GET http://localhost:8081/api/projekty?page=0&size=20&sort=
2025-06-12 17:37:13.607 [http-nio-8081-exec-148] INFO  c.project.service.ProjektServiceImpl.getProjekty(106) - REQUEST -> GET http://localhost:8081/api/projekty?page=0&size=20&sort=
2025-06-12 17:37:13.610 [http-nio-8081-exec-149] INFO  c.project.service.ProjektServiceImpl.getProjekty(106) - REQUEST -> GET http://localhost:8081/api/projekty?page=0&size=20&sort=
2025-06-12 17:37:13.613 [http-nio-8081-exec-150] INFO  c.project.service.ProjektServiceImpl.getProjekty(106) - REQUEST -> GET http://localhost:8081/api/projekty?page=0&size=20&sort=
2025-06-12 17:37:13.616 [http-nio-8081-exec-151] INFO  c.project.service.ProjektServiceImpl.getProjekty(106) - REQUEST -> GET http://localhost:8081/api/projekty?page=0&size=20&sort=
2025-06-12 17:37:13.618 [http-nio-8081-exec-152] INFO  c.project.service.ProjektServiceImpl.getProjekty(106) - REQUEST -> GET http://localhost:8081/api/projekty?page=0&size=20&sort=
2025-06-12 17:37:13.620 [http-nio-8081-exec-153] INFO  c.project.service.ProjektServiceImpl.getProjekty(106) - REQUEST -> GET http://localhost:8081/api/projekty?page=0&size=20&sort=
2025-06-12 17:37:13.621 [http-nio-8081-exec-154] INFO  c.project.service.ProjektServiceImpl.getProjekty(106) - REQUEST -> GET http://localhost:8081/api/projekty?page=0&size=20&sort=
2025-06-12 17:37:13.624 [http-nio-8081-exec-155] INFO  c.project.service.ProjektServiceImpl.getProjekty(106) - REQUEST -> GET http://localhost:8081/api/projekty?page=0&size=20&sort=
2025-06-12 17:37:13.626 [http-nio-8081-exec-156] INFO  c.project.service.ProjektServiceImpl.getProjekty(106) - REQUEST -> GET http://localhost:8081/api/projekty?page=0&size=20&sort=
2025-06-12 17:37:13.628 [http-nio-8081-exec-157] INFO  c.project.service.ProjektServiceImpl.getProjekty(106) - REQUEST -> GET http://localhost:8081/api/projekty?page=0&size=20&sort=
2025-06-12 17:37:13.630 [http-nio-8081-exec-158] INFO  c.project.service.ProjektServiceImpl.getProjekty(106) - REQUEST -> GET http://localhost:8081/api/projekty?page=0&size=20&sort=
2025-06-12 17:37:13.632 [http-nio-8081-exec-159] INFO  c.project.service.ProjektServiceImpl.getProjekty(106) - REQUEST -> GET http://localhost:8081/api/projekty?page=0&size=20&sort=
2025-06-12 17:37:13.633 [http-nio-8081-exec-160] INFO  c.project.service.ProjektServiceImpl.getProjekty(106) - REQUEST -> GET http://localhost:8081/api/projekty?page=0&size=20&sort=
2025-06-12 17:37:13.636 [http-nio-8081-exec-161] INFO  c.project.service.ProjektServiceImpl.getProjekty(106) - REQUEST -> GET http://localhost:8081/api/projekty?page=0&size=20&sort=
2025-06-12 17:37:13.638 [http-nio-8081-exec-162] INFO  c.project.service.ProjektServiceImpl.getProjekty(106) - REQUEST -> GET http://localhost:8081/api/projekty?page=0&size=20&sort=
2025-06-12 17:37:13.641 [http-nio-8081-exec-163] INFO  c.project.service.ProjektServiceImpl.getProjekty(106) - REQUEST -> GET http://localhost:8081/api/projekty?page=0&size=20&sort=
2025-06-12 17:37:13.644 [http-nio-8081-exec-164] INFO  c.project.service.ProjektServiceImpl.getProjekty(106) - REQUEST -> GET http://localhost:8081/api/projekty?page=0&size=20&sort=
2025-06-12 17:37:13.645 [http-nio-8081-exec-165] INFO  c.project.service.ProjektServiceImpl.getProjekty(106) - REQUEST -> GET http://localhost:8081/api/projekty?page=0&size=20&sort=
2025-06-12 17:37:13.647 [http-nio-8081-exec-166] INFO  c.project.service.ProjektServiceImpl.getProjekty(106) - REQUEST -> GET http://localhost:8081/api/projekty?page=0&size=20&sort=
2025-06-12 17:37:13.649 [http-nio-8081-exec-167] INFO  c.project.service.ProjektServiceImpl.getProjekty(106) - REQUEST -> GET http://localhost:8081/api/projekty?page=0&size=20&sort=
2025-06-12 17:37:13.650 [http-nio-8081-exec-168] INFO  c.project.service.ProjektServiceImpl.getProjekty(106) - REQUEST -> GET http://localhost:8081/api/projekty?page=0&size=20&sort=
2025-06-12 17:37:13.651 [http-nio-8081-exec-169] INFO  c.project.service.ProjektServiceImpl.getProjekty(106) - REQUEST -> GET http://localhost:8081/api/projekty?page=0&size=20&sort=
2025-06-12 17:37:13.653 [http-nio-8081-exec-170] INFO  c.project.service.ProjektServiceImpl.getProjekty(106) - REQUEST -> GET http://localhost:8081/api/projekty?page=0&size=20&sort=
2025-06-12 17:37:13.655 [http-nio-8081-exec-171] INFO  c.project.service.ProjektServiceImpl.getProjekty(106) - REQUEST -> GET http://localhost:8081/api/projekty?page=0&size=20&sort=
2025-06-12 17:37:13.657 [http-nio-8081-exec-172] INFO  c.project.service.ProjektServiceImpl.getProjekty(106) - REQUEST -> GET http://localhost:8081/api/projekty?page=0&size=20&sort=
2025-06-12 17:37:13.658 [http-nio-8081-exec-173] INFO  c.project.service.ProjektServiceImpl.getProjekty(106) - REQUEST -> GET http://localhost:8081/api/projekty?page=0&size=20&sort=
2025-06-12 17:37:13.660 [http-nio-8081-exec-174] INFO  c.project.service.ProjektServiceImpl.getProjekty(106) - REQUEST -> GET http://localhost:8081/api/projekty?page=0&size=20&sort=
2025-06-12 17:37:13.662 [http-nio-8081-exec-175] INFO  c.project.service.ProjektServiceImpl.getProjekty(106) - REQUEST -> GET http://localhost:8081/api/projekty?page=0&size=20&sort=
2025-06-12 17:37:13.664 [http-nio-8081-exec-176] INFO  c.project.service.ProjektServiceImpl.getProjekty(106) - REQUEST -> GET http://localhost:8081/api/projekty?page=0&size=20&sort=
2025-06-12 17:37:13.665 [http-nio-8081-exec-177] INFO  c.project.service.ProjektServiceImpl.getProjekty(106) - REQUEST -> GET http://localhost:8081/api/projekty?page=0&size=20&sort=
2025-06-12 17:37:13.667 [http-nio-8081-exec-178] INFO  c.project.service.ProjektServiceImpl.getProjekty(106) - REQUEST -> GET http://localhost:8081/api/projekty?page=0&size=20&sort=
2025-06-12 17:37:13.668 [http-nio-8081-exec-179] INFO  c.project.service.ProjektServiceImpl.getProjekty(106) - REQUEST -> GET http://localhost:8081/api/projekty?page=0&size=20&sort=
2025-06-12 17:37:13.670 [http-nio-8081-exec-180] INFO  c.project.service.ProjektServiceImpl.getProjekty(106) - REQUEST -> GET http://localhost:8081/api/projekty?page=0&size=20&sort=
2025-06-12 17:37:13.672 [http-nio-8081-exec-181] INFO  c.project.service.ProjektServiceImpl.getProjekty(106) - REQUEST -> GET http://localhost:8081/api/projekty?page=0&size=20&sort=
2025-06-12 17:37:13.674 [http-nio-8081-exec-182] INFO  c.project.service.ProjektServiceImpl.getProjekty(106) - REQUEST -> GET http://localhost:8081/api/projekty?page=0&size=20&sort=
2025-06-12 17:37:13.675 [http-nio-8081-exec-183] INFO  c.project.service.ProjektServiceImpl.getProjekty(106) - REQUEST -> GET http://localhost:8081/api/projekty?page=0&size=20&sort=
2025-06-12 17:37:13.678 [http-nio-8081-exec-184] INFO  c.project.service.ProjektServiceImpl.getProjekty(106) - REQUEST -> GET http://localhost:8081/api/projekty?page=0&size=20&sort=
2025-06-12 17:37:13.679 [http-nio-8081-exec-185] INFO  c.project.service.ProjektServiceImpl.getProjekty(106) - REQUEST -> GET http://localhost:8081/api/projekty?page=0&size=20&sort=
2025-06-12 17:37:13.682 [http-nio-8081-exec-186] INFO  c.project.service.ProjektServiceImpl.getProjekty(106) - REQUEST -> GET http://localhost:8081/api/projekty?page=0&size=20&sort=
2025-06-12 17:37:13.683 [http-nio-8081-exec-187] INFO  c.project.service.ProjektServiceImpl.getProjekty(106) - REQUEST -> GET http://localhost:8081/api/projekty?page=0&size=20&sort=
2025-06-12 17:37:13.685 [http-nio-8081-exec-188] INFO  c.project.service.ProjektServiceImpl.getProjekty(106) - REQUEST -> GET http://localhost:8081/api/projekty?page=0&size=20&sort=
2025-06-12 17:37:13.686 [http-nio-8081-exec-189] INFO  c.project.service.ProjektServiceImpl.getProjekty(106) - REQUEST -> GET http://localhost:8081/api/projekty?page=0&size=20&sort=
2025-06-12 17:37:13.688 [http-nio-8081-exec-190] INFO  c.project.service.ProjektServiceImpl.getProjekty(106) - REQUEST -> GET http://localhost:8081/api/projekty?page=0&size=20&sort=
2025-06-12 17:37:13.689 [http-nio-8081-exec-191] INFO  c.project.service.ProjektServiceImpl.getProjekty(106) - REQUEST -> GET http://localhost:8081/api/projekty?page=0&size=20&sort=
2025-06-12 17:37:13.691 [http-nio-8081-exec-192] INFO  c.project.service.ProjektServiceImpl.getProjekty(106) - REQUEST -> GET http://localhost:8081/api/projekty?page=0&size=20&sort=
2025-06-12 17:37:13.695 [http-nio-8081-exec-193] INFO  c.project.service.ProjektServiceImpl.getProjekty(106) - REQUEST -> GET http://localhost:8081/api/projekty?page=0&size=20&sort=
2025-06-12 17:37:13.697 [http-nio-8081-exec-194] INFO  c.project.service.ProjektServiceImpl.getProjekty(106) - REQUEST -> GET http://localhost:8081/api/projekty?page=0&size=20&sort=
2025-06-12 17:37:13.701 [http-nio-8081-exec-195] INFO  c.project.service.ProjektServiceImpl.getProjekty(106) - REQUEST -> GET http://localhost:8081/api/projekty?page=0&size=20&sort=
2025-06-12 17:37:13.703 [http-nio-8081-exec-196] INFO  c.project.service.ProjektServiceImpl.getProjekty(106) - REQUEST -> GET http://localhost:8081/api/projekty?page=0&size=20&sort=
2025-06-12 17:37:13.706 [http-nio-8081-exec-197] INFO  c.project.service.ProjektServiceImpl.getProjekty(106) - REQUEST -> GET http://localhost:8081/api/projekty?page=0&size=20&sort=
2025-06-12 17:37:13.709 [http-nio-8081-exec-198] INFO  c.project.service.ProjektServiceImpl.getProjekty(106) - REQUEST -> GET http://localhost:8081/api/projekty?page=0&size=20&sort=
2025-06-12 17:37:13.711 [http-nio-8081-exec-199] INFO  c.project.service.ProjektServiceImpl.getProjekty(106) - REQUEST -> GET http://localhost:8081/api/projekty?page=0&size=20&sort=
2025-06-12 17:37:13.715 [http-nio-8081-exec-200] INFO  c.project.service.ProjektServiceImpl.getProjekty(106) - REQUEST -> GET http://localhost:8081/api/projekty?page=0&size=20&sort=
2025-06-23 16:49:39.806 [restartedMain] INFO  c.project.ProjectRestApiApplication.logStarting(53) - Starting ProjectRestApiApplication using Java 23.0.2 with PID 10640 (C:\Users\miche\Downloads\project-rest-api\build\classes\java\main started by miche in C:\Users\miche\Downloads\project-rest-api)
2025-06-23 16:49:39.808 [restartedMain] INFO  c.project.ProjectRestApiApplication.logStartupProfileInfo(652) - No active profile set, falling back to 1 default profile: "default"
2025-06-23 16:49:52.045 [restartedMain] INFO  c.project.ProjectRestApiApplication.logStarted(59) - Started ProjectRestApiApplication in 13.053 seconds (process running for 14.332)
2025-06-23 16:51:42.157 [restartedMain] INFO  c.project.ProjectRestApiApplication.logStarting(53) - Starting ProjectRestApiApplication using Java 23.0.2 with PID 25260 (C:\Users\miche\Downloads\project-rest-api\build\classes\java\main started by miche in C:\Users\miche\Downloads\project-rest-api)
2025-06-23 16:51:42.158 [restartedMain] INFO  c.project.ProjectRestApiApplication.logStartupProfileInfo(652) - No active profile set, falling back to 1 default profile: "default"
2025-06-23 16:51:47.848 [restartedMain] INFO  c.project.ProjectRestApiApplication.logStarted(59) - Started ProjectRestApiApplication in 6.159 seconds (process running for 6.783)
2025-06-23 16:52:30.833 [http-nio-8081-exec-7] INFO  c.project.service.ProjektServiceImpl.getProjekty(106) - REQUEST -> GET /api/projekty?page=0&size=20&sort=
2025-06-23 16:52:30.886 [http-nio-8081-exec-10] INFO  c.project.service.ProjektServiceImpl.getProjekty(106) - REQUEST -> GET /api/projekty?page=0&size=20&sort=
2025-06-23 16:52:30.889 [http-nio-8081-exec-1] INFO  c.project.service.ProjektServiceImpl.getProjekty(106) - REQUEST -> GET /api/projekty?page=0&size=20&sort=
2025-06-23 16:52:30.893 [http-nio-8081-exec-2] INFO  c.project.service.ProjektServiceImpl.getProjekty(106) - REQUEST -> GET /api/projekty?page=0&size=20&sort=
2025-06-23 16:52:30.896 [http-nio-8081-exec-3] INFO  c.project.service.ProjektServiceImpl.getProjekty(106) - REQUEST -> GET /api/projekty?page=0&size=20&sort=
2025-06-23 16:52:30.898 [http-nio-8081-exec-5] INFO  c.project.service.ProjektServiceImpl.getProjekty(106) - REQUEST -> GET /api/projekty?page=0&size=20&sort=
2025-06-23 16:52:30.901 [http-nio-8081-exec-6] INFO  c.project.service.ProjektServiceImpl.getProjekty(106) - REQUEST -> GET /api/projekty?page=0&size=20&sort=
2025-06-23 16:52:30.904 [http-nio-8081-exec-4] INFO  c.project.service.ProjektServiceImpl.getProjekty(106) - REQUEST -> GET /api/projekty?page=0&size=20&sort=
2025-06-23 16:52:30.907 [http-nio-8081-exec-9] INFO  c.project.service.ProjektServiceImpl.getProjekty(106) - REQUEST -> GET /api/projekty?page=0&size=20&sort=
2025-06-23 16:52:30.910 [http-nio-8081-exec-8] INFO  c.project.service.ProjektServiceImpl.getProjekty(106) - REQUEST -> GET /api/projekty?page=0&size=20&sort=
2025-06-23 16:52:30.914 [http-nio-8081-exec-11] INFO  c.project.service.ProjektServiceImpl.getProjekty(106) - REQUEST -> GET /api/projekty?page=0&size=20&sort=
2025-06-23 16:52:30.917 [http-nio-8081-exec-12] INFO  c.project.service.ProjektServiceImpl.getProjekty(106) - REQUEST -> GET /api/projekty?page=0&size=20&sort=
2025-06-23 16:52:30.921 [http-nio-8081-exec-13] INFO  c.project.service.ProjektServiceImpl.getProjekty(106) - REQUEST -> GET /api/projekty?page=0&size=20&sort=
2025-06-23 16:52:30.924 [http-nio-8081-exec-14] INFO  c.project.service.ProjektServiceImpl.getProjekty(106) - REQUEST -> GET /api/projekty?page=0&size=20&sort=
2025-06-23 16:52:30.927 [http-nio-8081-exec-15] INFO  c.project.service.ProjektServiceImpl.getProjekty(106) - REQUEST -> GET /api/projekty?page=0&size=20&sort=
2025-06-23 16:52:30.930 [http-nio-8081-exec-16] INFO  c.project.service.ProjektServiceImpl.getProjekty(106) - REQUEST -> GET /api/projekty?page=0&size=20&sort=
2025-06-23 16:52:30.934 [http-nio-8081-exec-17] INFO  c.project.service.ProjektServiceImpl.getProjekty(106) - REQUEST -> GET /api/projekty?page=0&size=20&sort=
2025-06-23 16:52:30.938 [http-nio-8081-exec-18] INFO  c.project.service.ProjektServiceImpl.getProjekty(106) - REQUEST -> GET /api/projekty?page=0&size=20&sort=
2025-06-23 16:52:30.941 [http-nio-8081-exec-19] INFO  c.project.service.ProjektServiceImpl.getProjekty(106) - REQUEST -> GET /api/projekty?page=0&size=20&sort=
2025-06-23 16:52:30.944 [http-nio-8081-exec-20] INFO  c.project.service.ProjektServiceImpl.getProjekty(106) - REQUEST -> GET /api/projekty?page=0&size=20&sort=
2025-06-23 16:52:30.947 [http-nio-8081-exec-21] INFO  c.project.service.ProjektServiceImpl.getProjekty(106) - REQUEST -> GET /api/projekty?page=0&size=20&sort=
2025-06-23 16:52:30.951 [http-nio-8081-exec-22] INFO  c.project.service.ProjektServiceImpl.getProjekty(106) - REQUEST -> GET /api/projekty?page=0&size=20&sort=
2025-06-23 16:52:30.954 [http-nio-8081-exec-23] INFO  c.project.service.ProjektServiceImpl.getProjekty(106) - REQUEST -> GET /api/projekty?page=0&size=20&sort=
2025-06-23 16:52:30.957 [http-nio-8081-exec-24] INFO  c.project.service.ProjektServiceImpl.getProjekty(106) - REQUEST -> GET /api/projekty?page=0&size=20&sort=
2025-06-23 16:52:30.960 [http-nio-8081-exec-25] INFO  c.project.service.ProjektServiceImpl.getProjekty(106) - REQUEST -> GET /api/projekty?page=0&size=20&sort=
2025-06-23 16:52:30.964 [http-nio-8081-exec-26] INFO  c.project.service.ProjektServiceImpl.getProjekty(106) - REQUEST -> GET /api/projekty?page=0&size=20&sort=
2025-06-23 16:52:30.967 [http-nio-8081-exec-27] INFO  c.project.service.ProjektServiceImpl.getProjekty(106) - REQUEST -> GET /api/projekty?page=0&size=20&sort=
2025-06-23 16:52:30.970 [http-nio-8081-exec-28] INFO  c.project.service.ProjektServiceImpl.getProjekty(106) - REQUEST -> GET /api/projekty?page=0&size=20&sort=
2025-06-23 16:52:30.972 [http-nio-8081-exec-29] INFO  c.project.service.ProjektServiceImpl.getProjekty(106) - REQUEST -> GET /api/projekty?page=0&size=20&sort=
2025-06-23 16:52:30.975 [http-nio-8081-exec-30] INFO  c.project.service.ProjektServiceImpl.getProjekty(106) - REQUEST -> GET /api/projekty?page=0&size=20&sort=
2025-06-23 16:52:30.978 [http-nio-8081-exec-31] INFO  c.project.service.ProjektServiceImpl.getProjekty(106) - REQUEST -> GET /api/projekty?page=0&size=20&sort=
2025-06-23 16:52:30.986 [http-nio-8081-exec-32] INFO  c.project.service.ProjektServiceImpl.getProjekty(106) - REQUEST -> GET /api/projekty?page=0&size=20&sort=
2025-06-23 16:52:30.990 [http-nio-8081-exec-33] INFO  c.project.service.ProjektServiceImpl.getProjekty(106) - REQUEST -> GET /api/projekty?page=0&size=20&sort=
2025-06-23 16:52:30.993 [http-nio-8081-exec-34] INFO  c.project.service.ProjektServiceImpl.getProjekty(106) - REQUEST -> GET /api/projekty?page=0&size=20&sort=
2025-06-23 16:52:30.996 [http-nio-8081-exec-35] INFO  c.project.service.ProjektServiceImpl.getProjekty(106) - REQUEST -> GET /api/projekty?page=0&size=20&sort=
2025-06-23 16:52:30.999 [http-nio-8081-exec-36] INFO  c.project.service.ProjektServiceImpl.getProjekty(106) - REQUEST -> GET /api/projekty?page=0&size=20&sort=
2025-06-23 16:52:31.001 [http-nio-8081-exec-37] INFO  c.project.service.ProjektServiceImpl.getProjekty(106) - REQUEST -> GET /api/projekty?page=0&size=20&sort=
2025-06-23 16:52:31.004 [http-nio-8081-exec-38] INFO  c.project.service.ProjektServiceImpl.getProjekty(106) - REQUEST -> GET /api/projekty?page=0&size=20&sort=
2025-06-23 16:52:31.006 [http-nio-8081-exec-39] INFO  c.project.service.ProjektServiceImpl.getProjekty(106) - REQUEST -> GET /api/projekty?page=0&size=20&sort=
2025-06-23 16:52:31.008 [http-nio-8081-exec-40] INFO  c.project.service.ProjektServiceImpl.getProjekty(106) - REQUEST -> GET /api/projekty?page=0&size=20&sort=
2025-06-23 16:52:31.011 [http-nio-8081-exec-41] INFO  c.project.service.ProjektServiceImpl.getProjekty(106) - REQUEST -> GET /api/projekty?page=0&size=20&sort=
2025-06-23 16:52:31.014 [http-nio-8081-exec-42] INFO  c.project.service.ProjektServiceImpl.getProjekty(106) - REQUEST -> GET /api/projekty?page=0&size=20&sort=
2025-06-23 16:52:31.017 [http-nio-8081-exec-43] INFO  c.project.service.ProjektServiceImpl.getProjekty(106) - REQUEST -> GET /api/projekty?page=0&size=20&sort=
2025-06-23 16:52:31.021 [http-nio-8081-exec-44] INFO  c.project.service.ProjektServiceImpl.getProjekty(106) - REQUEST -> GET /api/projekty?page=0&size=20&sort=
2025-06-23 16:52:31.024 [http-nio-8081-exec-45] INFO  c.project.service.ProjektServiceImpl.getProjekty(106) - REQUEST -> GET /api/projekty?page=0&size=20&sort=
2025-06-23 16:52:31.027 [http-nio-8081-exec-46] INFO  c.project.service.ProjektServiceImpl.getProjekty(106) - REQUEST -> GET /api/projekty?page=0&size=20&sort=
2025-06-23 16:52:31.030 [http-nio-8081-exec-47] INFO  c.project.service.ProjektServiceImpl.getProjekty(106) - REQUEST -> GET /api/projekty?page=0&size=20&sort=
2025-06-23 16:52:31.034 [http-nio-8081-exec-48] INFO  c.project.service.ProjektServiceImpl.getProjekty(106) - REQUEST -> GET /api/projekty?page=0&size=20&sort=
2025-06-23 16:52:31.036 [http-nio-8081-exec-49] INFO  c.project.service.ProjektServiceImpl.getProjekty(106) - REQUEST -> GET /api/projekty?page=0&size=20&sort=
2025-06-23 16:52:31.039 [http-nio-8081-exec-50] INFO  c.project.service.ProjektServiceImpl.getProjekty(106) - REQUEST -> GET /api/projekty?page=0&size=20&sort=
2025-06-23 16:52:31.043 [http-nio-8081-exec-51] INFO  c.project.service.ProjektServiceImpl.getProjekty(106) - REQUEST -> GET /api/projekty?page=0&size=20&sort=
2025-06-23 16:52:31.048 [http-nio-8081-exec-52] INFO  c.project.service.ProjektServiceImpl.getProjekty(106) - REQUEST -> GET /api/projekty?page=0&size=20&sort=
2025-06-23 16:52:31.053 [http-nio-8081-exec-53] INFO  c.project.service.ProjektServiceImpl.getProjekty(106) - REQUEST -> GET /api/projekty?page=0&size=20&sort=
2025-06-23 16:52:31.057 [http-nio-8081-exec-54] INFO  c.project.service.ProjektServiceImpl.getProjekty(106) - REQUEST -> GET /api/projekty?page=0&size=20&sort=
2025-06-23 16:52:31.060 [http-nio-8081-exec-55] INFO  c.project.service.ProjektServiceImpl.getProjekty(106) - REQUEST -> GET /api/projekty?page=0&size=20&sort=
2025-06-23 16:52:31.063 [http-nio-8081-exec-56] INFO  c.project.service.ProjektServiceImpl.getProjekty(106) - REQUEST -> GET /api/projekty?page=0&size=20&sort=
2025-06-23 16:52:31.066 [http-nio-8081-exec-57] INFO  c.project.service.ProjektServiceImpl.getProjekty(106) - REQUEST -> GET /api/projekty?page=0&size=20&sort=
2025-06-23 16:52:31.069 [http-nio-8081-exec-58] INFO  c.project.service.ProjektServiceImpl.getProjekty(106) - REQUEST -> GET /api/projekty?page=0&size=20&sort=
2025-06-23 16:52:31.071 [http-nio-8081-exec-59] INFO  c.project.service.ProjektServiceImpl.getProjekty(106) - REQUEST -> GET /api/projekty?page=0&size=20&sort=
2025-06-23 16:52:31.075 [http-nio-8081-exec-60] INFO  c.project.service.ProjektServiceImpl.getProjekty(106) - REQUEST -> GET /api/projekty?page=0&size=20&sort=
2025-06-23 16:52:31.078 [http-nio-8081-exec-61] INFO  c.project.service.ProjektServiceImpl.getProjekty(106) - REQUEST -> GET /api/projekty?page=0&size=20&sort=
2025-06-23 16:52:31.081 [http-nio-8081-exec-62] INFO  c.project.service.ProjektServiceImpl.getProjekty(106) - REQUEST -> GET /api/projekty?page=0&size=20&sort=
2025-06-23 16:52:31.084 [http-nio-8081-exec-63] INFO  c.project.service.ProjektServiceImpl.getProjekty(106) - REQUEST -> GET /api/projekty?page=0&size=20&sort=
2025-06-23 16:52:31.086 [http-nio-8081-exec-64] INFO  c.project.service.ProjektServiceImpl.getProjekty(106) - REQUEST -> GET /api/projekty?page=0&size=20&sort=
2025-06-23 16:52:31.091 [http-nio-8081-exec-65] INFO  c.project.service.ProjektServiceImpl.getProjekty(106) - REQUEST -> GET /api/projekty?page=0&size=20&sort=
2025-06-23 16:52:31.094 [http-nio-8081-exec-66] INFO  c.project.service.ProjektServiceImpl.getProjekty(106) - REQUEST -> GET /api/projekty?page=0&size=20&sort=
2025-06-23 16:52:31.097 [http-nio-8081-exec-67] INFO  c.project.service.ProjektServiceImpl.getProjekty(106) - REQUEST -> GET /api/projekty?page=0&size=20&sort=
2025-06-23 16:52:31.099 [http-nio-8081-exec-68] INFO  c.project.service.ProjektServiceImpl.getProjekty(106) - REQUEST -> GET /api/projekty?page=0&size=20&sort=
2025-06-23 16:52:31.103 [http-nio-8081-exec-69] INFO  c.project.service.ProjektServiceImpl.getProjekty(106) - REQUEST -> GET /api/projekty?page=0&size=20&sort=
2025-06-23 16:52:31.106 [http-nio-8081-exec-70] INFO  c.project.service.ProjektServiceImpl.getProjekty(106) - REQUEST -> GET /api/projekty?page=0&size=20&sort=
2025-06-23 16:52:31.109 [http-nio-8081-exec-71] INFO  c.project.service.ProjektServiceImpl.getProjekty(106) - REQUEST -> GET /api/projekty?page=0&size=20&sort=
2025-06-23 16:52:31.113 [http-nio-8081-exec-72] INFO  c.project.service.ProjektServiceImpl.getProjekty(106) - REQUEST -> GET /api/projekty?page=0&size=20&sort=
2025-06-23 16:52:31.116 [http-nio-8081-exec-73] INFO  c.project.service.ProjektServiceImpl.getProjekty(106) - REQUEST -> GET /api/projekty?page=0&size=20&sort=
2025-06-23 16:52:31.120 [http-nio-8081-exec-74] INFO  c.project.service.ProjektServiceImpl.getProjekty(106) - REQUEST -> GET /api/projekty?page=0&size=20&sort=
2025-06-23 16:52:31.123 [http-nio-8081-exec-75] INFO  c.project.service.ProjektServiceImpl.getProjekty(106) - REQUEST -> GET /api/projekty?page=0&size=20&sort=
2025-06-23 16:52:31.126 [http-nio-8081-exec-76] INFO  c.project.service.ProjektServiceImpl.getProjekty(106) - REQUEST -> GET /api/projekty?page=0&size=20&sort=
2025-06-23 16:52:31.129 [http-nio-8081-exec-77] INFO  c.project.service.ProjektServiceImpl.getProjekty(106) - REQUEST -> GET /api/projekty?page=0&size=20&sort=
2025-06-23 16:52:31.132 [http-nio-8081-exec-78] INFO  c.project.service.ProjektServiceImpl.getProjekty(106) - REQUEST -> GET /api/projekty?page=0&size=20&sort=
2025-06-23 16:52:31.134 [http-nio-8081-exec-79] INFO  c.project.service.ProjektServiceImpl.getProjekty(106) - REQUEST -> GET /api/projekty?page=0&size=20&sort=
2025-06-23 16:52:31.138 [http-nio-8081-exec-80] INFO  c.project.service.ProjektServiceImpl.getProjekty(106) - REQUEST -> GET /api/projekty?page=0&size=20&sort=
2025-06-23 16:52:31.141 [http-nio-8081-exec-81] INFO  c.project.service.ProjektServiceImpl.getProjekty(106) - REQUEST -> GET /api/projekty?page=0&size=20&sort=
2025-06-23 16:52:31.144 [http-nio-8081-exec-82] INFO  c.project.service.ProjektServiceImpl.getProjekty(106) - REQUEST -> GET /api/projekty?page=0&size=20&sort=
2025-06-23 16:52:31.146 [http-nio-8081-exec-83] INFO  c.project.service.ProjektServiceImpl.getProjekty(106) - REQUEST -> GET /api/projekty?page=0&size=20&sort=
2025-06-23 16:52:31.149 [http-nio-8081-exec-84] INFO  c.project.service.ProjektServiceImpl.getProjekty(106) - REQUEST -> GET /api/projekty?page=0&size=20&sort=
2025-06-23 16:52:31.152 [http-nio-8081-exec-85] INFO  c.project.service.ProjektServiceImpl.getProjekty(106) - REQUEST -> GET /api/projekty?page=0&size=20&sort=
2025-06-23 16:52:31.155 [http-nio-8081-exec-86] INFO  c.project.service.ProjektServiceImpl.getProjekty(106) - REQUEST -> GET /api/projekty?page=0&size=20&sort=
2025-06-23 16:52:31.158 [http-nio-8081-exec-87] INFO  c.project.service.ProjektServiceImpl.getProjekty(106) - REQUEST -> GET /api/projekty?page=0&size=20&sort=
2025-06-23 16:52:31.162 [http-nio-8081-exec-88] INFO  c.project.service.ProjektServiceImpl.getProjekty(106) - REQUEST -> GET /api/projekty?page=0&size=20&sort=
2025-06-23 16:52:31.164 [http-nio-8081-exec-89] INFO  c.project.service.ProjektServiceImpl.getProjekty(106) - REQUEST -> GET /api/projekty?page=0&size=20&sort=
2025-06-23 16:52:31.166 [http-nio-8081-exec-90] INFO  c.project.service.ProjektServiceImpl.getProjekty(106) - REQUEST -> GET /api/projekty?page=0&size=20&sort=
2025-06-23 16:52:31.169 [http-nio-8081-exec-91] INFO  c.project.service.ProjektServiceImpl.getProjekty(106) - REQUEST -> GET /api/projekty?page=0&size=20&sort=
2025-06-23 16:52:31.171 [http-nio-8081-exec-92] INFO  c.project.service.ProjektServiceImpl.getProjekty(106) - REQUEST -> GET /api/projekty?page=0&size=20&sort=
2025-06-23 16:52:31.174 [http-nio-8081-exec-93] INFO  c.project.service.ProjektServiceImpl.getProjekty(106) - REQUEST -> GET /api/projekty?page=0&size=20&sort=
2025-06-23 16:52:31.177 [http-nio-8081-exec-94] INFO  c.project.service.ProjektServiceImpl.getProjekty(106) - REQUEST -> GET /api/projekty?page=0&size=20&sort=
2025-06-23 16:52:31.180 [http-nio-8081-exec-95] INFO  c.project.service.ProjektServiceImpl.getProjekty(106) - REQUEST -> GET /api/projekty?page=0&size=20&sort=
2025-06-23 16:52:31.183 [http-nio-8081-exec-96] INFO  c.project.service.ProjektServiceImpl.getProjekty(106) - REQUEST -> GET /api/projekty?page=0&size=20&sort=
2025-06-23 16:52:31.186 [http-nio-8081-exec-97] INFO  c.project.service.ProjektServiceImpl.getProjekty(106) - REQUEST -> GET /api/projekty?page=0&size=20&sort=
2025-06-23 16:52:31.189 [http-nio-8081-exec-98] INFO  c.project.service.ProjektServiceImpl.getProjekty(106) - REQUEST -> GET /api/projekty?page=0&size=20&sort=
2025-06-23 16:52:31.191 [http-nio-8081-exec-99] INFO  c.project.service.ProjektServiceImpl.getProjekty(106) - REQUEST -> GET /api/projekty?page=0&size=20&sort=
2025-06-23 16:52:31.194 [http-nio-8081-exec-100] INFO  c.project.service.ProjektServiceImpl.getProjekty(106) - REQUEST -> GET /api/projekty?page=0&size=20&sort=
2025-06-23 16:52:31.196 [http-nio-8081-exec-101] INFO  c.project.service.ProjektServiceImpl.getProjekty(106) - REQUEST -> GET /api/projekty?page=0&size=20&sort=
2025-06-23 16:52:31.198 [http-nio-8081-exec-102] INFO  c.project.service.ProjektServiceImpl.getProjekty(106) - REQUEST -> GET /api/projekty?page=0&size=20&sort=
2025-06-23 16:52:31.201 [http-nio-8081-exec-103] INFO  c.project.service.ProjektServiceImpl.getProjekty(106) - REQUEST -> GET /api/projekty?page=0&size=20&sort=
2025-06-23 16:52:31.205 [http-nio-8081-exec-104] INFO  c.project.service.ProjektServiceImpl.getProjekty(106) - REQUEST -> GET /api/projekty?page=0&size=20&sort=
2025-06-23 16:52:31.207 [http-nio-8081-exec-105] INFO  c.project.service.ProjektServiceImpl.getProjekty(106) - REQUEST -> GET /api/projekty?page=0&size=20&sort=
2025-06-23 16:52:31.210 [http-nio-8081-exec-106] INFO  c.project.service.ProjektServiceImpl.getProjekty(106) - REQUEST -> GET /api/projekty?page=0&size=20&sort=
2025-06-23 16:52:31.213 [http-nio-8081-exec-107] INFO  c.project.service.ProjektServiceImpl.getProjekty(106) - REQUEST -> GET /api/projekty?page=0&size=20&sort=
2025-06-23 16:52:31.216 [http-nio-8081-exec-108] INFO  c.project.service.ProjektServiceImpl.getProjekty(106) - REQUEST -> GET /api/projekty?page=0&size=20&sort=
2025-06-23 16:52:31.218 [http-nio-8081-exec-109] INFO  c.project.service.ProjektServiceImpl.getProjekty(106) - REQUEST -> GET /api/projekty?page=0&size=20&sort=
2025-06-23 16:52:31.222 [http-nio-8081-exec-110] INFO  c.project.service.ProjektServiceImpl.getProjekty(106) - REQUEST -> GET /api/projekty?page=0&size=20&sort=
2025-06-23 16:52:31.224 [http-nio-8081-exec-111] INFO  c.project.service.ProjektServiceImpl.getProjekty(106) - REQUEST -> GET /api/projekty?page=0&size=20&sort=
2025-06-23 16:52:31.227 [http-nio-8081-exec-112] INFO  c.project.service.ProjektServiceImpl.getProjekty(106) - REQUEST -> GET /api/projekty?page=0&size=20&sort=
2025-06-23 16:52:31.230 [http-nio-8081-exec-113] INFO  c.project.service.ProjektServiceImpl.getProjekty(106) - REQUEST -> GET /api/projekty?page=0&size=20&sort=
2025-06-23 16:52:31.234 [http-nio-8081-exec-114] INFO  c.project.service.ProjektServiceImpl.getProjekty(106) - REQUEST -> GET /api/projekty?page=0&size=20&sort=
2025-06-23 16:52:31.236 [http-nio-8081-exec-115] INFO  c.project.service.ProjektServiceImpl.getProjekty(106) - REQUEST -> GET /api/projekty?page=0&size=20&sort=
2025-06-23 16:52:31.239 [http-nio-8081-exec-116] INFO  c.project.service.ProjektServiceImpl.getProjekty(106) - REQUEST -> GET /api/projekty?page=0&size=20&sort=
2025-06-23 16:52:31.242 [http-nio-8081-exec-117] INFO  c.project.service.ProjektServiceImpl.getProjekty(106) - REQUEST -> GET /api/projekty?page=0&size=20&sort=
2025-06-23 16:52:31.246 [http-nio-8081-exec-118] INFO  c.project.service.ProjektServiceImpl.getProjekty(106) - REQUEST -> GET /api/projekty?page=0&size=20&sort=
2025-06-23 16:52:31.249 [http-nio-8081-exec-119] INFO  c.project.service.ProjektServiceImpl.getProjekty(106) - REQUEST -> GET /api/projekty?page=0&size=20&sort=
2025-06-23 16:52:31.254 [http-nio-8081-exec-120] INFO  c.project.service.ProjektServiceImpl.getProjekty(106) - REQUEST -> GET /api/projekty?page=0&size=20&sort=
2025-06-23 16:52:31.257 [http-nio-8081-exec-121] INFO  c.project.service.ProjektServiceImpl.getProjekty(106) - REQUEST -> GET /api/projekty?page=0&size=20&sort=
2025-06-23 16:52:31.260 [http-nio-8081-exec-122] INFO  c.project.service.ProjektServiceImpl.getProjekty(106) - REQUEST -> GET /api/projekty?page=0&size=20&sort=
2025-06-23 16:52:31.263 [http-nio-8081-exec-123] INFO  c.project.service.ProjektServiceImpl.getProjekty(106) - REQUEST -> GET /api/projekty?page=0&size=20&sort=
2025-06-23 16:52:31.265 [http-nio-8081-exec-124] INFO  c.project.service.ProjektServiceImpl.getProjekty(106) - REQUEST -> GET /api/projekty?page=0&size=20&sort=
2025-06-23 16:52:31.267 [http-nio-8081-exec-125] INFO  c.project.service.ProjektServiceImpl.getProjekty(106) - REQUEST -> GET /api/projekty?page=0&size=20&sort=
2025-06-23 16:52:31.270 [http-nio-8081-exec-126] INFO  c.project.service.ProjektServiceImpl.getProjekty(106) - REQUEST -> GET /api/projekty?page=0&size=20&sort=
2025-06-23 16:52:31.278 [http-nio-8081-exec-127] INFO  c.project.service.ProjektServiceImpl.getProjekty(106) - REQUEST -> GET /api/projekty?page=0&size=20&sort=
2025-06-23 16:52:31.281 [http-nio-8081-exec-128] INFO  c.project.service.ProjektServiceImpl.getProjekty(106) - REQUEST -> GET /api/projekty?page=0&size=20&sort=
2025-06-23 16:52:31.286 [http-nio-8081-exec-129] INFO  c.project.service.ProjektServiceImpl.getProjekty(106) - REQUEST -> GET /api/projekty?page=0&size=20&sort=
2025-06-23 16:52:31.288 [http-nio-8081-exec-130] INFO  c.project.service.ProjektServiceImpl.getProjekty(106) - REQUEST -> GET /api/projekty?page=0&size=20&sort=
2025-06-23 16:52:31.291 [http-nio-8081-exec-131] INFO  c.project.service.ProjektServiceImpl.getProjekty(106) - REQUEST -> GET /api/projekty?page=0&size=20&sort=
2025-06-23 16:52:31.293 [http-nio-8081-exec-132] INFO  c.project.service.ProjektServiceImpl.getProjekty(106) - REQUEST -> GET /api/projekty?page=0&size=20&sort=
2025-06-23 16:52:31.294 [http-nio-8081-exec-133] INFO  c.project.service.ProjektServiceImpl.getProjekty(106) - REQUEST -> GET /api/projekty?page=0&size=20&sort=
2025-06-23 16:52:31.296 [http-nio-8081-exec-134] INFO  c.project.service.ProjektServiceImpl.getProjekty(106) - REQUEST -> GET /api/projekty?page=0&size=20&sort=
2025-06-23 16:52:31.298 [http-nio-8081-exec-135] INFO  c.project.service.ProjektServiceImpl.getProjekty(106) - REQUEST -> GET /api/projekty?page=0&size=20&sort=
2025-06-23 16:52:31.300 [http-nio-8081-exec-136] INFO  c.project.service.ProjektServiceImpl.getProjekty(106) - REQUEST -> GET /api/projekty?page=0&size=20&sort=
2025-06-23 16:52:31.301 [http-nio-8081-exec-137] INFO  c.project.service.ProjektServiceImpl.getProjekty(106) - REQUEST -> GET /api/projekty?page=0&size=20&sort=
2025-06-23 16:52:31.304 [http-nio-8081-exec-138] INFO  c.project.service.ProjektServiceImpl.getProjekty(106) - REQUEST -> GET /api/projekty?page=0&size=20&sort=
2025-06-23 16:52:31.306 [http-nio-8081-exec-139] INFO  c.project.service.ProjektServiceImpl.getProjekty(106) - REQUEST -> GET /api/projekty?page=0&size=20&sort=
2025-06-23 16:52:31.307 [http-nio-8081-exec-140] INFO  c.project.service.ProjektServiceImpl.getProjekty(106) - REQUEST -> GET /api/projekty?page=0&size=20&sort=
2025-06-23 16:52:31.309 [http-nio-8081-exec-141] INFO  c.project.service.ProjektServiceImpl.getProjekty(106) - REQUEST -> GET /api/projekty?page=0&size=20&sort=
2025-06-23 16:52:31.310 [http-nio-8081-exec-142] INFO  c.project.service.ProjektServiceImpl.getProjekty(106) - REQUEST -> GET /api/projekty?page=0&size=20&sort=
2025-06-23 16:52:31.312 [http-nio-8081-exec-143] INFO  c.project.service.ProjektServiceImpl.getProjekty(106) - REQUEST -> GET /api/projekty?page=0&size=20&sort=
2025-06-23 16:52:31.315 [http-nio-8081-exec-144] INFO  c.project.service.ProjektServiceImpl.getProjekty(106) - REQUEST -> GET /api/projekty?page=0&size=20&sort=
2025-06-23 16:52:31.317 [http-nio-8081-exec-145] INFO  c.project.service.ProjektServiceImpl.getProjekty(106) - REQUEST -> GET /api/projekty?page=0&size=20&sort=
2025-06-23 16:52:31.319 [http-nio-8081-exec-146] INFO  c.project.service.ProjektServiceImpl.getProjekty(106) - REQUEST -> GET /api/projekty?page=0&size=20&sort=
2025-06-23 16:52:31.321 [http-nio-8081-exec-147] INFO  c.project.service.ProjektServiceImpl.getProjekty(106) - REQUEST -> GET /api/projekty?page=0&size=20&sort=
2025-06-23 16:52:31.324 [http-nio-8081-exec-148] INFO  c.project.service.ProjektServiceImpl.getProjekty(106) - REQUEST -> GET /api/projekty?page=0&size=20&sort=
2025-06-23 16:52:31.325 [http-nio-8081-exec-149] INFO  c.project.service.ProjektServiceImpl.getProjekty(106) - REQUEST -> GET /api/projekty?page=0&size=20&sort=
2025-06-23 16:52:31.327 [http-nio-8081-exec-150] INFO  c.project.service.ProjektServiceImpl.getProjekty(106) - REQUEST -> GET /api/projekty?page=0&size=20&sort=
2025-06-23 16:52:31.329 [http-nio-8081-exec-151] INFO  c.project.service.ProjektServiceImpl.getProjekty(106) - REQUEST -> GET /api/projekty?page=0&size=20&sort=
2025-06-23 16:52:31.331 [http-nio-8081-exec-152] INFO  c.project.service.ProjektServiceImpl.getProjekty(106) - REQUEST -> GET /api/projekty?page=0&size=20&sort=
2025-06-23 16:52:31.332 [http-nio-8081-exec-153] INFO  c.project.service.ProjektServiceImpl.getProjekty(106) - REQUEST -> GET /api/projekty?page=0&size=20&sort=
2025-06-23 16:52:31.335 [http-nio-8081-exec-154] INFO  c.project.service.ProjektServiceImpl.getProjekty(106) - REQUEST -> GET /api/projekty?page=0&size=20&sort=
2025-06-23 16:52:31.338 [http-nio-8081-exec-155] INFO  c.project.service.ProjektServiceImpl.getProjekty(106) - REQUEST -> GET /api/projekty?page=0&size=20&sort=
2025-06-23 16:52:31.340 [http-nio-8081-exec-156] INFO  c.project.service.ProjektServiceImpl.getProjekty(106) - REQUEST -> GET /api/projekty?page=0&size=20&sort=
2025-06-23 16:52:31.342 [http-nio-8081-exec-157] INFO  c.project.service.ProjektServiceImpl.getProjekty(106) - REQUEST -> GET /api/projekty?page=0&size=20&sort=
2025-06-23 16:52:31.343 [http-nio-8081-exec-158] INFO  c.project.service.ProjektServiceImpl.getProjekty(106) - REQUEST -> GET /api/projekty?page=0&size=20&sort=
2025-06-23 16:52:31.345 [http-nio-8081-exec-159] INFO  c.project.service.ProjektServiceImpl.getProjekty(106) - REQUEST -> GET /api/projekty?page=0&size=20&sort=
2025-06-23 16:52:31.347 [http-nio-8081-exec-160] INFO  c.project.service.ProjektServiceImpl.getProjekty(106) - REQUEST -> GET /api/projekty?page=0&size=20&sort=
2025-06-23 16:52:31.349 [http-nio-8081-exec-161] INFO  c.project.service.ProjektServiceImpl.getProjekty(106) - REQUEST -> GET /api/projekty?page=0&size=20&sort=
2025-06-23 16:52:31.351 [http-nio-8081-exec-162] INFO  c.project.service.ProjektServiceImpl.getProjekty(106) - REQUEST -> GET /api/projekty?page=0&size=20&sort=
2025-06-23 16:52:31.352 [http-nio-8081-exec-163] INFO  c.project.service.ProjektServiceImpl.getProjekty(106) - REQUEST -> GET /api/projekty?page=0&size=20&sort=
2025-06-23 16:52:31.354 [http-nio-8081-exec-164] INFO  c.project.service.ProjektServiceImpl.getProjekty(106) - REQUEST -> GET /api/projekty?page=0&size=20&sort=
2025-06-23 16:52:31.356 [http-nio-8081-exec-165] INFO  c.project.service.ProjektServiceImpl.getProjekty(106) - REQUEST -> GET /api/projekty?page=0&size=20&sort=
2025-06-23 16:52:31.357 [http-nio-8081-exec-166] INFO  c.project.service.ProjektServiceImpl.getProjekty(106) - REQUEST -> GET /api/projekty?page=0&size=20&sort=
2025-06-23 16:52:31.358 [http-nio-8081-exec-167] INFO  c.project.service.ProjektServiceImpl.getProjekty(106) - REQUEST -> GET /api/projekty?page=0&size=20&sort=
2025-06-23 16:52:31.361 [http-nio-8081-exec-168] INFO  c.project.service.ProjektServiceImpl.getProjekty(106) - REQUEST -> GET /api/projekty?page=0&size=20&sort=
2025-06-23 16:52:31.363 [http-nio-8081-exec-169] INFO  c.project.service.ProjektServiceImpl.getProjekty(106) - REQUEST -> GET /api/projekty?page=0&size=20&sort=
2025-06-23 16:52:31.364 [http-nio-8081-exec-170] INFO  c.project.service.ProjektServiceImpl.getProjekty(106) - REQUEST -> GET /api/projekty?page=0&size=20&sort=
2025-06-23 16:52:31.365 [http-nio-8081-exec-171] INFO  c.project.service.ProjektServiceImpl.getProjekty(106) - REQUEST -> GET /api/projekty?page=0&size=20&sort=
2025-06-23 16:52:31.368 [http-nio-8081-exec-172] INFO  c.project.service.ProjektServiceImpl.getProjekty(106) - REQUEST -> GET /api/projekty?page=0&size=20&sort=
2025-06-23 16:52:31.370 [http-nio-8081-exec-173] INFO  c.project.service.ProjektServiceImpl.getProjekty(106) - REQUEST -> GET /api/projekty?page=0&size=20&sort=
2025-06-23 16:52:31.373 [http-nio-8081-exec-174] INFO  c.project.service.ProjektServiceImpl.getProjekty(106) - REQUEST -> GET /api/projekty?page=0&size=20&sort=
2025-06-23 16:52:31.379 [http-nio-8081-exec-175] INFO  c.project.service.ProjektServiceImpl.getProjekty(106) - REQUEST -> GET /api/projekty?page=0&size=20&sort=
2025-06-23 16:52:31.383 [http-nio-8081-exec-176] INFO  c.project.service.ProjektServiceImpl.getProjekty(106) - REQUEST -> GET /api/projekty?page=0&size=20&sort=
2025-06-23 16:52:31.385 [http-nio-8081-exec-177] INFO  c.project.service.ProjektServiceImpl.getProjekty(106) - REQUEST -> GET /api/projekty?page=0&size=20&sort=
2025-06-23 16:52:31.388 [http-nio-8081-exec-178] INFO  c.project.service.ProjektServiceImpl.getProjekty(106) - REQUEST -> GET /api/projekty?page=0&size=20&sort=
2025-06-23 16:52:31.391 [http-nio-8081-exec-179] INFO  c.project.service.ProjektServiceImpl.getProjekty(106) - REQUEST -> GET /api/projekty?page=0&size=20&sort=
2025-06-23 16:52:31.393 [http-nio-8081-exec-180] INFO  c.project.service.ProjektServiceImpl.getProjekty(106) - REQUEST -> GET /api/projekty?page=0&size=20&sort=
2025-06-23 16:52:31.395 [http-nio-8081-exec-181] INFO  c.project.service.ProjektServiceImpl.getProjekty(106) - REQUEST -> GET /api/projekty?page=0&size=20&sort=
2025-06-23 16:52:31.406 [http-nio-8081-exec-182] INFO  c.project.service.ProjektServiceImpl.getProjekty(106) - REQUEST -> GET /api/projekty?page=0&size=20&sort=
2025-06-23 16:52:31.410 [http-nio-8081-exec-183] INFO  c.project.service.ProjektServiceImpl.getProjekty(106) - REQUEST -> GET /api/projekty?page=0&size=20&sort=
2025-06-23 16:52:31.413 [http-nio-8081-exec-184] INFO  c.project.service.ProjektServiceImpl.getProjekty(106) - REQUEST -> GET /api/projekty?page=0&size=20&sort=
2025-06-23 16:52:31.415 [http-nio-8081-exec-185] INFO  c.project.service.ProjektServiceImpl.getProjekty(106) - REQUEST -> GET /api/projekty?page=0&size=20&sort=
2025-06-23 16:52:31.418 [http-nio-8081-exec-186] INFO  c.project.service.ProjektServiceImpl.getProjekty(106) - REQUEST -> GET /api/projekty?page=0&size=20&sort=
2025-06-23 16:52:31.421 [http-nio-8081-exec-187] INFO  c.project.service.ProjektServiceImpl.getProjekty(106) - REQUEST -> GET /api/projekty?page=0&size=20&sort=
2025-06-23 16:52:31.424 [http-nio-8081-exec-188] INFO  c.project.service.ProjektServiceImpl.getProjekty(106) - REQUEST -> GET /api/projekty?page=0&size=20&sort=
2025-06-23 16:52:31.426 [http-nio-8081-exec-189] INFO  c.project.service.ProjektServiceImpl.getProjekty(106) - REQUEST -> GET /api/projekty?page=0&size=20&sort=
2025-06-23 16:52:31.429 [http-nio-8081-exec-190] INFO  c.project.service.ProjektServiceImpl.getProjekty(106) - REQUEST -> GET /api/projekty?page=0&size=20&sort=
2025-06-23 16:52:31.432 [http-nio-8081-exec-191] INFO  c.project.service.ProjektServiceImpl.getProjekty(106) - REQUEST -> GET /api/projekty?page=0&size=20&sort=
2025-06-23 16:52:31.434 [http-nio-8081-exec-192] INFO  c.project.service.ProjektServiceImpl.getProjekty(106) - REQUEST -> GET /api/projekty?page=0&size=20&sort=
2025-06-23 16:52:31.437 [http-nio-8081-exec-193] INFO  c.project.service.ProjektServiceImpl.getProjekty(106) - REQUEST -> GET /api/projekty?page=0&size=20&sort=
2025-06-23 16:52:31.441 [http-nio-8081-exec-194] INFO  c.project.service.ProjektServiceImpl.getProjekty(106) - REQUEST -> GET /api/projekty?page=0&size=20&sort=
2025-06-23 16:52:31.445 [http-nio-8081-exec-195] INFO  c.project.service.ProjektServiceImpl.getProjekty(106) - REQUEST -> GET /api/projekty?page=0&size=20&sort=
2025-06-23 16:52:31.448 [http-nio-8081-exec-196] INFO  c.project.service.ProjektServiceImpl.getProjekty(106) - REQUEST -> GET /api/projekty?page=0&size=20&sort=
2025-06-23 16:52:31.451 [http-nio-8081-exec-197] INFO  c.project.service.ProjektServiceImpl.getProjekty(106) - REQUEST -> GET /api/projekty?page=0&size=20&sort=
2025-06-23 16:52:31.455 [http-nio-8081-exec-198] INFO  c.project.service.ProjektServiceImpl.getProjekty(106) - REQUEST -> GET /api/projekty?page=0&size=20&sort=
2025-06-23 16:52:31.461 [http-nio-8081-exec-199] INFO  c.project.service.ProjektServiceImpl.getProjekty(106) - REQUEST -> GET /api/projekty?page=0&size=20&sort=
2025-06-23 16:52:31.463 [http-nio-8081-exec-200] INFO  c.project.service.ProjektServiceImpl.getProjekty(106) - REQUEST -> GET /api/projekty?page=0&size=20&sort=
2025-06-23 16:53:16.081 [restartedMain] INFO  c.project.ProjectRestApiApplication.logStarting(53) - Starting ProjectRestApiApplication using Java 23.0.2 with PID 25224 (C:\Users\miche\Downloads\project-rest-api\build\classes\java\main started by miche in C:\Users\miche\Downloads\project-rest-api)
2025-06-23 16:53:16.082 [restartedMain] INFO  c.project.ProjectRestApiApplication.logStartupProfileInfo(652) - No active profile set, falling back to 1 default profile: "default"
2025-06-23 16:53:21.174 [restartedMain] INFO  c.project.ProjectRestApiApplication.logStarted(59) - Started ProjectRestApiApplication in 5.524 seconds (process running for 6.078)
2025-06-23 16:53:26.117 [http-nio-8081-exec-6] INFO  c.project.service.ProjektServiceImpl.getProjekty(106) - REQUEST -> GET /api/projekty?page=0&size=20&sort=
2025-06-23 16:53:26.165 [http-nio-8081-exec-3] INFO  c.project.service.ProjektServiceImpl.getProjekty(106) - REQUEST -> GET /api/projekty?page=0&size=20&sort=
2025-06-23 16:53:26.169 [http-nio-8081-exec-4] INFO  c.project.service.ProjektServiceImpl.getProjekty(106) - REQUEST -> GET /api/projekty?page=0&size=20&sort=
2025-06-23 16:53:26.172 [http-nio-8081-exec-7] INFO  c.project.service.ProjektServiceImpl.getProjekty(106) - REQUEST -> GET /api/projekty?page=0&size=20&sort=
2025-06-23 16:53:26.176 [http-nio-8081-exec-8] INFO  c.project.service.ProjektServiceImpl.getProjekty(106) - REQUEST -> GET /api/projekty?page=0&size=20&sort=
2025-06-23 16:53:26.179 [http-nio-8081-exec-9] INFO  c.project.service.ProjektServiceImpl.getProjekty(106) - REQUEST -> GET /api/projekty?page=0&size=20&sort=
2025-06-23 16:53:26.183 [http-nio-8081-exec-10] INFO  c.project.service.ProjektServiceImpl.getProjekty(106) - REQUEST -> GET /api/projekty?page=0&size=20&sort=
2025-06-23 16:53:26.186 [http-nio-8081-exec-1] INFO  c.project.service.ProjektServiceImpl.getProjekty(106) - REQUEST -> GET /api/projekty?page=0&size=20&sort=
2025-06-23 16:53:26.190 [http-nio-8081-exec-2] INFO  c.project.service.ProjektServiceImpl.getProjekty(106) - REQUEST -> GET /api/projekty?page=0&size=20&sort=
2025-06-23 16:53:26.194 [http-nio-8081-exec-5] INFO  c.project.service.ProjektServiceImpl.getProjekty(106) - REQUEST -> GET /api/projekty?page=0&size=20&sort=
2025-06-23 16:53:26.197 [http-nio-8081-exec-11] INFO  c.project.service.ProjektServiceImpl.getProjekty(106) - REQUEST -> GET /api/projekty?page=0&size=20&sort=
2025-06-23 16:53:26.201 [http-nio-8081-exec-12] INFO  c.project.service.ProjektServiceImpl.getProjekty(106) - REQUEST -> GET /api/projekty?page=0&size=20&sort=
2025-06-23 16:53:26.205 [http-nio-8081-exec-13] INFO  c.project.service.ProjektServiceImpl.getProjekty(106) - REQUEST -> GET /api/projekty?page=0&size=20&sort=
2025-06-23 16:53:26.208 [http-nio-8081-exec-14] INFO  c.project.service.ProjektServiceImpl.getProjekty(106) - REQUEST -> GET /api/projekty?page=0&size=20&sort=
2025-06-23 16:53:26.211 [http-nio-8081-exec-15] INFO  c.project.service.ProjektServiceImpl.getProjekty(106) - REQUEST -> GET /api/projekty?page=0&size=20&sort=
2025-06-23 16:53:26.214 [http-nio-8081-exec-16] INFO  c.project.service.ProjektServiceImpl.getProjekty(106) - REQUEST -> GET /api/projekty?page=0&size=20&sort=
2025-06-23 16:53:26.218 [http-nio-8081-exec-17] INFO  c.project.service.ProjektServiceImpl.getProjekty(106) - REQUEST -> GET /api/projekty?page=0&size=20&sort=
2025-06-23 16:53:26.221 [http-nio-8081-exec-18] INFO  c.project.service.ProjektServiceImpl.getProjekty(106) - REQUEST -> GET /api/projekty?page=0&size=20&sort=
2025-06-23 16:53:26.224 [http-nio-8081-exec-19] INFO  c.project.service.ProjektServiceImpl.getProjekty(106) - REQUEST -> GET /api/projekty?page=0&size=20&sort=
2025-06-23 16:53:26.227 [http-nio-8081-exec-20] INFO  c.project.service.ProjektServiceImpl.getProjekty(106) - REQUEST -> GET /api/projekty?page=0&size=20&sort=
2025-06-23 16:53:26.230 [http-nio-8081-exec-21] INFO  c.project.service.ProjektServiceImpl.getProjekty(106) - REQUEST -> GET /api/projekty?page=0&size=20&sort=
2025-06-23 16:53:26.234 [http-nio-8081-exec-22] INFO  c.project.service.ProjektServiceImpl.getProjekty(106) - REQUEST -> GET /api/projekty?page=0&size=20&sort=
2025-06-23 16:53:26.237 [http-nio-8081-exec-23] INFO  c.project.service.ProjektServiceImpl.getProjekty(106) - REQUEST -> GET /api/projekty?page=0&size=20&sort=
2025-06-23 16:53:26.240 [http-nio-8081-exec-24] INFO  c.project.service.ProjektServiceImpl.getProjekty(106) - REQUEST -> GET /api/projekty?page=0&size=20&sort=
2025-06-23 16:53:26.243 [http-nio-8081-exec-25] INFO  c.project.service.ProjektServiceImpl.getProjekty(106) - REQUEST -> GET /api/projekty?page=0&size=20&sort=
2025-06-23 16:53:26.245 [http-nio-8081-exec-26] INFO  c.project.service.ProjektServiceImpl.getProjekty(106) - REQUEST -> GET /api/projekty?page=0&size=20&sort=
2025-06-23 16:53:26.248 [http-nio-8081-exec-27] INFO  c.project.service.ProjektServiceImpl.getProjekty(106) - REQUEST -> GET /api/projekty?page=0&size=20&sort=
2025-06-23 16:53:26.251 [http-nio-8081-exec-28] INFO  c.project.service.ProjektServiceImpl.getProjekty(106) - REQUEST -> GET /api/projekty?page=0&size=20&sort=
2025-06-23 16:53:26.255 [http-nio-8081-exec-29] INFO  c.project.service.ProjektServiceImpl.getProjekty(106) - REQUEST -> GET /api/projekty?page=0&size=20&sort=
2025-06-23 16:53:26.259 [http-nio-8081-exec-30] INFO  c.project.service.ProjektServiceImpl.getProjekty(106) - REQUEST -> GET /api/projekty?page=0&size=20&sort=
2025-06-23 16:53:26.262 [http-nio-8081-exec-31] INFO  c.project.service.ProjektServiceImpl.getProjekty(106) - REQUEST -> GET /api/projekty?page=0&size=20&sort=
2025-06-23 16:53:26.265 [http-nio-8081-exec-32] INFO  c.project.service.ProjektServiceImpl.getProjekty(106) - REQUEST -> GET /api/projekty?page=0&size=20&sort=
2025-06-23 16:53:26.269 [http-nio-8081-exec-33] INFO  c.project.service.ProjektServiceImpl.getProjekty(106) - REQUEST -> GET /api/projekty?page=0&size=20&sort=
2025-06-23 16:53:26.272 [http-nio-8081-exec-34] INFO  c.project.service.ProjektServiceImpl.getProjekty(106) - REQUEST -> GET /api/projekty?page=0&size=20&sort=
2025-06-23 16:53:26.276 [http-nio-8081-exec-35] INFO  c.project.service.ProjektServiceImpl.getProjekty(106) - REQUEST -> GET /api/projekty?page=0&size=20&sort=
2025-06-23 16:53:26.280 [http-nio-8081-exec-36] INFO  c.project.service.ProjektServiceImpl.getProjekty(106) - REQUEST -> GET /api/projekty?page=0&size=20&sort=
2025-06-23 16:53:26.283 [http-nio-8081-exec-37] INFO  c.project.service.ProjektServiceImpl.getProjekty(106) - REQUEST -> GET /api/projekty?page=0&size=20&sort=
2025-06-23 16:53:26.286 [http-nio-8081-exec-38] INFO  c.project.service.ProjektServiceImpl.getProjekty(106) - REQUEST -> GET /api/projekty?page=0&size=20&sort=
2025-06-23 16:53:26.289 [http-nio-8081-exec-39] INFO  c.project.service.ProjektServiceImpl.getProjekty(106) - REQUEST -> GET /api/projekty?page=0&size=20&sort=
2025-06-23 16:53:26.297 [http-nio-8081-exec-40] INFO  c.project.service.ProjektServiceImpl.getProjekty(106) - REQUEST -> GET /api/projekty?page=0&size=20&sort=
2025-06-23 16:53:26.300 [http-nio-8081-exec-41] INFO  c.project.service.ProjektServiceImpl.getProjekty(106) - REQUEST -> GET /api/projekty?page=0&size=20&sort=
2025-06-23 16:53:26.304 [http-nio-8081-exec-42] INFO  c.project.service.ProjektServiceImpl.getProjekty(106) - REQUEST -> GET /api/projekty?page=0&size=20&sort=
2025-06-23 16:53:26.307 [http-nio-8081-exec-43] INFO  c.project.service.ProjektServiceImpl.getProjekty(106) - REQUEST -> GET /api/projekty?page=0&size=20&sort=
2025-06-23 16:53:26.310 [http-nio-8081-exec-44] INFO  c.project.service.ProjektServiceImpl.getProjekty(106) - REQUEST -> GET /api/projekty?page=0&size=20&sort=
2025-06-23 16:53:26.313 [http-nio-8081-exec-45] INFO  c.project.service.ProjektServiceImpl.getProjekty(106) - REQUEST -> GET /api/projekty?page=0&size=20&sort=
2025-06-23 16:53:26.315 [http-nio-8081-exec-46] INFO  c.project.service.ProjektServiceImpl.getProjekty(106) - REQUEST -> GET /api/projekty?page=0&size=20&sort=
2025-06-23 16:53:26.317 [http-nio-8081-exec-47] INFO  c.project.service.ProjektServiceImpl.getProjekty(106) - REQUEST -> GET /api/projekty?page=0&size=20&sort=
2025-06-23 16:53:26.320 [http-nio-8081-exec-48] INFO  c.project.service.ProjektServiceImpl.getProjekty(106) - REQUEST -> GET /api/projekty?page=0&size=20&sort=
2025-06-23 16:53:26.323 [http-nio-8081-exec-49] INFO  c.project.service.ProjektServiceImpl.getProjekty(106) - REQUEST -> GET /api/projekty?page=0&size=20&sort=
2025-06-23 16:53:26.326 [http-nio-8081-exec-50] INFO  c.project.service.ProjektServiceImpl.getProjekty(106) - REQUEST -> GET /api/projekty?page=0&size=20&sort=
2025-06-23 16:53:26.330 [http-nio-8081-exec-51] INFO  c.project.service.ProjektServiceImpl.getProjekty(106) - REQUEST -> GET /api/projekty?page=0&size=20&sort=
2025-06-23 16:53:26.334 [http-nio-8081-exec-52] INFO  c.project.service.ProjektServiceImpl.getProjekty(106) - REQUEST -> GET /api/projekty?page=0&size=20&sort=
2025-06-23 16:53:26.337 [http-nio-8081-exec-53] INFO  c.project.service.ProjektServiceImpl.getProjekty(106) - REQUEST -> GET /api/projekty?page=0&size=20&sort=
2025-06-23 16:53:26.341 [http-nio-8081-exec-54] INFO  c.project.service.ProjektServiceImpl.getProjekty(106) - REQUEST -> GET /api/projekty?page=0&size=20&sort=
2025-06-23 16:53:26.345 [http-nio-8081-exec-55] INFO  c.project.service.ProjektServiceImpl.getProjekty(106) - REQUEST -> GET /api/projekty?page=0&size=20&sort=
2025-06-23 16:53:26.348 [http-nio-8081-exec-56] INFO  c.project.service.ProjektServiceImpl.getProjekty(106) - REQUEST -> GET /api/projekty?page=0&size=20&sort=
2025-06-23 16:53:26.351 [http-nio-8081-exec-57] INFO  c.project.service.ProjektServiceImpl.getProjekty(106) - REQUEST -> GET /api/projekty?page=0&size=20&sort=
2025-06-23 16:53:26.355 [http-nio-8081-exec-58] INFO  c.project.service.ProjektServiceImpl.getProjekty(106) - REQUEST -> GET /api/projekty?page=0&size=20&sort=
2025-06-23 16:53:26.358 [http-nio-8081-exec-59] INFO  c.project.service.ProjektServiceImpl.getProjekty(106) - REQUEST -> GET /api/projekty?page=0&size=20&sort=
2025-06-23 16:53:26.360 [http-nio-8081-exec-60] INFO  c.project.service.ProjektServiceImpl.getProjekty(106) - REQUEST -> GET /api/projekty?page=0&size=20&sort=
2025-06-23 16:53:26.363 [http-nio-8081-exec-61] INFO  c.project.service.ProjektServiceImpl.getProjekty(106) - REQUEST -> GET /api/projekty?page=0&size=20&sort=
2025-06-23 16:53:26.367 [http-nio-8081-exec-62] INFO  c.project.service.ProjektServiceImpl.getProjekty(106) - REQUEST -> GET /api/projekty?page=0&size=20&sort=
2025-06-23 16:53:26.372 [http-nio-8081-exec-63] INFO  c.project.service.ProjektServiceImpl.getProjekty(106) - REQUEST -> GET /api/projekty?page=0&size=20&sort=
2025-06-23 16:53:26.375 [http-nio-8081-exec-64] INFO  c.project.service.ProjektServiceImpl.getProjekty(106) - REQUEST -> GET /api/projekty?page=0&size=20&sort=
2025-06-23 16:53:26.378 [http-nio-8081-exec-65] INFO  c.project.service.ProjektServiceImpl.getProjekty(106) - REQUEST -> GET /api/projekty?page=0&size=20&sort=
2025-06-23 16:53:26.382 [http-nio-8081-exec-66] INFO  c.project.service.ProjektServiceImpl.getProjekty(106) - REQUEST -> GET /api/projekty?page=0&size=20&sort=
2025-06-23 16:53:26.385 [http-nio-8081-exec-67] INFO  c.project.service.ProjektServiceImpl.getProjekty(106) - REQUEST -> GET /api/projekty?page=0&size=20&sort=
2025-06-23 16:53:26.389 [http-nio-8081-exec-68] INFO  c.project.service.ProjektServiceImpl.getProjekty(106) - REQUEST -> GET /api/projekty?page=0&size=20&sort=
2025-06-23 16:53:26.393 [http-nio-8081-exec-69] INFO  c.project.service.ProjektServiceImpl.getProjekty(106) - REQUEST -> GET /api/projekty?page=0&size=20&sort=
2025-06-23 16:53:26.397 [http-nio-8081-exec-70] INFO  c.project.service.ProjektServiceImpl.getProjekty(106) - REQUEST -> GET /api/projekty?page=0&size=20&sort=
2025-06-23 16:53:26.400 [http-nio-8081-exec-71] INFO  c.project.service.ProjektServiceImpl.getProjekty(106) - REQUEST -> GET /api/projekty?page=0&size=20&sort=
2025-06-23 16:53:26.403 [http-nio-8081-exec-72] INFO  c.project.service.ProjektServiceImpl.getProjekty(106) - REQUEST -> GET /api/projekty?page=0&size=20&sort=
2025-06-23 16:53:26.406 [http-nio-8081-exec-73] INFO  c.project.service.ProjektServiceImpl.getProjekty(106) - REQUEST -> GET /api/projekty?page=0&size=20&sort=
2025-06-23 16:53:26.410 [http-nio-8081-exec-74] INFO  c.project.service.ProjektServiceImpl.getProjekty(106) - REQUEST -> GET /api/projekty?page=0&size=20&sort=
2025-06-23 16:53:26.413 [http-nio-8081-exec-75] INFO  c.project.service.ProjektServiceImpl.getProjekty(106) - REQUEST -> GET /api/projekty?page=0&size=20&sort=
2025-06-23 16:53:26.416 [http-nio-8081-exec-76] INFO  c.project.service.ProjektServiceImpl.getProjekty(106) - REQUEST -> GET /api/projekty?page=0&size=20&sort=
2025-06-23 16:53:26.419 [http-nio-8081-exec-77] INFO  c.project.service.ProjektServiceImpl.getProjekty(106) - REQUEST -> GET /api/projekty?page=0&size=20&sort=
2025-06-23 16:53:26.422 [http-nio-8081-exec-78] INFO  c.project.service.ProjektServiceImpl.getProjekty(106) - REQUEST -> GET /api/projekty?page=0&size=20&sort=
2025-06-23 16:53:26.425 [http-nio-8081-exec-79] INFO  c.project.service.ProjektServiceImpl.getProjekty(106) - REQUEST -> GET /api/projekty?page=0&size=20&sort=
2025-06-23 16:53:26.428 [http-nio-8081-exec-80] INFO  c.project.service.ProjektServiceImpl.getProjekty(106) - REQUEST -> GET /api/projekty?page=0&size=20&sort=
2025-06-23 16:53:26.431 [http-nio-8081-exec-81] INFO  c.project.service.ProjektServiceImpl.getProjekty(106) - REQUEST -> GET /api/projekty?page=0&size=20&sort=
2025-06-23 16:53:26.434 [http-nio-8081-exec-82] INFO  c.project.service.ProjektServiceImpl.getProjekty(106) - REQUEST -> GET /api/projekty?page=0&size=20&sort=
2025-06-23 16:53:26.437 [http-nio-8081-exec-83] INFO  c.project.service.ProjektServiceImpl.getProjekty(106) - REQUEST -> GET /api/projekty?page=0&size=20&sort=
2025-06-23 16:53:26.440 [http-nio-8081-exec-84] INFO  c.project.service.ProjektServiceImpl.getProjekty(106) - REQUEST -> GET /api/projekty?page=0&size=20&sort=
2025-06-23 16:53:26.443 [http-nio-8081-exec-85] INFO  c.project.service.ProjektServiceImpl.getProjekty(106) - REQUEST -> GET /api/projekty?page=0&size=20&sort=
2025-06-23 16:53:26.447 [http-nio-8081-exec-86] INFO  c.project.service.ProjektServiceImpl.getProjekty(106) - REQUEST -> GET /api/projekty?page=0&size=20&sort=
2025-06-23 16:53:26.450 [http-nio-8081-exec-87] INFO  c.project.service.ProjektServiceImpl.getProjekty(106) - REQUEST -> GET /api/projekty?page=0&size=20&sort=
2025-06-23 16:53:26.453 [http-nio-8081-exec-88] INFO  c.project.service.ProjektServiceImpl.getProjekty(106) - REQUEST -> GET /api/projekty?page=0&size=20&sort=
2025-06-23 16:53:26.456 [http-nio-8081-exec-89] INFO  c.project.service.ProjektServiceImpl.getProjekty(106) - REQUEST -> GET /api/projekty?page=0&size=20&sort=
2025-06-23 16:53:26.458 [http-nio-8081-exec-90] INFO  c.project.service.ProjektServiceImpl.getProjekty(106) - REQUEST -> GET /api/projekty?page=0&size=20&sort=
2025-06-23 16:53:26.460 [http-nio-8081-exec-91] INFO  c.project.service.ProjektServiceImpl.getProjekty(106) - REQUEST -> GET /api/projekty?page=0&size=20&sort=
2025-06-23 16:53:26.464 [http-nio-8081-exec-92] INFO  c.project.service.ProjektServiceImpl.getProjekty(106) - REQUEST -> GET /api/projekty?page=0&size=20&sort=
2025-06-23 16:53:26.466 [http-nio-8081-exec-93] INFO  c.project.service.ProjektServiceImpl.getProjekty(106) - REQUEST -> GET /api/projekty?page=0&size=20&sort=
2025-06-23 16:53:26.468 [http-nio-8081-exec-94] INFO  c.project.service.ProjektServiceImpl.getProjekty(106) - REQUEST -> GET /api/projekty?page=0&size=20&sort=
2025-06-23 16:53:26.471 [http-nio-8081-exec-95] INFO  c.project.service.ProjektServiceImpl.getProjekty(106) - REQUEST -> GET /api/projekty?page=0&size=20&sort=
2025-06-23 16:53:26.473 [http-nio-8081-exec-96] INFO  c.project.service.ProjektServiceImpl.getProjekty(106) - REQUEST -> GET /api/projekty?page=0&size=20&sort=
2025-06-23 16:53:26.477 [http-nio-8081-exec-97] INFO  c.project.service.ProjektServiceImpl.getProjekty(106) - REQUEST -> GET /api/projekty?page=0&size=20&sort=
2025-06-23 16:53:26.479 [http-nio-8081-exec-98] INFO  c.project.service.ProjektServiceImpl.getProjekty(106) - REQUEST -> GET /api/projekty?page=0&size=20&sort=
2025-06-23 16:53:26.482 [http-nio-8081-exec-99] INFO  c.project.service.ProjektServiceImpl.getProjekty(106) - REQUEST -> GET /api/projekty?page=0&size=20&sort=
2025-06-23 16:53:26.485 [http-nio-8081-exec-100] INFO  c.project.service.ProjektServiceImpl.getProjekty(106) - REQUEST -> GET /api/projekty?page=0&size=20&sort=
2025-06-23 16:53:26.488 [http-nio-8081-exec-101] INFO  c.project.service.ProjektServiceImpl.getProjekty(106) - REQUEST -> GET /api/projekty?page=0&size=20&sort=
2025-06-23 16:53:26.490 [http-nio-8081-exec-102] INFO  c.project.service.ProjektServiceImpl.getProjekty(106) - REQUEST -> GET /api/projekty?page=0&size=20&sort=
2025-06-23 16:53:26.492 [http-nio-8081-exec-103] INFO  c.project.service.ProjektServiceImpl.getProjekty(106) - REQUEST -> GET /api/projekty?page=0&size=20&sort=
2025-06-23 16:53:26.495 [http-nio-8081-exec-104] INFO  c.project.service.ProjektServiceImpl.getProjekty(106) - REQUEST -> GET /api/projekty?page=0&size=20&sort=
2025-06-23 16:53:26.497 [http-nio-8081-exec-105] INFO  c.project.service.ProjektServiceImpl.getProjekty(106) - REQUEST -> GET /api/projekty?page=0&size=20&sort=
2025-06-23 16:53:26.499 [http-nio-8081-exec-106] INFO  c.project.service.ProjektServiceImpl.getProjekty(106) - REQUEST -> GET /api/projekty?page=0&size=20&sort=
2025-06-23 16:53:26.501 [http-nio-8081-exec-107] INFO  c.project.service.ProjektServiceImpl.getProjekty(106) - REQUEST -> GET /api/projekty?page=0&size=20&sort=
2025-06-23 16:53:26.503 [http-nio-8081-exec-108] INFO  c.project.service.ProjektServiceImpl.getProjekty(106) - REQUEST -> GET /api/projekty?page=0&size=20&sort=
2025-06-23 16:53:26.505 [http-nio-8081-exec-109] INFO  c.project.service.ProjektServiceImpl.getProjekty(106) - REQUEST -> GET /api/projekty?page=0&size=20&sort=
2025-06-23 16:53:26.508 [http-nio-8081-exec-110] INFO  c.project.service.ProjektServiceImpl.getProjekty(106) - REQUEST -> GET /api/projekty?page=0&size=20&sort=
2025-06-23 16:53:26.510 [http-nio-8081-exec-111] INFO  c.project.service.ProjektServiceImpl.getProjekty(106) - REQUEST -> GET /api/projekty?page=0&size=20&sort=
2025-06-23 16:53:26.513 [http-nio-8081-exec-112] INFO  c.project.service.ProjektServiceImpl.getProjekty(106) - REQUEST -> GET /api/projekty?page=0&size=20&sort=
2025-06-23 16:53:26.515 [http-nio-8081-exec-113] INFO  c.project.service.ProjektServiceImpl.getProjekty(106) - REQUEST -> GET /api/projekty?page=0&size=20&sort=
2025-06-23 16:53:26.518 [http-nio-8081-exec-114] INFO  c.project.service.ProjektServiceImpl.getProjekty(106) - REQUEST -> GET /api/projekty?page=0&size=20&sort=
2025-06-23 16:53:26.519 [http-nio-8081-exec-115] INFO  c.project.service.ProjektServiceImpl.getProjekty(106) - REQUEST -> GET /api/projekty?page=0&size=20&sort=
2025-06-23 16:53:26.521 [http-nio-8081-exec-116] INFO  c.project.service.ProjektServiceImpl.getProjekty(106) - REQUEST -> GET /api/projekty?page=0&size=20&sort=
2025-06-23 16:53:26.523 [http-nio-8081-exec-117] INFO  c.project.service.ProjektServiceImpl.getProjekty(106) - REQUEST -> GET /api/projekty?page=0&size=20&sort=
2025-06-23 16:53:26.526 [http-nio-8081-exec-118] INFO  c.project.service.ProjektServiceImpl.getProjekty(106) - REQUEST -> GET /api/projekty?page=0&size=20&sort=
2025-06-23 16:53:26.528 [http-nio-8081-exec-119] INFO  c.project.service.ProjektServiceImpl.getProjekty(106) - REQUEST -> GET /api/projekty?page=0&size=20&sort=
2025-06-23 16:53:26.532 [http-nio-8081-exec-120] INFO  c.project.service.ProjektServiceImpl.getProjekty(106) - REQUEST -> GET /api/projekty?page=0&size=20&sort=
2025-06-23 16:53:26.535 [http-nio-8081-exec-121] INFO  c.project.service.ProjektServiceImpl.getProjekty(106) - REQUEST -> GET /api/projekty?page=0&size=20&sort=
2025-06-23 16:53:26.539 [http-nio-8081-exec-122] INFO  c.project.service.ProjektServiceImpl.getProjekty(106) - REQUEST -> GET /api/projekty?page=0&size=20&sort=
2025-06-23 16:53:26.543 [http-nio-8081-exec-123] INFO  c.project.service.ProjektServiceImpl.getProjekty(106) - REQUEST -> GET /api/projekty?page=0&size=20&sort=
2025-06-23 16:53:26.547 [http-nio-8081-exec-124] INFO  c.project.service.ProjektServiceImpl.getProjekty(106) - REQUEST -> GET /api/projekty?page=0&size=20&sort=
2025-06-23 16:53:26.551 [http-nio-8081-exec-125] INFO  c.project.service.ProjektServiceImpl.getProjekty(106) - REQUEST -> GET /api/projekty?page=0&size=20&sort=
2025-06-23 16:53:26.555 [http-nio-8081-exec-126] INFO  c.project.service.ProjektServiceImpl.getProjekty(106) - REQUEST -> GET /api/projekty?page=0&size=20&sort=
2025-06-23 16:53:26.558 [http-nio-8081-exec-127] INFO  c.project.service.ProjektServiceImpl.getProjekty(106) - REQUEST -> GET /api/projekty?page=0&size=20&sort=
2025-06-23 16:53:26.561 [http-nio-8081-exec-128] INFO  c.project.service.ProjektServiceImpl.getProjekty(106) - REQUEST -> GET /api/projekty?page=0&size=20&sort=
2025-06-23 16:53:26.567 [http-nio-8081-exec-129] INFO  c.project.service.ProjektServiceImpl.getProjekty(106) - REQUEST -> GET /api/projekty?page=0&size=20&sort=
2025-06-23 16:53:26.571 [http-nio-8081-exec-130] INFO  c.project.service.ProjektServiceImpl.getProjekty(106) - REQUEST -> GET /api/projekty?page=0&size=20&sort=
2025-06-23 16:53:26.575 [http-nio-8081-exec-131] INFO  c.project.service.ProjektServiceImpl.getProjekty(106) - REQUEST -> GET /api/projekty?page=0&size=20&sort=
2025-06-23 16:53:26.577 [http-nio-8081-exec-132] INFO  c.project.service.ProjektServiceImpl.getProjekty(106) - REQUEST -> GET /api/projekty?page=0&size=20&sort=
2025-06-23 16:53:26.580 [http-nio-8081-exec-133] INFO  c.project.service.ProjektServiceImpl.getProjekty(106) - REQUEST -> GET /api/projekty?page=0&size=20&sort=
2025-06-23 16:53:26.582 [http-nio-8081-exec-134] INFO  c.project.service.ProjektServiceImpl.getProjekty(106) - REQUEST -> GET /api/projekty?page=0&size=20&sort=
2025-06-23 16:53:26.584 [http-nio-8081-exec-135] INFO  c.project.service.ProjektServiceImpl.getProjekty(106) - REQUEST -> GET /api/projekty?page=0&size=20&sort=
2025-06-23 16:53:26.587 [http-nio-8081-exec-136] INFO  c.project.service.ProjektServiceImpl.getProjekty(106) - REQUEST -> GET /api/projekty?page=0&size=20&sort=
2025-06-23 16:53:26.590 [http-nio-8081-exec-137] INFO  c.project.service.ProjektServiceImpl.getProjekty(106) - REQUEST -> GET /api/projekty?page=0&size=20&sort=
2025-06-23 16:53:26.593 [http-nio-8081-exec-138] INFO  c.project.service.ProjektServiceImpl.getProjekty(106) - REQUEST -> GET /api/projekty?page=0&size=20&sort=
2025-06-23 16:53:26.597 [http-nio-8081-exec-139] INFO  c.project.service.ProjektServiceImpl.getProjekty(106) - REQUEST -> GET /api/projekty?page=0&size=20&sort=
2025-06-23 16:53:26.600 [http-nio-8081-exec-140] INFO  c.project.service.ProjektServiceImpl.getProjekty(106) - REQUEST -> GET /api/projekty?page=0&size=20&sort=
2025-06-23 16:53:26.603 [http-nio-8081-exec-141] INFO  c.project.service.ProjektServiceImpl.getProjekty(106) - REQUEST -> GET /api/projekty?page=0&size=20&sort=
2025-06-23 16:53:26.604 [http-nio-8081-exec-142] INFO  c.project.service.ProjektServiceImpl.getProjekty(106) - REQUEST -> GET /api/projekty?page=0&size=20&sort=
2025-06-23 16:53:26.606 [http-nio-8081-exec-143] INFO  c.project.service.ProjektServiceImpl.getProjekty(106) - REQUEST -> GET /api/projekty?page=0&size=20&sort=
2025-06-23 16:53:26.608 [http-nio-8081-exec-144] INFO  c.project.service.ProjektServiceImpl.getProjekty(106) - REQUEST -> GET /api/projekty?page=0&size=20&sort=
2025-06-23 16:53:26.611 [http-nio-8081-exec-145] INFO  c.project.service.ProjektServiceImpl.getProjekty(106) - REQUEST -> GET /api/projekty?page=0&size=20&sort=
2025-06-23 16:53:26.614 [http-nio-8081-exec-146] INFO  c.project.service.ProjektServiceImpl.getProjekty(106) - REQUEST -> GET /api/projekty?page=0&size=20&sort=
2025-06-23 16:53:26.617 [http-nio-8081-exec-147] INFO  c.project.service.ProjektServiceImpl.getProjekty(106) - REQUEST -> GET /api/projekty?page=0&size=20&sort=
2025-06-23 16:53:26.620 [http-nio-8081-exec-148] INFO  c.project.service.ProjektServiceImpl.getProjekty(106) - REQUEST -> GET /api/projekty?page=0&size=20&sort=
2025-06-23 16:53:26.621 [http-nio-8081-exec-149] INFO  c.project.service.ProjektServiceImpl.getProjekty(106) - REQUEST -> GET /api/projekty?page=0&size=20&sort=
2025-06-23 16:53:26.624 [http-nio-8081-exec-150] INFO  c.project.service.ProjektServiceImpl.getProjekty(106) - REQUEST -> GET /api/projekty?page=0&size=20&sort=
2025-06-23 16:53:26.626 [http-nio-8081-exec-151] INFO  c.project.service.ProjektServiceImpl.getProjekty(106) - REQUEST -> GET /api/projekty?page=0&size=20&sort=
2025-06-23 16:53:26.627 [http-nio-8081-exec-152] INFO  c.project.service.ProjektServiceImpl.getProjekty(106) - REQUEST -> GET /api/projekty?page=0&size=20&sort=
2025-06-23 16:53:26.630 [http-nio-8081-exec-153] INFO  c.project.service.ProjektServiceImpl.getProjekty(106) - REQUEST -> GET /api/projekty?page=0&size=20&sort=
2025-06-23 16:53:26.632 [http-nio-8081-exec-154] INFO  c.project.service.ProjektServiceImpl.getProjekty(106) - REQUEST -> GET /api/projekty?page=0&size=20&sort=
2025-06-23 16:53:26.635 [http-nio-8081-exec-155] INFO  c.project.service.ProjektServiceImpl.getProjekty(106) - REQUEST -> GET /api/projekty?page=0&size=20&sort=
2025-06-23 16:53:26.638 [http-nio-8081-exec-156] INFO  c.project.service.ProjektServiceImpl.getProjekty(106) - REQUEST -> GET /api/projekty?page=0&size=20&sort=
2025-06-23 16:53:26.639 [http-nio-8081-exec-157] INFO  c.project.service.ProjektServiceImpl.getProjekty(106) - REQUEST -> GET /api/projekty?page=0&size=20&sort=
2025-06-23 16:53:26.641 [http-nio-8081-exec-158] INFO  c.project.service.ProjektServiceImpl.getProjekty(106) - REQUEST -> GET /api/projekty?page=0&size=20&sort=
2025-06-23 16:53:26.643 [http-nio-8081-exec-159] INFO  c.project.service.ProjektServiceImpl.getProjekty(106) - REQUEST -> GET /api/projekty?page=0&size=20&sort=
2025-06-23 16:53:26.646 [http-nio-8081-exec-160] INFO  c.project.service.ProjektServiceImpl.getProjekty(106) - REQUEST -> GET /api/projekty?page=0&size=20&sort=
2025-06-23 16:53:26.648 [http-nio-8081-exec-161] INFO  c.project.service.ProjektServiceImpl.getProjekty(106) - REQUEST -> GET /api/projekty?page=0&size=20&sort=
2025-06-23 16:53:26.649 [http-nio-8081-exec-162] INFO  c.project.service.ProjektServiceImpl.getProjekty(106) - REQUEST -> GET /api/projekty?page=0&size=20&sort=
2025-06-23 16:53:26.652 [http-nio-8081-exec-163] INFO  c.project.service.ProjektServiceImpl.getProjekty(106) - REQUEST -> GET /api/projekty?page=0&size=20&sort=
2025-06-23 16:53:26.654 [http-nio-8081-exec-164] INFO  c.project.service.ProjektServiceImpl.getProjekty(106) - REQUEST -> GET /api/projekty?page=0&size=20&sort=
2025-06-23 16:53:26.655 [http-nio-8081-exec-165] INFO  c.project.service.ProjektServiceImpl.getProjekty(106) - REQUEST -> GET /api/projekty?page=0&size=20&sort=
2025-06-23 16:53:26.657 [http-nio-8081-exec-166] INFO  c.project.service.ProjektServiceImpl.getProjekty(106) - REQUEST -> GET /api/projekty?page=0&size=20&sort=
2025-06-23 16:53:26.659 [http-nio-8081-exec-167] INFO  c.project.service.ProjektServiceImpl.getProjekty(106) - REQUEST -> GET /api/projekty?page=0&size=20&sort=
2025-06-23 16:53:26.660 [http-nio-8081-exec-168] INFO  c.project.service.ProjektServiceImpl.getProjekty(106) - REQUEST -> GET /api/projekty?page=0&size=20&sort=
2025-06-23 16:53:26.663 [http-nio-8081-exec-169] INFO  c.project.service.ProjektServiceImpl.getProjekty(106) - REQUEST -> GET /api/projekty?page=0&size=20&sort=
2025-06-23 16:53:26.664 [http-nio-8081-exec-170] INFO  c.project.service.ProjektServiceImpl.getProjekty(106) - REQUEST -> GET /api/projekty?page=0&size=20&sort=
2025-06-23 16:53:26.665 [http-nio-8081-exec-171] INFO  c.project.service.ProjektServiceImpl.getProjekty(106) - REQUEST -> GET /api/projekty?page=0&size=20&sort=
2025-06-23 16:53:26.667 [http-nio-8081-exec-172] INFO  c.project.service.ProjektServiceImpl.getProjekty(106) - REQUEST -> GET /api/projekty?page=0&size=20&sort=
2025-06-23 16:53:26.669 [http-nio-8081-exec-173] INFO  c.project.service.ProjektServiceImpl.getProjekty(106) - REQUEST -> GET /api/projekty?page=0&size=20&sort=
2025-06-23 16:53:26.670 [http-nio-8081-exec-174] INFO  c.project.service.ProjektServiceImpl.getProjekty(106) - REQUEST -> GET /api/projekty?page=0&size=20&sort=
2025-06-23 16:53:26.672 [http-nio-8081-exec-175] INFO  c.project.service.ProjektServiceImpl.getProjekty(106) - REQUEST -> GET /api/projekty?page=0&size=20&sort=
2025-06-23 16:53:26.675 [http-nio-8081-exec-176] INFO  c.project.service.ProjektServiceImpl.getProjekty(106) - REQUEST -> GET /api/projekty?page=0&size=20&sort=
2025-06-23 16:53:26.676 [http-nio-8081-exec-177] INFO  c.project.service.ProjektServiceImpl.getProjekty(106) - REQUEST -> GET /api/projekty?page=0&size=20&sort=
2025-06-23 16:53:26.677 [http-nio-8081-exec-178] INFO  c.project.service.ProjektServiceImpl.getProjekty(106) - REQUEST -> GET /api/projekty?page=0&size=20&sort=
2025-06-23 16:53:26.679 [http-nio-8081-exec-179] INFO  c.project.service.ProjektServiceImpl.getProjekty(106) - REQUEST -> GET /api/projekty?page=0&size=20&sort=
2025-06-23 16:53:26.681 [http-nio-8081-exec-180] INFO  c.project.service.ProjektServiceImpl.getProjekty(106) - REQUEST -> GET /api/projekty?page=0&size=20&sort=
2025-06-23 16:53:26.682 [http-nio-8081-exec-181] INFO  c.project.service.ProjektServiceImpl.getProjekty(106) - REQUEST -> GET /api/projekty?page=0&size=20&sort=
2025-06-23 16:53:26.684 [http-nio-8081-exec-182] INFO  c.project.service.ProjektServiceImpl.getProjekty(106) - REQUEST -> GET /api/projekty?page=0&size=20&sort=
2025-06-23 16:53:26.686 [http-nio-8081-exec-183] INFO  c.project.service.ProjektServiceImpl.getProjekty(106) - REQUEST -> GET /api/projekty?page=0&size=20&sort=
2025-06-23 16:53:26.688 [http-nio-8081-exec-184] INFO  c.project.service.ProjektServiceImpl.getProjekty(106) - REQUEST -> GET /api/projekty?page=0&size=20&sort=
2025-06-23 16:53:26.689 [http-nio-8081-exec-185] INFO  c.project.service.ProjektServiceImpl.getProjekty(106) - REQUEST -> GET /api/projekty?page=0&size=20&sort=
2025-06-23 16:53:26.691 [http-nio-8081-exec-186] INFO  c.project.service.ProjektServiceImpl.getProjekty(106) - REQUEST -> GET /api/projekty?page=0&size=20&sort=
2025-06-23 16:53:26.692 [http-nio-8081-exec-187] INFO  c.project.service.ProjektServiceImpl.getProjekty(106) - REQUEST -> GET /api/projekty?page=0&size=20&sort=
2025-06-23 16:53:26.694 [http-nio-8081-exec-188] INFO  c.project.service.ProjektServiceImpl.getProjekty(106) - REQUEST -> GET /api/projekty?page=0&size=20&sort=
2025-06-23 16:53:26.695 [http-nio-8081-exec-189] INFO  c.project.service.ProjektServiceImpl.getProjekty(106) - REQUEST -> GET /api/projekty?page=0&size=20&sort=
2025-06-23 16:53:26.697 [http-nio-8081-exec-190] INFO  c.project.service.ProjektServiceImpl.getProjekty(106) - REQUEST -> GET /api/projekty?page=0&size=20&sort=
2025-06-23 16:53:26.698 [http-nio-8081-exec-191] INFO  c.project.service.ProjektServiceImpl.getProjekty(106) - REQUEST -> GET /api/projekty?page=0&size=20&sort=
2025-06-23 16:53:26.700 [http-nio-8081-exec-192] INFO  c.project.service.ProjektServiceImpl.getProjekty(106) - REQUEST -> GET /api/projekty?page=0&size=20&sort=
2025-06-23 16:53:26.703 [http-nio-8081-exec-193] INFO  c.project.service.ProjektServiceImpl.getProjekty(106) - REQUEST -> GET /api/projekty?page=0&size=20&sort=
2025-06-23 16:53:26.704 [http-nio-8081-exec-194] INFO  c.project.service.ProjektServiceImpl.getProjekty(106) - REQUEST -> GET /api/projekty?page=0&size=20&sort=
2025-06-23 16:53:26.707 [http-nio-8081-exec-195] INFO  c.project.service.ProjektServiceImpl.getProjekty(106) - REQUEST -> GET /api/projekty?page=0&size=20&sort=
2025-06-23 16:53:26.709 [http-nio-8081-exec-196] INFO  c.project.service.ProjektServiceImpl.getProjekty(106) - REQUEST -> GET /api/projekty?page=0&size=20&sort=
2025-06-23 16:53:26.710 [http-nio-8081-exec-197] INFO  c.project.service.ProjektServiceImpl.getProjekty(106) - REQUEST -> GET /api/projekty?page=0&size=20&sort=
2025-06-23 16:53:26.712 [http-nio-8081-exec-198] INFO  c.project.service.ProjektServiceImpl.getProjekty(106) - REQUEST -> GET /api/projekty?page=0&size=20&sort=
2025-06-23 16:53:26.714 [http-nio-8081-exec-199] INFO  c.project.service.ProjektServiceImpl.getProjekty(106) - REQUEST -> GET /api/projekty?page=0&size=20&sort=
2025-06-23 16:53:26.715 [http-nio-8081-exec-200] INFO  c.project.service.ProjektServiceImpl.getProjekty(106) - REQUEST -> GET /api/projekty?page=0&size=20&sort=
2025-06-23 16:56:42.980 [restartedMain] INFO  c.project.ProjectRestApiApplication.logStarting(53) - Starting ProjectRestApiApplication using Java 23.0.2 with PID 11296 (C:\Users\miche\Downloads\project-rest-api\build\classes\java\main started by miche in C:\Users\miche\Downloads\project-rest-api)
2025-06-23 16:56:42.981 [restartedMain] INFO  c.project.ProjectRestApiApplication.logStartupProfileInfo(652) - No active profile set, falling back to 1 default profile: "default"
2025-06-23 16:57:00.350 [restartedMain] INFO  c.project.ProjectRestApiApplication.logStarting(53) - Starting ProjectRestApiApplication using Java 23.0.2 with PID 2936 (C:\Users\miche\Downloads\project-rest-api\build\classes\java\main started by miche in C:\Users\miche\Downloads\project-rest-api)
2025-06-23 16:57:00.350 [restartedMain] INFO  c.project.ProjectRestApiApplication.logStartupProfileInfo(652) - No active profile set, falling back to 1 default profile: "default"
2025-06-23 16:57:57.359 [restartedMain] INFO  c.project.ProjectRestApiApplication.logStarting(53) - Starting ProjectRestApiApplication using Java 23.0.2 with PID 9524 (C:\Users\miche\Downloads\project-rest-api\build\classes\java\main started by miche in C:\Users\miche\Downloads\project-rest-api)
2025-06-23 16:57:57.359 [restartedMain] INFO  c.project.ProjectRestApiApplication.logStartupProfileInfo(652) - No active profile set, falling back to 1 default profile: "default"
2025-06-23 17:01:33.464 [restartedMain] INFO  c.project.ProjectRestApiApplication.logStarting(53) - Starting ProjectRestApiApplication using Java 23.0.2 with PID 11908 (C:\Users\miche\Downloads\project-rest-api\build\classes\java\main started by miche in C:\Users\miche\Downloads\project-rest-api)
2025-06-23 17:01:33.465 [restartedMain] INFO  c.project.ProjectRestApiApplication.logStartupProfileInfo(652) - No active profile set, falling back to 1 default profile: "default"
2025-06-23 17:01:38.635 [restartedMain] INFO  c.project.ProjectRestApiApplication.logStarted(59) - Started ProjectRestApiApplication in 5.581 seconds (process running for 6.114)
2025-06-23 17:01:57.401 [http-nio-8081-exec-10] INFO  c.project.service.ProjektServiceImpl.setProjekt(67) - REQUEST -> POST /api/projekty
2025-06-23 17:01:57.525 [http-nio-8081-exec-9] INFO  c.project.service.ProjektServiceImpl.setProjekt(67) - REQUEST -> POST /api/projekty
2025-06-23 17:01:57.529 [http-nio-8081-exec-1] INFO  c.project.service.ProjektServiceImpl.setProjekt(67) - REQUEST -> POST /api/projekty
2025-06-23 17:01:57.532 [http-nio-8081-exec-2] INFO  c.project.service.ProjektServiceImpl.setProjekt(67) - REQUEST -> POST /api/projekty
2025-06-23 17:01:57.536 [http-nio-8081-exec-3] INFO  c.project.service.ProjektServiceImpl.setProjekt(67) - REQUEST -> POST /api/projekty
2025-06-23 17:01:57.538 [http-nio-8081-exec-5] INFO  c.project.service.ProjektServiceImpl.setProjekt(67) - REQUEST -> POST /api/projekty
2025-06-23 17:01:57.542 [http-nio-8081-exec-4] INFO  c.project.service.ProjektServiceImpl.setProjekt(67) - REQUEST -> POST /api/projekty
2025-06-23 17:01:57.545 [http-nio-8081-exec-6] INFO  c.project.service.ProjektServiceImpl.setProjekt(67) - REQUEST -> POST /api/projekty
2025-06-23 17:01:57.549 [http-nio-8081-exec-7] INFO  c.project.service.ProjektServiceImpl.setProjekt(67) - REQUEST -> POST /api/projekty
2025-06-23 17:01:57.552 [http-nio-8081-exec-8] INFO  c.project.service.ProjektServiceImpl.setProjekt(67) - REQUEST -> POST /api/projekty
2025-06-23 17:01:57.555 [http-nio-8081-exec-11] INFO  c.project.service.ProjektServiceImpl.setProjekt(67) - REQUEST -> POST /api/projekty
2025-06-23 17:01:57.558 [http-nio-8081-exec-12] INFO  c.project.service.ProjektServiceImpl.setProjekt(67) - REQUEST -> POST /api/projekty
2025-06-23 17:01:57.562 [http-nio-8081-exec-13] INFO  c.project.service.ProjektServiceImpl.setProjekt(67) - REQUEST -> POST /api/projekty
2025-06-23 17:01:57.565 [http-nio-8081-exec-14] INFO  c.project.service.ProjektServiceImpl.setProjekt(67) - REQUEST -> POST /api/projekty
2025-06-23 17:01:57.568 [http-nio-8081-exec-15] INFO  c.project.service.ProjektServiceImpl.setProjekt(67) - REQUEST -> POST /api/projekty
2025-06-23 17:01:57.571 [http-nio-8081-exec-16] INFO  c.project.service.ProjektServiceImpl.setProjekt(67) - REQUEST -> POST /api/projekty
2025-06-23 17:01:57.576 [http-nio-8081-exec-17] INFO  c.project.service.ProjektServiceImpl.setProjekt(67) - REQUEST -> POST /api/projekty
2025-06-23 17:01:57.580 [http-nio-8081-exec-18] INFO  c.project.service.ProjektServiceImpl.setProjekt(67) - REQUEST -> POST /api/projekty
2025-06-23 17:01:57.583 [http-nio-8081-exec-19] INFO  c.project.service.ProjektServiceImpl.setProjekt(67) - REQUEST -> POST /api/projekty
2025-06-23 17:01:57.587 [http-nio-8081-exec-20] INFO  c.project.service.ProjektServiceImpl.setProjekt(67) - REQUEST -> POST /api/projekty
2025-06-23 17:01:57.590 [http-nio-8081-exec-21] INFO  c.project.service.ProjektServiceImpl.setProjekt(67) - REQUEST -> POST /api/projekty
2025-06-23 17:01:57.594 [http-nio-8081-exec-22] INFO  c.project.service.ProjektServiceImpl.setProjekt(67) - REQUEST -> POST /api/projekty
2025-06-23 17:01:57.597 [http-nio-8081-exec-23] INFO  c.project.service.ProjektServiceImpl.setProjekt(67) - REQUEST -> POST /api/projekty
2025-06-23 17:01:57.601 [http-nio-8081-exec-24] INFO  c.project.service.ProjektServiceImpl.setProjekt(67) - REQUEST -> POST /api/projekty
2025-06-23 17:01:57.603 [http-nio-8081-exec-25] INFO  c.project.service.ProjektServiceImpl.setProjekt(67) - REQUEST -> POST /api/projekty
2025-06-23 17:01:57.607 [http-nio-8081-exec-26] INFO  c.project.service.ProjektServiceImpl.setProjekt(67) - REQUEST -> POST /api/projekty
2025-06-23 17:01:57.620 [http-nio-8081-exec-27] INFO  c.project.service.ProjektServiceImpl.setProjekt(67) - REQUEST -> POST /api/projekty
2025-06-23 17:01:57.624 [http-nio-8081-exec-28] INFO  c.project.service.ProjektServiceImpl.setProjekt(67) - REQUEST -> POST /api/projekty
2025-06-23 17:01:57.628 [http-nio-8081-exec-29] INFO  c.project.service.ProjektServiceImpl.setProjekt(67) - REQUEST -> POST /api/projekty
2025-06-23 17:01:57.631 [http-nio-8081-exec-30] INFO  c.project.service.ProjektServiceImpl.setProjekt(67) - REQUEST -> POST /api/projekty
2025-06-23 17:01:57.635 [http-nio-8081-exec-31] INFO  c.project.service.ProjektServiceImpl.setProjekt(67) - REQUEST -> POST /api/projekty
2025-06-23 17:01:57.640 [http-nio-8081-exec-32] INFO  c.project.service.ProjektServiceImpl.setProjekt(67) - REQUEST -> POST /api/projekty
2025-06-23 17:01:57.645 [http-nio-8081-exec-33] INFO  c.project.service.ProjektServiceImpl.setProjekt(67) - REQUEST -> POST /api/projekty
2025-06-23 17:01:57.649 [http-nio-8081-exec-34] INFO  c.project.service.ProjektServiceImpl.setProjekt(67) - REQUEST -> POST /api/projekty
2025-06-23 17:01:57.652 [http-nio-8081-exec-35] INFO  c.project.service.ProjektServiceImpl.setProjekt(67) - REQUEST -> POST /api/projekty
2025-06-23 17:01:57.655 [http-nio-8081-exec-36] INFO  c.project.service.ProjektServiceImpl.setProjekt(67) - REQUEST -> POST /api/projekty
2025-06-23 17:01:57.659 [http-nio-8081-exec-37] INFO  c.project.service.ProjektServiceImpl.setProjekt(67) - REQUEST -> POST /api/projekty
2025-06-23 17:01:57.663 [http-nio-8081-exec-38] INFO  c.project.service.ProjektServiceImpl.setProjekt(67) - REQUEST -> POST /api/projekty
2025-06-23 17:01:57.667 [http-nio-8081-exec-39] INFO  c.project.service.ProjektServiceImpl.setProjekt(67) - REQUEST -> POST /api/projekty
2025-06-23 17:01:57.671 [http-nio-8081-exec-40] INFO  c.project.service.ProjektServiceImpl.setProjekt(67) - REQUEST -> POST /api/projekty
2025-06-23 17:01:57.675 [http-nio-8081-exec-41] INFO  c.project.service.ProjektServiceImpl.setProjekt(67) - REQUEST -> POST /api/projekty
2025-06-23 17:01:57.678 [http-nio-8081-exec-42] INFO  c.project.service.ProjektServiceImpl.setProjekt(67) - REQUEST -> POST /api/projekty
2025-06-23 17:01:57.683 [http-nio-8081-exec-43] INFO  c.project.service.ProjektServiceImpl.setProjekt(67) - REQUEST -> POST /api/projekty
2025-06-23 17:01:57.687 [http-nio-8081-exec-44] INFO  c.project.service.ProjektServiceImpl.setProjekt(67) - REQUEST -> POST /api/projekty
2025-06-23 17:01:57.691 [http-nio-8081-exec-45] INFO  c.project.service.ProjektServiceImpl.setProjekt(67) - REQUEST -> POST /api/projekty
2025-06-23 17:01:57.693 [http-nio-8081-exec-46] INFO  c.project.service.ProjektServiceImpl.setProjekt(67) - REQUEST -> POST /api/projekty
2025-06-23 17:01:57.697 [http-nio-8081-exec-47] INFO  c.project.service.ProjektServiceImpl.setProjekt(67) - REQUEST -> POST /api/projekty
2025-06-23 17:01:57.700 [http-nio-8081-exec-48] INFO  c.project.service.ProjektServiceImpl.setProjekt(67) - REQUEST -> POST /api/projekty
2025-06-23 17:01:57.704 [http-nio-8081-exec-49] INFO  c.project.service.ProjektServiceImpl.setProjekt(67) - REQUEST -> POST /api/projekty
2025-06-23 17:01:57.707 [http-nio-8081-exec-50] INFO  c.project.service.ProjektServiceImpl.setProjekt(67) - REQUEST -> POST /api/projekty
2025-06-23 17:01:57.712 [http-nio-8081-exec-51] INFO  c.project.service.ProjektServiceImpl.setProjekt(67) - REQUEST -> POST /api/projekty
2025-06-23 17:01:57.715 [http-nio-8081-exec-52] INFO  c.project.service.ProjektServiceImpl.setProjekt(67) - REQUEST -> POST /api/projekty
2025-06-23 17:01:57.719 [http-nio-8081-exec-53] INFO  c.project.service.ProjektServiceImpl.setProjekt(67) - REQUEST -> POST /api/projekty
2025-06-23 17:01:57.722 [http-nio-8081-exec-54] INFO  c.project.service.ProjektServiceImpl.setProjekt(67) - REQUEST -> POST /api/projekty
2025-06-23 17:01:57.726 [http-nio-8081-exec-55] INFO  c.project.service.ProjektServiceImpl.setProjekt(67) - REQUEST -> POST /api/projekty
2025-06-23 17:01:57.729 [http-nio-8081-exec-56] INFO  c.project.service.ProjektServiceImpl.setProjekt(67) - REQUEST -> POST /api/projekty
2025-06-23 17:01:57.731 [http-nio-8081-exec-57] INFO  c.project.service.ProjektServiceImpl.setProjekt(67) - REQUEST -> POST /api/projekty
2025-06-23 17:01:57.735 [http-nio-8081-exec-58] INFO  c.project.service.ProjektServiceImpl.setProjekt(67) - REQUEST -> POST /api/projekty
2025-06-23 17:01:57.738 [http-nio-8081-exec-59] INFO  c.project.service.ProjektServiceImpl.setProjekt(67) - REQUEST -> POST /api/projekty
2025-06-23 17:01:57.741 [http-nio-8081-exec-60] INFO  c.project.service.ProjektServiceImpl.setProjekt(67) - REQUEST -> POST /api/projekty
2025-06-23 17:01:57.744 [http-nio-8081-exec-61] INFO  c.project.service.ProjektServiceImpl.setProjekt(67) - REQUEST -> POST /api/projekty
2025-06-23 17:01:57.747 [http-nio-8081-exec-62] INFO  c.project.service.ProjektServiceImpl.setProjekt(67) - REQUEST -> POST /api/projekty
2025-06-23 17:01:57.749 [http-nio-8081-exec-63] INFO  c.project.service.ProjektServiceImpl.setProjekt(67) - REQUEST -> POST /api/projekty
2025-06-23 17:01:57.753 [http-nio-8081-exec-64] INFO  c.project.service.ProjektServiceImpl.setProjekt(67) - REQUEST -> POST /api/projekty
2025-06-23 17:01:57.757 [http-nio-8081-exec-65] INFO  c.project.service.ProjektServiceImpl.setProjekt(67) - REQUEST -> POST /api/projekty
2025-06-23 17:01:57.761 [http-nio-8081-exec-66] INFO  c.project.service.ProjektServiceImpl.setProjekt(67) - REQUEST -> POST /api/projekty
2025-06-23 17:01:57.763 [http-nio-8081-exec-67] INFO  c.project.service.ProjektServiceImpl.setProjekt(67) - REQUEST -> POST /api/projekty
2025-06-23 17:01:57.766 [http-nio-8081-exec-68] INFO  c.project.service.ProjektServiceImpl.setProjekt(67) - REQUEST -> POST /api/projekty
2025-06-23 17:01:57.768 [http-nio-8081-exec-69] INFO  c.project.service.ProjektServiceImpl.setProjekt(67) - REQUEST -> POST /api/projekty
2025-06-23 17:01:57.772 [http-nio-8081-exec-70] INFO  c.project.service.ProjektServiceImpl.setProjekt(67) - REQUEST -> POST /api/projekty
2025-06-23 17:01:57.774 [http-nio-8081-exec-71] INFO  c.project.service.ProjektServiceImpl.setProjekt(67) - REQUEST -> POST /api/projekty
2025-06-23 17:01:57.777 [http-nio-8081-exec-72] INFO  c.project.service.ProjektServiceImpl.setProjekt(67) - REQUEST -> POST /api/projekty
2025-06-23 17:01:57.780 [http-nio-8081-exec-73] INFO  c.project.service.ProjektServiceImpl.setProjekt(67) - REQUEST -> POST /api/projekty
2025-06-23 17:01:57.782 [http-nio-8081-exec-74] INFO  c.project.service.ProjektServiceImpl.setProjekt(67) - REQUEST -> POST /api/projekty
2025-06-23 17:01:57.785 [http-nio-8081-exec-75] INFO  c.project.service.ProjektServiceImpl.setProjekt(67) - REQUEST -> POST /api/projekty
2025-06-23 17:01:57.788 [http-nio-8081-exec-76] INFO  c.project.service.ProjektServiceImpl.setProjekt(67) - REQUEST -> POST /api/projekty
2025-06-23 17:01:57.791 [http-nio-8081-exec-77] INFO  c.project.service.ProjektServiceImpl.setProjekt(67) - REQUEST -> POST /api/projekty
2025-06-23 17:01:57.794 [http-nio-8081-exec-78] INFO  c.project.service.ProjektServiceImpl.setProjekt(67) - REQUEST -> POST /api/projekty
2025-06-23 17:01:57.797 [http-nio-8081-exec-79] INFO  c.project.service.ProjektServiceImpl.setProjekt(67) - REQUEST -> POST /api/projekty
2025-06-23 17:01:57.799 [http-nio-8081-exec-80] INFO  c.project.service.ProjektServiceImpl.setProjekt(67) - REQUEST -> POST /api/projekty
2025-06-23 17:01:57.802 [http-nio-8081-exec-81] INFO  c.project.service.ProjektServiceImpl.setProjekt(67) - REQUEST -> POST /api/projekty
2025-06-23 17:01:57.804 [http-nio-8081-exec-82] INFO  c.project.service.ProjektServiceImpl.setProjekt(67) - REQUEST -> POST /api/projekty
2025-06-23 17:01:57.807 [http-nio-8081-exec-83] INFO  c.project.service.ProjektServiceImpl.setProjekt(67) - REQUEST -> POST /api/projekty
2025-06-23 17:01:57.810 [http-nio-8081-exec-84] INFO  c.project.service.ProjektServiceImpl.setProjekt(67) - REQUEST -> POST /api/projekty
2025-06-23 17:01:57.814 [http-nio-8081-exec-85] INFO  c.project.service.ProjektServiceImpl.setProjekt(67) - REQUEST -> POST /api/projekty
2025-06-23 17:01:57.818 [http-nio-8081-exec-86] INFO  c.project.service.ProjektServiceImpl.setProjekt(67) - REQUEST -> POST /api/projekty
2025-06-23 17:01:57.822 [http-nio-8081-exec-87] INFO  c.project.service.ProjektServiceImpl.setProjekt(67) - REQUEST -> POST /api/projekty
2025-06-23 17:01:57.826 [http-nio-8081-exec-88] INFO  c.project.service.ProjektServiceImpl.setProjekt(67) - REQUEST -> POST /api/projekty
2025-06-23 17:01:57.830 [http-nio-8081-exec-89] INFO  c.project.service.ProjektServiceImpl.setProjekt(67) - REQUEST -> POST /api/projekty
2025-06-23 17:01:57.834 [http-nio-8081-exec-90] INFO  c.project.service.ProjektServiceImpl.setProjekt(67) - REQUEST -> POST /api/projekty
2025-06-23 17:01:57.838 [http-nio-8081-exec-91] INFO  c.project.service.ProjektServiceImpl.setProjekt(67) - REQUEST -> POST /api/projekty
2025-06-23 17:01:57.841 [http-nio-8081-exec-92] INFO  c.project.service.ProjektServiceImpl.setProjekt(67) - REQUEST -> POST /api/projekty
2025-06-23 17:01:57.844 [http-nio-8081-exec-93] INFO  c.project.service.ProjektServiceImpl.setProjekt(67) - REQUEST -> POST /api/projekty
2025-06-23 17:01:57.847 [http-nio-8081-exec-94] INFO  c.project.service.ProjektServiceImpl.setProjekt(67) - REQUEST -> POST /api/projekty
2025-06-23 17:01:57.851 [http-nio-8081-exec-95] INFO  c.project.service.ProjektServiceImpl.setProjekt(67) - REQUEST -> POST /api/projekty
2025-06-23 17:01:57.855 [http-nio-8081-exec-96] INFO  c.project.service.ProjektServiceImpl.setProjekt(67) - REQUEST -> POST /api/projekty
2025-06-23 17:01:57.858 [http-nio-8081-exec-97] INFO  c.project.service.ProjektServiceImpl.setProjekt(67) - REQUEST -> POST /api/projekty
2025-06-23 17:01:57.861 [http-nio-8081-exec-98] INFO  c.project.service.ProjektServiceImpl.setProjekt(67) - REQUEST -> POST /api/projekty
2025-06-23 17:01:57.863 [http-nio-8081-exec-99] INFO  c.project.service.ProjektServiceImpl.setProjekt(67) - REQUEST -> POST /api/projekty
2025-06-23 17:01:57.868 [http-nio-8081-exec-100] INFO  c.project.service.ProjektServiceImpl.setProjekt(67) - REQUEST -> POST /api/projekty
2025-06-23 17:01:57.872 [http-nio-8081-exec-101] INFO  c.project.service.ProjektServiceImpl.setProjekt(67) - REQUEST -> POST /api/projekty
2025-06-23 17:01:57.875 [http-nio-8081-exec-102] INFO  c.project.service.ProjektServiceImpl.setProjekt(67) - REQUEST -> POST /api/projekty
2025-06-23 17:01:57.879 [http-nio-8081-exec-103] INFO  c.project.service.ProjektServiceImpl.setProjekt(67) - REQUEST -> POST /api/projekty
2025-06-23 17:01:57.883 [http-nio-8081-exec-104] INFO  c.project.service.ProjektServiceImpl.setProjekt(67) - REQUEST -> POST /api/projekty
2025-06-23 17:01:57.887 [http-nio-8081-exec-105] INFO  c.project.service.ProjektServiceImpl.setProjekt(67) - REQUEST -> POST /api/projekty
2025-06-23 17:01:57.891 [http-nio-8081-exec-106] INFO  c.project.service.ProjektServiceImpl.setProjekt(67) - REQUEST -> POST /api/projekty
2025-06-23 17:01:57.896 [http-nio-8081-exec-107] INFO  c.project.service.ProjektServiceImpl.setProjekt(67) - REQUEST -> POST /api/projekty
2025-06-23 17:01:57.900 [http-nio-8081-exec-108] INFO  c.project.service.ProjektServiceImpl.setProjekt(67) - REQUEST -> POST /api/projekty
2025-06-23 17:01:57.903 [http-nio-8081-exec-109] INFO  c.project.service.ProjektServiceImpl.setProjekt(67) - REQUEST -> POST /api/projekty
2025-06-23 17:01:57.906 [http-nio-8081-exec-110] INFO  c.project.service.ProjektServiceImpl.setProjekt(67) - REQUEST -> POST /api/projekty
2025-06-23 17:01:57.910 [http-nio-8081-exec-111] INFO  c.project.service.ProjektServiceImpl.setProjekt(67) - REQUEST -> POST /api/projekty
2025-06-23 17:01:57.914 [http-nio-8081-exec-112] INFO  c.project.service.ProjektServiceImpl.setProjekt(67) - REQUEST -> POST /api/projekty
2025-06-23 17:01:57.917 [http-nio-8081-exec-113] INFO  c.project.service.ProjektServiceImpl.setProjekt(67) - REQUEST -> POST /api/projekty
2025-06-23 17:01:57.920 [http-nio-8081-exec-114] INFO  c.project.service.ProjektServiceImpl.setProjekt(67) - REQUEST -> POST /api/projekty
2025-06-23 17:01:57.924 [http-nio-8081-exec-115] INFO  c.project.service.ProjektServiceImpl.setProjekt(67) - REQUEST -> POST /api/projekty
2025-06-23 17:01:57.927 [http-nio-8081-exec-116] INFO  c.project.service.ProjektServiceImpl.setProjekt(67) - REQUEST -> POST /api/projekty
2025-06-23 17:01:57.930 [http-nio-8081-exec-117] INFO  c.project.service.ProjektServiceImpl.setProjekt(67) - REQUEST -> POST /api/projekty
2025-06-23 17:01:57.933 [http-nio-8081-exec-118] INFO  c.project.service.ProjektServiceImpl.setProjekt(67) - REQUEST -> POST /api/projekty
2025-06-23 17:01:57.937 [http-nio-8081-exec-119] INFO  c.project.service.ProjektServiceImpl.setProjekt(67) - REQUEST -> POST /api/projekty
2025-06-23 17:01:57.939 [http-nio-8081-exec-120] INFO  c.project.service.ProjektServiceImpl.setProjekt(67) - REQUEST -> POST /api/projekty
2025-06-23 17:01:57.943 [http-nio-8081-exec-121] INFO  c.project.service.ProjektServiceImpl.setProjekt(67) - REQUEST -> POST /api/projekty
2025-06-23 17:01:57.945 [http-nio-8081-exec-122] INFO  c.project.service.ProjektServiceImpl.setProjekt(67) - REQUEST -> POST /api/projekty
2025-06-23 17:01:57.948 [http-nio-8081-exec-123] INFO  c.project.service.ProjektServiceImpl.setProjekt(67) - REQUEST -> POST /api/projekty
2025-06-23 17:01:57.951 [http-nio-8081-exec-124] INFO  c.project.service.ProjektServiceImpl.setProjekt(67) - REQUEST -> POST /api/projekty
2025-06-23 17:01:57.954 [http-nio-8081-exec-125] INFO  c.project.service.ProjektServiceImpl.setProjekt(67) - REQUEST -> POST /api/projekty
2025-06-23 17:01:57.957 [http-nio-8081-exec-126] INFO  c.project.service.ProjektServiceImpl.setProjekt(67) - REQUEST -> POST /api/projekty
2025-06-23 17:01:57.959 [http-nio-8081-exec-127] INFO  c.project.service.ProjektServiceImpl.setProjekt(67) - REQUEST -> POST /api/projekty
2025-06-23 17:01:57.963 [http-nio-8081-exec-128] INFO  c.project.service.ProjektServiceImpl.setProjekt(67) - REQUEST -> POST /api/projekty
2025-06-23 17:01:57.973 [http-nio-8081-exec-129] INFO  c.project.service.ProjektServiceImpl.setProjekt(67) - REQUEST -> POST /api/projekty
2025-06-23 17:01:57.976 [http-nio-8081-exec-130] INFO  c.project.service.ProjektServiceImpl.setProjekt(67) - REQUEST -> POST /api/projekty
2025-06-23 17:01:57.979 [http-nio-8081-exec-131] INFO  c.project.service.ProjektServiceImpl.setProjekt(67) - REQUEST -> POST /api/projekty
2025-06-23 17:01:57.981 [http-nio-8081-exec-132] INFO  c.project.service.ProjektServiceImpl.setProjekt(67) - REQUEST -> POST /api/projekty
2025-06-23 17:01:57.983 [http-nio-8081-exec-133] INFO  c.project.service.ProjektServiceImpl.setProjekt(67) - REQUEST -> POST /api/projekty
2025-06-23 17:01:57.985 [http-nio-8081-exec-134] INFO  c.project.service.ProjektServiceImpl.setProjekt(67) - REQUEST -> POST /api/projekty
2025-06-23 17:01:57.987 [http-nio-8081-exec-135] INFO  c.project.service.ProjektServiceImpl.setProjekt(67) - REQUEST -> POST /api/projekty
2025-06-23 17:01:57.989 [http-nio-8081-exec-136] INFO  c.project.service.ProjektServiceImpl.setProjekt(67) - REQUEST -> POST /api/projekty
2025-06-23 17:01:57.991 [http-nio-8081-exec-137] INFO  c.project.service.ProjektServiceImpl.setProjekt(67) - REQUEST -> POST /api/projekty
2025-06-23 17:01:57.993 [http-nio-8081-exec-138] INFO  c.project.service.ProjektServiceImpl.setProjekt(67) - REQUEST -> POST /api/projekty
2025-06-23 17:01:57.996 [http-nio-8081-exec-139] INFO  c.project.service.ProjektServiceImpl.setProjekt(67) - REQUEST -> POST /api/projekty
2025-06-23 17:01:57.998 [http-nio-8081-exec-140] INFO  c.project.service.ProjektServiceImpl.setProjekt(67) - REQUEST -> POST /api/projekty
2025-06-23 17:01:58.000 [http-nio-8081-exec-141] INFO  c.project.service.ProjektServiceImpl.setProjekt(67) - REQUEST -> POST /api/projekty
2025-06-23 17:01:58.002 [http-nio-8081-exec-142] INFO  c.project.service.ProjektServiceImpl.setProjekt(67) - REQUEST -> POST /api/projekty
2025-06-23 17:01:58.005 [http-nio-8081-exec-143] INFO  c.project.service.ProjektServiceImpl.setProjekt(67) - REQUEST -> POST /api/projekty
2025-06-23 17:01:58.007 [http-nio-8081-exec-144] INFO  c.project.service.ProjektServiceImpl.setProjekt(67) - REQUEST -> POST /api/projekty
2025-06-23 17:01:58.010 [http-nio-8081-exec-145] INFO  c.project.service.ProjektServiceImpl.setProjekt(67) - REQUEST -> POST /api/projekty
2025-06-23 17:01:58.013 [http-nio-8081-exec-146] INFO  c.project.service.ProjektServiceImpl.setProjekt(67) - REQUEST -> POST /api/projekty
2025-06-23 17:01:58.016 [http-nio-8081-exec-147] INFO  c.project.service.ProjektServiceImpl.setProjekt(67) - REQUEST -> POST /api/projekty
2025-06-23 17:01:58.020 [http-nio-8081-exec-148] INFO  c.project.service.ProjektServiceImpl.setProjekt(67) - REQUEST -> POST /api/projekty
2025-06-23 17:01:58.023 [http-nio-8081-exec-149] INFO  c.project.service.ProjektServiceImpl.setProjekt(67) - REQUEST -> POST /api/projekty
2025-06-23 17:01:58.027 [http-nio-8081-exec-150] INFO  c.project.service.ProjektServiceImpl.setProjekt(67) - REQUEST -> POST /api/projekty
2025-06-23 17:01:58.030 [http-nio-8081-exec-151] INFO  c.project.service.ProjektServiceImpl.setProjekt(67) - REQUEST -> POST /api/projekty
2025-06-23 17:01:58.034 [http-nio-8081-exec-152] INFO  c.project.service.ProjektServiceImpl.setProjekt(67) - REQUEST -> POST /api/projekty
2025-06-23 17:01:58.038 [http-nio-8081-exec-153] INFO  c.project.service.ProjektServiceImpl.setProjekt(67) - REQUEST -> POST /api/projekty
2025-06-23 17:01:58.042 [http-nio-8081-exec-154] INFO  c.project.service.ProjektServiceImpl.setProjekt(67) - REQUEST -> POST /api/projekty
2025-06-23 17:01:58.046 [http-nio-8081-exec-155] INFO  c.project.service.ProjektServiceImpl.setProjekt(67) - REQUEST -> POST /api/projekty
2025-06-23 17:01:58.050 [http-nio-8081-exec-156] INFO  c.project.service.ProjektServiceImpl.setProjekt(67) - REQUEST -> POST /api/projekty
2025-06-23 17:01:58.054 [http-nio-8081-exec-157] INFO  c.project.service.ProjektServiceImpl.setProjekt(67) - REQUEST -> POST /api/projekty
2025-06-23 17:01:58.057 [http-nio-8081-exec-158] INFO  c.project.service.ProjektServiceImpl.setProjekt(67) - REQUEST -> POST /api/projekty
2025-06-23 17:01:58.060 [http-nio-8081-exec-159] INFO  c.project.service.ProjektServiceImpl.setProjekt(67) - REQUEST -> POST /api/projekty
2025-06-23 17:01:58.064 [http-nio-8081-exec-160] INFO  c.project.service.ProjektServiceImpl.setProjekt(67) - REQUEST -> POST /api/projekty
2025-06-23 17:01:58.067 [http-nio-8081-exec-161] INFO  c.project.service.ProjektServiceImpl.setProjekt(67) - REQUEST -> POST /api/projekty
2025-06-23 17:01:58.071 [http-nio-8081-exec-162] INFO  c.project.service.ProjektServiceImpl.setProjekt(67) - REQUEST -> POST /api/projekty
2025-06-23 17:01:58.075 [http-nio-8081-exec-163] INFO  c.project.service.ProjektServiceImpl.setProjekt(67) - REQUEST -> POST /api/projekty
2025-06-23 17:01:58.078 [http-nio-8081-exec-164] INFO  c.project.service.ProjektServiceImpl.setProjekt(67) - REQUEST -> POST /api/projekty
2025-06-23 17:01:58.081 [http-nio-8081-exec-165] INFO  c.project.service.ProjektServiceImpl.setProjekt(67) - REQUEST -> POST /api/projekty
2025-06-23 17:01:58.085 [http-nio-8081-exec-166] INFO  c.project.service.ProjektServiceImpl.setProjekt(67) - REQUEST -> POST /api/projekty
2025-06-23 17:01:58.088 [http-nio-8081-exec-167] INFO  c.project.service.ProjektServiceImpl.setProjekt(67) - REQUEST -> POST /api/projekty
2025-06-23 17:01:58.091 [http-nio-8081-exec-168] INFO  c.project.service.ProjektServiceImpl.setProjekt(67) - REQUEST -> POST /api/projekty
2025-06-23 17:01:58.094 [http-nio-8081-exec-169] INFO  c.project.service.ProjektServiceImpl.setProjekt(67) - REQUEST -> POST /api/projekty
2025-06-23 17:01:58.098 [http-nio-8081-exec-170] INFO  c.project.service.ProjektServiceImpl.setProjekt(67) - REQUEST -> POST /api/projekty
2025-06-23 17:01:58.101 [http-nio-8081-exec-171] INFO  c.project.service.ProjektServiceImpl.setProjekt(67) - REQUEST -> POST /api/projekty
2025-06-23 17:01:58.104 [http-nio-8081-exec-172] INFO  c.project.service.ProjektServiceImpl.setProjekt(67) - REQUEST -> POST /api/projekty
2025-06-23 17:01:58.107 [http-nio-8081-exec-173] INFO  c.project.service.ProjektServiceImpl.setProjekt(67) - REQUEST -> POST /api/projekty
2025-06-23 17:01:58.110 [http-nio-8081-exec-174] INFO  c.project.service.ProjektServiceImpl.setProjekt(67) - REQUEST -> POST /api/projekty
2025-06-23 17:01:58.115 [http-nio-8081-exec-175] INFO  c.project.service.ProjektServiceImpl.setProjekt(67) - REQUEST -> POST /api/projekty
2025-06-23 17:01:58.118 [http-nio-8081-exec-176] INFO  c.project.service.ProjektServiceImpl.setProjekt(67) - REQUEST -> POST /api/projekty
2025-06-23 17:01:58.122 [http-nio-8081-exec-177] INFO  c.project.service.ProjektServiceImpl.setProjekt(67) - REQUEST -> POST /api/projekty
2025-06-23 17:01:58.124 [http-nio-8081-exec-178] INFO  c.project.service.ProjektServiceImpl.setProjekt(67) - REQUEST -> POST /api/projekty
2025-06-23 17:01:58.127 [http-nio-8081-exec-179] INFO  c.project.service.ProjektServiceImpl.setProjekt(67) - REQUEST -> POST /api/projekty
2025-06-23 17:01:58.130 [http-nio-8081-exec-180] INFO  c.project.service.ProjektServiceImpl.setProjekt(67) - REQUEST -> POST /api/projekty
2025-06-23 17:01:58.133 [http-nio-8081-exec-181] INFO  c.project.service.ProjektServiceImpl.setProjekt(67) - REQUEST -> POST /api/projekty
2025-06-23 17:01:58.136 [http-nio-8081-exec-182] INFO  c.project.service.ProjektServiceImpl.setProjekt(67) - REQUEST -> POST /api/projekty
2025-06-23 17:01:58.139 [http-nio-8081-exec-183] INFO  c.project.service.ProjektServiceImpl.setProjekt(67) - REQUEST -> POST /api/projekty
2025-06-23 17:01:58.142 [http-nio-8081-exec-184] INFO  c.project.service.ProjektServiceImpl.setProjekt(67) - REQUEST -> POST /api/projekty
2025-06-23 17:01:58.145 [http-nio-8081-exec-185] INFO  c.project.service.ProjektServiceImpl.setProjekt(67) - REQUEST -> POST /api/projekty
2025-06-23 17:01:58.146 [http-nio-8081-exec-186] INFO  c.project.service.ProjektServiceImpl.setProjekt(67) - REQUEST -> POST /api/projekty
2025-06-23 17:01:58.148 [http-nio-8081-exec-187] INFO  c.project.service.ProjektServiceImpl.setProjekt(67) - REQUEST -> POST /api/projekty
2025-06-23 17:01:58.151 [http-nio-8081-exec-188] INFO  c.project.service.ProjektServiceImpl.setProjekt(67) - REQUEST -> POST /api/projekty
2025-06-23 17:01:58.153 [http-nio-8081-exec-189] INFO  c.project.service.ProjektServiceImpl.setProjekt(67) - REQUEST -> POST /api/projekty
2025-06-23 17:01:58.155 [http-nio-8081-exec-190] INFO  c.project.service.ProjektServiceImpl.setProjekt(67) - REQUEST -> POST /api/projekty
2025-06-23 17:01:58.157 [http-nio-8081-exec-191] INFO  c.project.service.ProjektServiceImpl.setProjekt(67) - REQUEST -> POST /api/projekty
2025-06-23 17:01:58.160 [http-nio-8081-exec-192] INFO  c.project.service.ProjektServiceImpl.setProjekt(67) - REQUEST -> POST /api/projekty
2025-06-23 17:01:58.163 [http-nio-8081-exec-193] INFO  c.project.service.ProjektServiceImpl.setProjekt(67) - REQUEST -> POST /api/projekty
2025-06-23 17:01:58.178 [http-nio-8081-exec-194] INFO  c.project.service.ProjektServiceImpl.setProjekt(67) - REQUEST -> POST /api/projekty
2025-06-23 17:01:58.182 [http-nio-8081-exec-195] INFO  c.project.service.ProjektServiceImpl.setProjekt(67) - REQUEST -> POST /api/projekty
2025-06-23 17:01:58.184 [http-nio-8081-exec-196] INFO  c.project.service.ProjektServiceImpl.setProjekt(67) - REQUEST -> POST /api/projekty
2025-06-23 17:01:58.187 [http-nio-8081-exec-197] INFO  c.project.service.ProjektServiceImpl.setProjekt(67) - REQUEST -> POST /api/projekty
2025-06-23 17:01:58.191 [http-nio-8081-exec-198] INFO  c.project.service.ProjektServiceImpl.setProjekt(67) - REQUEST -> POST /api/projekty
2025-06-23 17:01:58.199 [http-nio-8081-exec-199] INFO  c.project.service.ProjektServiceImpl.setProjekt(67) - REQUEST -> POST /api/projekty
2025-06-23 17:01:58.202 [http-nio-8081-exec-200] INFO  c.project.service.ProjektServiceImpl.setProjekt(67) - REQUEST -> POST /api/projekty
2025-06-23 17:05:14.713 [restartedMain] INFO  c.project.ProjectRestApiApplication.logStarting(53) - Starting ProjectRestApiApplication using Java 23.0.2 with PID 2384 (C:\Users\miche\Downloads\project-rest-api\build\classes\java\main started by miche in C:\Users\miche\Downloads\project-rest-api)
2025-06-23 17:05:14.715 [restartedMain] INFO  c.project.ProjectRestApiApplication.logStartupProfileInfo(652) - No active profile set, falling back to 1 default profile: "default"
2025-06-23 17:05:19.768 [restartedMain] INFO  c.project.ProjectRestApiApplication.logStarted(59) - Started ProjectRestApiApplication in 5.504 seconds (process running for 6.043)
2025-06-23 17:08:08.921 [restartedMain] INFO  c.project.ProjectRestApiApplication.logStarting(53) - Starting ProjectRestApiApplication using Java 23.0.2 with PID 496 (C:\Users\miche\Downloads\project-rest-api\build\classes\java\main started by miche in C:\Users\miche\Downloads\project-rest-api)
2025-06-23 17:08:08.922 [restartedMain] INFO  c.project.ProjectRestApiApplication.logStartupProfileInfo(652) - No active profile set, falling back to 1 default profile: "default"
2025-06-23 17:08:14.533 [restartedMain] INFO  c.project.ProjectRestApiApplication.logStarted(59) - Started ProjectRestApiApplication in 6.162 seconds (process running for 6.784)
2025-06-23 17:09:56.012 [http-nio-8081-exec-5] INFO  c.project.service.ProjektServiceImpl.getProjekty(106) - REQUEST -> GET /api/projekty?page=0&size=20&sort=
2025-06-23 17:09:57.336 [http-nio-8081-exec-8] INFO  c.project.service.ProjektServiceImpl.getProjekty(106) - REQUEST -> GET /api/projekty?page=0&size=20&sort=
2025-06-23 17:10:29.769 [http-nio-8081-exec-4] INFO  c.project.service.ProjektServiceImpl.getProjekty(106) - REQUEST -> GET /api/projekty?page=0&size=20&sort=
2025-06-23 17:14:29.438 [restartedMain] INFO  c.project.ProjectRestApiApplication.logStarting(53) - Starting ProjectRestApiApplication using Java 23.0.2 with PID 12904 (C:\Users\miche\Downloads\project-rest-api\build\classes\java\main started by miche in C:\Users\miche\Downloads\project-rest-api)
2025-06-23 17:14:29.439 [restartedMain] INFO  c.project.ProjectRestApiApplication.logStartupProfileInfo(652) - No active profile set, falling back to 1 default profile: "default"
2025-06-23 17:14:35.568 [restartedMain] INFO  c.project.ProjectRestApiApplication.logStarted(59) - Started ProjectRestApiApplication in 6.699 seconds (process running for 7.382)
2025-06-23 17:15:17.144 [restartedMain] INFO  c.project.ProjectRestApiApplication.logStarting(53) - Starting ProjectRestApiApplication using Java 23.0.2 with PID 15352 (C:\Users\miche\Downloads\project-rest-api\build\classes\java\main started by miche in C:\Users\miche\Downloads\project-rest-api)
2025-06-23 17:15:17.144 [restartedMain] INFO  c.project.ProjectRestApiApplication.logStartupProfileInfo(652) - No active profile set, falling back to 1 default profile: "default"
2025-06-23 17:15:22.403 [restartedMain] INFO  c.project.ProjectRestApiApplication.logStarted(59) - Started ProjectRestApiApplication in 5.684 seconds (process running for 6.249)
2025-06-23 17:15:25.703 [http-nio-8081-exec-2] INFO  c.project.service.ProjektServiceImpl.getProjekty(106) - REQUEST -> GET /api/projekty?page=0&size=20&sort=
2025-06-23 17:15:25.748 [http-nio-8081-exec-4] INFO  c.project.service.ProjektServiceImpl.getProjekty(106) - REQUEST -> GET /api/projekty?page=0&size=20&sort=
2025-06-23 17:15:25.752 [http-nio-8081-exec-5] INFO  c.project.service.ProjektServiceImpl.getProjekty(106) - REQUEST -> GET /api/projekty?page=0&size=20&sort=
2025-06-23 17:15:25.755 [http-nio-8081-exec-6] INFO  c.project.service.ProjektServiceImpl.getProjekty(106) - REQUEST -> GET /api/projekty?page=0&size=20&sort=
2025-06-23 17:15:25.758 [http-nio-8081-exec-7] INFO  c.project.service.ProjektServiceImpl.getProjekty(106) - REQUEST -> GET /api/projekty?page=0&size=20&sort=
2025-06-23 17:15:25.760 [http-nio-8081-exec-9] INFO  c.project.service.ProjektServiceImpl.getProjekty(106) - REQUEST -> GET /api/projekty?page=0&size=20&sort=
2025-06-23 17:15:25.762 [http-nio-8081-exec-8] INFO  c.project.service.ProjektServiceImpl.getProjekty(106) - REQUEST -> GET /api/projekty?page=0&size=20&sort=
2025-06-23 17:15:25.765 [http-nio-8081-exec-10] INFO  c.project.service.ProjektServiceImpl.getProjekty(106) - REQUEST -> GET /api/projekty?page=0&size=20&sort=
2025-06-23 17:15:25.768 [http-nio-8081-exec-1] INFO  c.project.service.ProjektServiceImpl.getProjekty(106) - REQUEST -> GET /api/projekty?page=0&size=20&sort=
2025-06-23 17:15:25.771 [http-nio-8081-exec-3] INFO  c.project.service.ProjektServiceImpl.getProjekty(106) - REQUEST -> GET /api/projekty?page=0&size=20&sort=
2025-06-23 17:15:25.776 [http-nio-8081-exec-11] INFO  c.project.service.ProjektServiceImpl.getProjekty(106) - REQUEST -> GET /api/projekty?page=0&size=20&sort=
2025-06-23 17:15:25.779 [http-nio-8081-exec-12] INFO  c.project.service.ProjektServiceImpl.getProjekty(106) - REQUEST -> GET /api/projekty?page=0&size=20&sort=
2025-06-23 17:15:25.782 [http-nio-8081-exec-13] INFO  c.project.service.ProjektServiceImpl.getProjekty(106) - REQUEST -> GET /api/projekty?page=0&size=20&sort=
2025-06-23 17:15:25.785 [http-nio-8081-exec-14] INFO  c.project.service.ProjektServiceImpl.getProjekty(106) - REQUEST -> GET /api/projekty?page=0&size=20&sort=
2025-06-23 17:15:25.789 [http-nio-8081-exec-15] INFO  c.project.service.ProjektServiceImpl.getProjekty(106) - REQUEST -> GET /api/projekty?page=0&size=20&sort=
2025-06-23 17:15:25.791 [http-nio-8081-exec-16] INFO  c.project.service.ProjektServiceImpl.getProjekty(106) - REQUEST -> GET /api/projekty?page=0&size=20&sort=
2025-06-23 17:15:25.796 [http-nio-8081-exec-17] INFO  c.project.service.ProjektServiceImpl.getProjekty(106) - REQUEST -> GET /api/projekty?page=0&size=20&sort=
2025-06-23 17:15:25.799 [http-nio-8081-exec-18] INFO  c.project.service.ProjektServiceImpl.getProjekty(106) - REQUEST -> GET /api/projekty?page=0&size=20&sort=
2025-06-23 17:15:25.803 [http-nio-8081-exec-19] INFO  c.project.service.ProjektServiceImpl.getProjekty(106) - REQUEST -> GET /api/projekty?page=0&size=20&sort=
2025-06-23 17:15:25.806 [http-nio-8081-exec-20] INFO  c.project.service.ProjektServiceImpl.getProjekty(106) - REQUEST -> GET /api/projekty?page=0&size=20&sort=
2025-06-23 17:15:25.810 [http-nio-8081-exec-21] INFO  c.project.service.ProjektServiceImpl.getProjekty(106) - REQUEST -> GET /api/projekty?page=0&size=20&sort=
2025-06-23 17:15:25.813 [http-nio-8081-exec-22] INFO  c.project.service.ProjektServiceImpl.getProjekty(106) - REQUEST -> GET /api/projekty?page=0&size=20&sort=
2025-06-23 17:15:25.823 [http-nio-8081-exec-23] INFO  c.project.service.ProjektServiceImpl.getProjekty(106) - REQUEST -> GET /api/projekty?page=0&size=20&sort=
2025-06-23 17:15:25.827 [http-nio-8081-exec-24] INFO  c.project.service.ProjektServiceImpl.getProjekty(106) - REQUEST -> GET /api/projekty?page=0&size=20&sort=
2025-06-23 17:15:25.829 [http-nio-8081-exec-25] INFO  c.project.service.ProjektServiceImpl.getProjekty(106) - REQUEST -> GET /api/projekty?page=0&size=20&sort=
2025-06-23 17:15:25.833 [http-nio-8081-exec-26] INFO  c.project.service.ProjektServiceImpl.getProjekty(106) - REQUEST -> GET /api/projekty?page=0&size=20&sort=
2025-06-23 17:15:25.836 [http-nio-8081-exec-27] INFO  c.project.service.ProjektServiceImpl.getProjekty(106) - REQUEST -> GET /api/projekty?page=0&size=20&sort=
2025-06-23 17:15:25.839 [http-nio-8081-exec-28] INFO  c.project.service.ProjektServiceImpl.getProjekty(106) - REQUEST -> GET /api/projekty?page=0&size=20&sort=
2025-06-23 17:15:25.842 [http-nio-8081-exec-29] INFO  c.project.service.ProjektServiceImpl.getProjekty(106) - REQUEST -> GET /api/projekty?page=0&size=20&sort=
2025-06-23 17:15:25.845 [http-nio-8081-exec-30] INFO  c.project.service.ProjektServiceImpl.getProjekty(106) - REQUEST -> GET /api/projekty?page=0&size=20&sort=
2025-06-23 17:15:25.848 [http-nio-8081-exec-31] INFO  c.project.service.ProjektServiceImpl.getProjekty(106) - REQUEST -> GET /api/projekty?page=0&size=20&sort=
2025-06-23 17:15:25.852 [http-nio-8081-exec-32] INFO  c.project.service.ProjektServiceImpl.getProjekty(106) - REQUEST -> GET /api/projekty?page=0&size=20&sort=
2025-06-23 17:15:25.855 [http-nio-8081-exec-33] INFO  c.project.service.ProjektServiceImpl.getProjekty(106) - REQUEST -> GET /api/projekty?page=0&size=20&sort=
2025-06-23 17:15:25.858 [http-nio-8081-exec-34] INFO  c.project.service.ProjektServiceImpl.getProjekty(106) - REQUEST -> GET /api/projekty?page=0&size=20&sort=
2025-06-23 17:15:25.861 [http-nio-8081-exec-35] INFO  c.project.service.ProjektServiceImpl.getProjekty(106) - REQUEST -> GET /api/projekty?page=0&size=20&sort=
2025-06-23 17:15:25.863 [http-nio-8081-exec-36] INFO  c.project.service.ProjektServiceImpl.getProjekty(106) - REQUEST -> GET /api/projekty?page=0&size=20&sort=
2025-06-23 17:15:25.867 [http-nio-8081-exec-37] INFO  c.project.service.ProjektServiceImpl.getProjekty(106) - REQUEST -> GET /api/projekty?page=0&size=20&sort=
2025-06-23 17:15:25.870 [http-nio-8081-exec-38] INFO  c.project.service.ProjektServiceImpl.getProjekty(106) - REQUEST -> GET /api/projekty?page=0&size=20&sort=
2025-06-23 17:15:25.873 [http-nio-8081-exec-39] INFO  c.project.service.ProjektServiceImpl.getProjekty(106) - REQUEST -> GET /api/projekty?page=0&size=20&sort=
2025-06-23 17:15:25.876 [http-nio-8081-exec-40] INFO  c.project.service.ProjektServiceImpl.getProjekty(106) - REQUEST -> GET /api/projekty?page=0&size=20&sort=
2025-06-23 17:15:25.879 [http-nio-8081-exec-41] INFO  c.project.service.ProjektServiceImpl.getProjekty(106) - REQUEST -> GET /api/projekty?page=0&size=20&sort=
2025-06-23 17:15:25.882 [http-nio-8081-exec-42] INFO  c.project.service.ProjektServiceImpl.getProjekty(106) - REQUEST -> GET /api/projekty?page=0&size=20&sort=
2025-06-23 17:15:25.886 [http-nio-8081-exec-43] INFO  c.project.service.ProjektServiceImpl.getProjekty(106) - REQUEST -> GET /api/projekty?page=0&size=20&sort=
2025-06-23 17:15:25.889 [http-nio-8081-exec-44] INFO  c.project.service.ProjektServiceImpl.getProjekty(106) - REQUEST -> GET /api/projekty?page=0&size=20&sort=
2025-06-23 17:15:25.892 [http-nio-8081-exec-45] INFO  c.project.service.ProjektServiceImpl.getProjekty(106) - REQUEST -> GET /api/projekty?page=0&size=20&sort=
2025-06-23 17:15:25.894 [http-nio-8081-exec-46] INFO  c.project.service.ProjektServiceImpl.getProjekty(106) - REQUEST -> GET /api/projekty?page=0&size=20&sort=
2025-06-23 17:15:25.896 [http-nio-8081-exec-47] INFO  c.project.service.ProjektServiceImpl.getProjekty(106) - REQUEST -> GET /api/projekty?page=0&size=20&sort=
2025-06-23 17:15:25.899 [http-nio-8081-exec-48] INFO  c.project.service.ProjektServiceImpl.getProjekty(106) - REQUEST -> GET /api/projekty?page=0&size=20&sort=
2025-06-23 17:15:25.901 [http-nio-8081-exec-49] INFO  c.project.service.ProjektServiceImpl.getProjekty(106) - REQUEST -> GET /api/projekty?page=0&size=20&sort=
2025-06-23 17:15:25.904 [http-nio-8081-exec-50] INFO  c.project.service.ProjektServiceImpl.getProjekty(106) - REQUEST -> GET /api/projekty?page=0&size=20&sort=
2025-06-23 17:15:25.907 [http-nio-8081-exec-51] INFO  c.project.service.ProjektServiceImpl.getProjekty(106) - REQUEST -> GET /api/projekty?page=0&size=20&sort=
2025-06-23 17:15:25.910 [http-nio-8081-exec-52] INFO  c.project.service.ProjektServiceImpl.getProjekty(106) - REQUEST -> GET /api/projekty?page=0&size=20&sort=
2025-06-23 17:15:25.914 [http-nio-8081-exec-53] INFO  c.project.service.ProjektServiceImpl.getProjekty(106) - REQUEST -> GET /api/projekty?page=0&size=20&sort=
2025-06-23 17:15:25.918 [http-nio-8081-exec-54] INFO  c.project.service.ProjektServiceImpl.getProjekty(106) - REQUEST -> GET /api/projekty?page=0&size=20&sort=
2025-06-23 17:15:25.923 [http-nio-8081-exec-55] INFO  c.project.service.ProjektServiceImpl.getProjekty(106) - REQUEST -> GET /api/projekty?page=0&size=20&sort=
2025-06-23 17:15:25.926 [http-nio-8081-exec-56] INFO  c.project.service.ProjektServiceImpl.getProjekty(106) - REQUEST -> GET /api/projekty?page=0&size=20&sort=
2025-06-23 17:15:25.929 [http-nio-8081-exec-57] INFO  c.project.service.ProjektServiceImpl.getProjekty(106) - REQUEST -> GET /api/projekty?page=0&size=20&sort=
2025-06-23 17:15:25.931 [http-nio-8081-exec-58] INFO  c.project.service.ProjektServiceImpl.getProjekty(106) - REQUEST -> GET /api/projekty?page=0&size=20&sort=
2025-06-23 17:15:25.933 [http-nio-8081-exec-59] INFO  c.project.service.ProjektServiceImpl.getProjekty(106) - REQUEST -> GET /api/projekty?page=0&size=20&sort=
2025-06-23 17:15:25.937 [http-nio-8081-exec-60] INFO  c.project.service.ProjektServiceImpl.getProjekty(106) - REQUEST -> GET /api/projekty?page=0&size=20&sort=
2025-06-23 17:15:25.940 [http-nio-8081-exec-61] INFO  c.project.service.ProjektServiceImpl.getProjekty(106) - REQUEST -> GET /api/projekty?page=0&size=20&sort=
2025-06-23 17:15:25.944 [http-nio-8081-exec-62] INFO  c.project.service.ProjektServiceImpl.getProjekty(106) - REQUEST -> GET /api/projekty?page=0&size=20&sort=
2025-06-23 17:15:25.946 [http-nio-8081-exec-63] INFO  c.project.service.ProjektServiceImpl.getProjekty(106) - REQUEST -> GET /api/projekty?page=0&size=20&sort=
2025-06-23 17:15:25.949 [http-nio-8081-exec-64] INFO  c.project.service.ProjektServiceImpl.getProjekty(106) - REQUEST -> GET /api/projekty?page=0&size=20&sort=
2025-06-23 17:15:25.952 [http-nio-8081-exec-65] INFO  c.project.service.ProjektServiceImpl.getProjekty(106) - REQUEST -> GET /api/projekty?page=0&size=20&sort=
2025-06-23 17:15:25.956 [http-nio-8081-exec-66] INFO  c.project.service.ProjektServiceImpl.getProjekty(106) - REQUEST -> GET /api/projekty?page=0&size=20&sort=
2025-06-23 17:15:25.959 [http-nio-8081-exec-67] INFO  c.project.service.ProjektServiceImpl.getProjekty(106) - REQUEST -> GET /api/projekty?page=0&size=20&sort=
2025-06-23 17:15:25.962 [http-nio-8081-exec-68] INFO  c.project.service.ProjektServiceImpl.getProjekty(106) - REQUEST -> GET /api/projekty?page=0&size=20&sort=
2025-06-23 17:15:25.965 [http-nio-8081-exec-69] INFO  c.project.service.ProjektServiceImpl.getProjekty(106) - REQUEST -> GET /api/projekty?page=0&size=20&sort=
2025-06-23 17:15:25.968 [http-nio-8081-exec-70] INFO  c.project.service.ProjektServiceImpl.getProjekty(106) - REQUEST -> GET /api/projekty?page=0&size=20&sort=
2025-06-23 17:15:25.970 [http-nio-8081-exec-71] INFO  c.project.service.ProjektServiceImpl.getProjekty(106) - REQUEST -> GET /api/projekty?page=0&size=20&sort=
2025-06-23 17:15:25.972 [http-nio-8081-exec-72] INFO  c.project.service.ProjektServiceImpl.getProjekty(106) - REQUEST -> GET /api/projekty?page=0&size=20&sort=
2025-06-23 17:15:25.974 [http-nio-8081-exec-73] INFO  c.project.service.ProjektServiceImpl.getProjekty(106) - REQUEST -> GET /api/projekty?page=0&size=20&sort=
2025-06-23 17:15:25.978 [http-nio-8081-exec-74] INFO  c.project.service.ProjektServiceImpl.getProjekty(106) - REQUEST -> GET /api/projekty?page=0&size=20&sort=
2025-06-23 17:15:25.981 [http-nio-8081-exec-75] INFO  c.project.service.ProjektServiceImpl.getProjekty(106) - REQUEST -> GET /api/projekty?page=0&size=20&sort=
2025-06-23 17:15:25.984 [http-nio-8081-exec-76] INFO  c.project.service.ProjektServiceImpl.getProjekty(106) - REQUEST -> GET /api/projekty?page=0&size=20&sort=
2025-06-23 17:15:25.987 [http-nio-8081-exec-77] INFO  c.project.service.ProjektServiceImpl.getProjekty(106) - REQUEST -> GET /api/projekty?page=0&size=20&sort=
2025-06-23 17:15:25.990 [http-nio-8081-exec-78] INFO  c.project.service.ProjektServiceImpl.getProjekty(106) - REQUEST -> GET /api/projekty?page=0&size=20&sort=
2025-06-23 17:15:25.992 [http-nio-8081-exec-79] INFO  c.project.service.ProjektServiceImpl.getProjekty(106) - REQUEST -> GET /api/projekty?page=0&size=20&sort=
2025-06-23 17:15:25.995 [http-nio-8081-exec-80] INFO  c.project.service.ProjektServiceImpl.getProjekty(106) - REQUEST -> GET /api/projekty?page=0&size=20&sort=
2025-06-23 17:15:25.997 [http-nio-8081-exec-81] INFO  c.project.service.ProjektServiceImpl.getProjekty(106) - REQUEST -> GET /api/projekty?page=0&size=20&sort=
2025-06-23 17:15:26.000 [http-nio-8081-exec-82] INFO  c.project.service.ProjektServiceImpl.getProjekty(106) - REQUEST -> GET /api/projekty?page=0&size=20&sort=
2025-06-23 17:15:26.003 [http-nio-8081-exec-83] INFO  c.project.service.ProjektServiceImpl.getProjekty(106) - REQUEST -> GET /api/projekty?page=0&size=20&sort=
2025-06-23 17:15:26.006 [http-nio-8081-exec-84] INFO  c.project.service.ProjektServiceImpl.getProjekty(106) - REQUEST -> GET /api/projekty?page=0&size=20&sort=
2025-06-23 17:15:26.010 [http-nio-8081-exec-85] INFO  c.project.service.ProjektServiceImpl.getProjekty(106) - REQUEST -> GET /api/projekty?page=0&size=20&sort=
2025-06-23 17:15:26.013 [http-nio-8081-exec-86] INFO  c.project.service.ProjektServiceImpl.getProjekty(106) - REQUEST -> GET /api/projekty?page=0&size=20&sort=
2025-06-23 17:15:26.017 [http-nio-8081-exec-87] INFO  c.project.service.ProjektServiceImpl.getProjekty(106) - REQUEST -> GET /api/projekty?page=0&size=20&sort=
2025-06-23 17:15:26.020 [http-nio-8081-exec-88] INFO  c.project.service.ProjektServiceImpl.getProjekty(106) - REQUEST -> GET /api/projekty?page=0&size=20&sort=
2025-06-23 17:15:26.022 [http-nio-8081-exec-89] INFO  c.project.service.ProjektServiceImpl.getProjekty(106) - REQUEST -> GET /api/projekty?page=0&size=20&sort=
2025-06-23 17:15:26.023 [http-nio-8081-exec-90] INFO  c.project.service.ProjektServiceImpl.getProjekty(106) - REQUEST -> GET /api/projekty?page=0&size=20&sort=
2025-06-23 17:15:26.025 [http-nio-8081-exec-91] INFO  c.project.service.ProjektServiceImpl.getProjekty(106) - REQUEST -> GET /api/projekty?page=0&size=20&sort=
2025-06-23 17:15:26.027 [http-nio-8081-exec-92] INFO  c.project.service.ProjektServiceImpl.getProjekty(106) - REQUEST -> GET /api/projekty?page=0&size=20&sort=
2025-06-23 17:15:26.030 [http-nio-8081-exec-93] INFO  c.project.service.ProjektServiceImpl.getProjekty(106) - REQUEST -> GET /api/projekty?page=0&size=20&sort=
2025-06-23 17:15:26.032 [http-nio-8081-exec-94] INFO  c.project.service.ProjektServiceImpl.getProjekty(106) - REQUEST -> GET /api/projekty?page=0&size=20&sort=
2025-06-23 17:15:26.034 [http-nio-8081-exec-95] INFO  c.project.service.ProjektServiceImpl.getProjekty(106) - REQUEST -> GET /api/projekty?page=0&size=20&sort=
2025-06-23 17:15:26.036 [http-nio-8081-exec-96] INFO  c.project.service.ProjektServiceImpl.getProjekty(106) - REQUEST -> GET /api/projekty?page=0&size=20&sort=
2025-06-23 17:15:26.039 [http-nio-8081-exec-97] INFO  c.project.service.ProjektServiceImpl.getProjekty(106) - REQUEST -> GET /api/projekty?page=0&size=20&sort=
2025-06-23 17:15:26.042 [http-nio-8081-exec-98] INFO  c.project.service.ProjektServiceImpl.getProjekty(106) - REQUEST -> GET /api/projekty?page=0&size=20&sort=
2025-06-23 17:15:26.044 [http-nio-8081-exec-99] INFO  c.project.service.ProjektServiceImpl.getProjekty(106) - REQUEST -> GET /api/projekty?page=0&size=20&sort=
2025-06-23 17:15:26.046 [http-nio-8081-exec-100] INFO  c.project.service.ProjektServiceImpl.getProjekty(106) - REQUEST -> GET /api/projekty?page=0&size=20&sort=
2025-06-23 17:15:26.050 [http-nio-8081-exec-101] INFO  c.project.service.ProjektServiceImpl.getProjekty(106) - REQUEST -> GET /api/projekty?page=0&size=20&sort=
2025-06-23 17:15:26.053 [http-nio-8081-exec-102] INFO  c.project.service.ProjektServiceImpl.getProjekty(106) - REQUEST -> GET /api/projekty?page=0&size=20&sort=
2025-06-23 17:15:26.055 [http-nio-8081-exec-103] INFO  c.project.service.ProjektServiceImpl.getProjekty(106) - REQUEST -> GET /api/projekty?page=0&size=20&sort=
2025-06-23 17:15:26.058 [http-nio-8081-exec-104] INFO  c.project.service.ProjektServiceImpl.getProjekty(106) - REQUEST -> GET /api/projekty?page=0&size=20&sort=
2025-06-23 17:15:26.060 [http-nio-8081-exec-105] INFO  c.project.service.ProjektServiceImpl.getProjekty(106) - REQUEST -> GET /api/projekty?page=0&size=20&sort=
2025-06-23 17:15:26.063 [http-nio-8081-exec-106] INFO  c.project.service.ProjektServiceImpl.getProjekty(106) - REQUEST -> GET /api/projekty?page=0&size=20&sort=
2025-06-23 17:15:26.065 [http-nio-8081-exec-107] INFO  c.project.service.ProjektServiceImpl.getProjekty(106) - REQUEST -> GET /api/projekty?page=0&size=20&sort=
2025-06-23 17:15:26.066 [http-nio-8081-exec-108] INFO  c.project.service.ProjektServiceImpl.getProjekty(106) - REQUEST -> GET /api/projekty?page=0&size=20&sort=
2025-06-23 17:15:26.068 [http-nio-8081-exec-109] INFO  c.project.service.ProjektServiceImpl.getProjekty(106) - REQUEST -> GET /api/projekty?page=0&size=20&sort=
2025-06-23 17:15:26.070 [http-nio-8081-exec-110] INFO  c.project.service.ProjektServiceImpl.getProjekty(106) - REQUEST -> GET /api/projekty?page=0&size=20&sort=
2025-06-23 17:15:26.072 [http-nio-8081-exec-111] INFO  c.project.service.ProjektServiceImpl.getProjekty(106) - REQUEST -> GET /api/projekty?page=0&size=20&sort=
2025-06-23 17:15:26.074 [http-nio-8081-exec-112] INFO  c.project.service.ProjektServiceImpl.getProjekty(106) - REQUEST -> GET /api/projekty?page=0&size=20&sort=
2025-06-23 17:15:26.076 [http-nio-8081-exec-113] INFO  c.project.service.ProjektServiceImpl.getProjekty(106) - REQUEST -> GET /api/projekty?page=0&size=20&sort=
2025-06-23 17:15:26.078 [http-nio-8081-exec-114] INFO  c.project.service.ProjektServiceImpl.getProjekty(106) - REQUEST -> GET /api/projekty?page=0&size=20&sort=
2025-06-23 17:15:26.080 [http-nio-8081-exec-115] INFO  c.project.service.ProjektServiceImpl.getProjekty(106) - REQUEST -> GET /api/projekty?page=0&size=20&sort=
2025-06-23 17:15:26.082 [http-nio-8081-exec-116] INFO  c.project.service.ProjektServiceImpl.getProjekty(106) - REQUEST -> GET /api/projekty?page=0&size=20&sort=
2025-06-23 17:15:26.084 [http-nio-8081-exec-117] INFO  c.project.service.ProjektServiceImpl.getProjekty(106) - REQUEST -> GET /api/projekty?page=0&size=20&sort=
2025-06-23 17:15:26.086 [http-nio-8081-exec-118] INFO  c.project.service.ProjektServiceImpl.getProjekty(106) - REQUEST -> GET /api/projekty?page=0&size=20&sort=
2025-06-23 17:15:26.088 [http-nio-8081-exec-119] INFO  c.project.service.ProjektServiceImpl.getProjekty(106) - REQUEST -> GET /api/projekty?page=0&size=20&sort=
2025-06-23 17:15:26.090 [http-nio-8081-exec-120] INFO  c.project.service.ProjektServiceImpl.getProjekty(106) - REQUEST -> GET /api/projekty?page=0&size=20&sort=
2025-06-23 17:15:26.093 [http-nio-8081-exec-121] INFO  c.project.service.ProjektServiceImpl.getProjekty(106) - REQUEST -> GET /api/projekty?page=0&size=20&sort=
2025-06-23 17:15:26.095 [http-nio-8081-exec-122] INFO  c.project.service.ProjektServiceImpl.getProjekty(106) - REQUEST -> GET /api/projekty?page=0&size=20&sort=
2025-06-23 17:15:26.098 [http-nio-8081-exec-123] INFO  c.project.service.ProjektServiceImpl.getProjekty(106) - REQUEST -> GET /api/projekty?page=0&size=20&sort=
2025-06-23 17:15:26.100 [http-nio-8081-exec-124] INFO  c.project.service.ProjektServiceImpl.getProjekty(106) - REQUEST -> GET /api/projekty?page=0&size=20&sort=
2025-06-23 17:15:26.103 [http-nio-8081-exec-125] INFO  c.project.service.ProjektServiceImpl.getProjekty(106) - REQUEST -> GET /api/projekty?page=0&size=20&sort=
2025-06-23 17:15:26.107 [http-nio-8081-exec-126] INFO  c.project.service.ProjektServiceImpl.getProjekty(106) - REQUEST -> GET /api/projekty?page=0&size=20&sort=
2025-06-23 17:15:26.110 [http-nio-8081-exec-127] INFO  c.project.service.ProjektServiceImpl.getProjekty(106) - REQUEST -> GET /api/projekty?page=0&size=20&sort=
2025-06-23 17:15:26.114 [http-nio-8081-exec-128] INFO  c.project.service.ProjektServiceImpl.getProjekty(106) - REQUEST -> GET /api/projekty?page=0&size=20&sort=
2025-06-23 17:15:26.120 [http-nio-8081-exec-129] INFO  c.project.service.ProjektServiceImpl.getProjekty(106) - REQUEST -> GET /api/projekty?page=0&size=20&sort=
2025-06-23 17:15:26.122 [http-nio-8081-exec-130] INFO  c.project.service.ProjektServiceImpl.getProjekty(106) - REQUEST -> GET /api/projekty?page=0&size=20&sort=
2025-06-23 17:15:26.125 [http-nio-8081-exec-131] INFO  c.project.service.ProjektServiceImpl.getProjekty(106) - REQUEST -> GET /api/projekty?page=0&size=20&sort=
2025-06-23 17:15:26.128 [http-nio-8081-exec-132] INFO  c.project.service.ProjektServiceImpl.getProjekty(106) - REQUEST -> GET /api/projekty?page=0&size=20&sort=
2025-06-23 17:15:26.131 [http-nio-8081-exec-133] INFO  c.project.service.ProjektServiceImpl.getProjekty(106) - REQUEST -> GET /api/projekty?page=0&size=20&sort=
2025-06-23 17:15:26.133 [http-nio-8081-exec-134] INFO  c.project.service.ProjektServiceImpl.getProjekty(106) - REQUEST -> GET /api/projekty?page=0&size=20&sort=
2025-06-23 17:15:26.136 [http-nio-8081-exec-135] INFO  c.project.service.ProjektServiceImpl.getProjekty(106) - REQUEST -> GET /api/projekty?page=0&size=20&sort=
2025-06-23 17:15:26.139 [http-nio-8081-exec-136] INFO  c.project.service.ProjektServiceImpl.getProjekty(106) - REQUEST -> GET /api/projekty?page=0&size=20&sort=
2025-06-23 17:15:26.141 [http-nio-8081-exec-137] INFO  c.project.service.ProjektServiceImpl.getProjekty(106) - REQUEST -> GET /api/projekty?page=0&size=20&sort=
2025-06-23 17:15:26.143 [http-nio-8081-exec-138] INFO  c.project.service.ProjektServiceImpl.getProjekty(106) - REQUEST -> GET /api/projekty?page=0&size=20&sort=
2025-06-23 17:15:26.144 [http-nio-8081-exec-139] INFO  c.project.service.ProjektServiceImpl.getProjekty(106) - REQUEST -> GET /api/projekty?page=0&size=20&sort=
2025-06-23 17:15:26.146 [http-nio-8081-exec-140] INFO  c.project.service.ProjektServiceImpl.getProjekty(106) - REQUEST -> GET /api/projekty?page=0&size=20&sort=
2025-06-23 17:15:26.148 [http-nio-8081-exec-141] INFO  c.project.service.ProjektServiceImpl.getProjekty(106) - REQUEST -> GET /api/projekty?page=0&size=20&sort=
2025-06-23 17:15:26.151 [http-nio-8081-exec-142] INFO  c.project.service.ProjektServiceImpl.getProjekty(106) - REQUEST -> GET /api/projekty?page=0&size=20&sort=
2025-06-23 17:15:26.154 [http-nio-8081-exec-143] INFO  c.project.service.ProjektServiceImpl.getProjekty(106) - REQUEST -> GET /api/projekty?page=0&size=20&sort=
2025-06-23 17:15:26.156 [http-nio-8081-exec-144] INFO  c.project.service.ProjektServiceImpl.getProjekty(106) - REQUEST -> GET /api/projekty?page=0&size=20&sort=
2025-06-23 17:15:26.160 [http-nio-8081-exec-145] INFO  c.project.service.ProjektServiceImpl.getProjekty(106) - REQUEST -> GET /api/projekty?page=0&size=20&sort=
2025-06-23 17:15:26.162 [http-nio-8081-exec-146] INFO  c.project.service.ProjektServiceImpl.getProjekty(106) - REQUEST -> GET /api/projekty?page=0&size=20&sort=
2025-06-23 17:15:26.165 [http-nio-8081-exec-147] INFO  c.project.service.ProjektServiceImpl.getProjekty(106) - REQUEST -> GET /api/projekty?page=0&size=20&sort=
2025-06-23 17:15:26.166 [http-nio-8081-exec-148] INFO  c.project.service.ProjektServiceImpl.getProjekty(106) - REQUEST -> GET /api/projekty?page=0&size=20&sort=
2025-06-23 17:15:26.168 [http-nio-8081-exec-149] INFO  c.project.service.ProjektServiceImpl.getProjekty(106) - REQUEST -> GET /api/projekty?page=0&size=20&sort=
2025-06-23 17:15:26.170 [http-nio-8081-exec-150] INFO  c.project.service.ProjektServiceImpl.getProjekty(106) - REQUEST -> GET /api/projekty?page=0&size=20&sort=
2025-06-23 17:15:26.173 [http-nio-8081-exec-151] INFO  c.project.service.ProjektServiceImpl.getProjekty(106) - REQUEST -> GET /api/projekty?page=0&size=20&sort=
2025-06-23 17:15:26.176 [http-nio-8081-exec-152] INFO  c.project.service.ProjektServiceImpl.getProjekty(106) - REQUEST -> GET /api/projekty?page=0&size=20&sort=
2025-06-23 17:15:26.178 [http-nio-8081-exec-153] INFO  c.project.service.ProjektServiceImpl.getProjekty(106) - REQUEST -> GET /api/projekty?page=0&size=20&sort=
2025-06-23 17:15:26.181 [http-nio-8081-exec-154] INFO  c.project.service.ProjektServiceImpl.getProjekty(106) - REQUEST -> GET /api/projekty?page=0&size=20&sort=
2025-06-23 17:15:26.183 [http-nio-8081-exec-155] INFO  c.project.service.ProjektServiceImpl.getProjekty(106) - REQUEST -> GET /api/projekty?page=0&size=20&sort=
2025-06-23 17:15:26.186 [http-nio-8081-exec-156] INFO  c.project.service.ProjektServiceImpl.getProjekty(106) - REQUEST -> GET /api/projekty?page=0&size=20&sort=
2025-06-23 17:15:26.188 [http-nio-8081-exec-157] INFO  c.project.service.ProjektServiceImpl.getProjekty(106) - REQUEST -> GET /api/projekty?page=0&size=20&sort=
2025-06-23 17:15:26.190 [http-nio-8081-exec-158] INFO  c.project.service.ProjektServiceImpl.getProjekty(106) - REQUEST -> GET /api/projekty?page=0&size=20&sort=
2025-06-23 17:15:26.193 [http-nio-8081-exec-159] INFO  c.project.service.ProjektServiceImpl.getProjekty(106) - REQUEST -> GET /api/projekty?page=0&size=20&sort=
2025-06-23 17:15:26.195 [http-nio-8081-exec-160] INFO  c.project.service.ProjektServiceImpl.getProjekty(106) - REQUEST -> GET /api/projekty?page=0&size=20&sort=
2025-06-23 17:15:26.199 [http-nio-8081-exec-161] INFO  c.project.service.ProjektServiceImpl.getProjekty(106) - REQUEST -> GET /api/projekty?page=0&size=20&sort=
2025-06-23 17:15:26.200 [http-nio-8081-exec-162] INFO  c.project.service.ProjektServiceImpl.getProjekty(106) - REQUEST -> GET /api/projekty?page=0&size=20&sort=
2025-06-23 17:15:26.202 [http-nio-8081-exec-163] INFO  c.project.service.ProjektServiceImpl.getProjekty(106) - REQUEST -> GET /api/projekty?page=0&size=20&sort=
2025-06-23 17:15:26.204 [http-nio-8081-exec-164] INFO  c.project.service.ProjektServiceImpl.getProjekty(106) - REQUEST -> GET /api/projekty?page=0&size=20&sort=
2025-06-23 17:15:26.206 [http-nio-8081-exec-165] INFO  c.project.service.ProjektServiceImpl.getProjekty(106) - REQUEST -> GET /api/projekty?page=0&size=20&sort=
2025-06-23 17:15:26.209 [http-nio-8081-exec-166] INFO  c.project.service.ProjektServiceImpl.getProjekty(106) - REQUEST -> GET /api/projekty?page=0&size=20&sort=
2025-06-23 17:15:26.212 [http-nio-8081-exec-167] INFO  c.project.service.ProjektServiceImpl.getProjekty(106) - REQUEST -> GET /api/projekty?page=0&size=20&sort=
2025-06-23 17:15:26.214 [http-nio-8081-exec-168] INFO  c.project.service.ProjektServiceImpl.getProjekty(106) - REQUEST -> GET /api/projekty?page=0&size=20&sort=
2025-06-23 17:15:26.217 [http-nio-8081-exec-169] INFO  c.project.service.ProjektServiceImpl.getProjekty(106) - REQUEST -> GET /api/projekty?page=0&size=20&sort=
2025-06-23 17:15:26.219 [http-nio-8081-exec-170] INFO  c.project.service.ProjektServiceImpl.getProjekty(106) - REQUEST -> GET /api/projekty?page=0&size=20&sort=
2025-06-23 17:15:26.222 [http-nio-8081-exec-171] INFO  c.project.service.ProjektServiceImpl.getProjekty(106) - REQUEST -> GET /api/projekty?page=0&size=20&sort=
2025-06-23 17:15:26.224 [http-nio-8081-exec-172] INFO  c.project.service.ProjektServiceImpl.getProjekty(106) - REQUEST -> GET /api/projekty?page=0&size=20&sort=
2025-06-23 17:15:26.226 [http-nio-8081-exec-173] INFO  c.project.service.ProjektServiceImpl.getProjekty(106) - REQUEST -> GET /api/projekty?page=0&size=20&sort=
2025-06-23 17:15:26.228 [http-nio-8081-exec-174] INFO  c.project.service.ProjektServiceImpl.getProjekty(106) - REQUEST -> GET /api/projekty?page=0&size=20&sort=
2025-06-23 17:15:26.230 [http-nio-8081-exec-175] INFO  c.project.service.ProjektServiceImpl.getProjekty(106) - REQUEST -> GET /api/projekty?page=0&size=20&sort=
2025-06-23 17:15:26.232 [http-nio-8081-exec-176] INFO  c.project.service.ProjektServiceImpl.getProjekty(106) - REQUEST -> GET /api/projekty?page=0&size=20&sort=
2025-06-23 17:15:26.234 [http-nio-8081-exec-177] INFO  c.project.service.ProjektServiceImpl.getProjekty(106) - REQUEST -> GET /api/projekty?page=0&size=20&sort=
2025-06-23 17:15:26.236 [http-nio-8081-exec-178] INFO  c.project.service.ProjektServiceImpl.getProjekty(106) - REQUEST -> GET /api/projekty?page=0&size=20&sort=
2025-06-23 17:15:26.239 [http-nio-8081-exec-179] INFO  c.project.service.ProjektServiceImpl.getProjekty(106) - REQUEST -> GET /api/projekty?page=0&size=20&sort=
2025-06-23 17:15:26.241 [http-nio-8081-exec-180] INFO  c.project.service.ProjektServiceImpl.getProjekty(106) - REQUEST -> GET /api/projekty?page=0&size=20&sort=
2025-06-23 17:15:26.243 [http-nio-8081-exec-181] INFO  c.project.service.ProjektServiceImpl.getProjekty(106) - REQUEST -> GET /api/projekty?page=0&size=20&sort=
2025-06-23 17:15:26.244 [http-nio-8081-exec-182] INFO  c.project.service.ProjektServiceImpl.getProjekty(106) - REQUEST -> GET /api/projekty?page=0&size=20&sort=
2025-06-23 17:15:26.246 [http-nio-8081-exec-183] INFO  c.project.service.ProjektServiceImpl.getProjekty(106) - REQUEST -> GET /api/projekty?page=0&size=20&sort=
2025-06-23 17:15:26.248 [http-nio-8081-exec-184] INFO  c.project.service.ProjektServiceImpl.getProjekty(106) - REQUEST -> GET /api/projekty?page=0&size=20&sort=
2025-06-23 17:15:26.249 [http-nio-8081-exec-185] INFO  c.project.service.ProjektServiceImpl.getProjekty(106) - REQUEST -> GET /api/projekty?page=0&size=20&sort=
2025-06-23 17:15:26.251 [http-nio-8081-exec-186] INFO  c.project.service.ProjektServiceImpl.getProjekty(106) - REQUEST -> GET /api/projekty?page=0&size=20&sort=
2025-06-23 17:15:26.253 [http-nio-8081-exec-187] INFO  c.project.service.ProjektServiceImpl.getProjekty(106) - REQUEST -> GET /api/projekty?page=0&size=20&sort=
2025-06-23 17:15:26.255 [http-nio-8081-exec-188] INFO  c.project.service.ProjektServiceImpl.getProjekty(106) - REQUEST -> GET /api/projekty?page=0&size=20&sort=
2025-06-23 17:15:26.257 [http-nio-8081-exec-189] INFO  c.project.service.ProjektServiceImpl.getProjekty(106) - REQUEST -> GET /api/projekty?page=0&size=20&sort=
2025-06-23 17:15:26.259 [http-nio-8081-exec-190] INFO  c.project.service.ProjektServiceImpl.getProjekty(106) - REQUEST -> GET /api/projekty?page=0&size=20&sort=
2025-06-23 17:15:26.261 [http-nio-8081-exec-191] INFO  c.project.service.ProjektServiceImpl.getProjekty(106) - REQUEST -> GET /api/projekty?page=0&size=20&sort=
2025-06-23 17:15:26.263 [http-nio-8081-exec-192] INFO  c.project.service.ProjektServiceImpl.getProjekty(106) - REQUEST -> GET /api/projekty?page=0&size=20&sort=
2025-06-23 17:15:26.266 [http-nio-8081-exec-193] INFO  c.project.service.ProjektServiceImpl.getProjekty(106) - REQUEST -> GET /api/projekty?page=0&size=20&sort=
2025-06-23 17:15:26.268 [http-nio-8081-exec-194] INFO  c.project.service.ProjektServiceImpl.getProjekty(106) - REQUEST -> GET /api/projekty?page=0&size=20&sort=
2025-06-23 17:15:26.271 [http-nio-8081-exec-195] INFO  c.project.service.ProjektServiceImpl.getProjekty(106) - REQUEST -> GET /api/projekty?page=0&size=20&sort=
2025-06-23 17:15:26.273 [http-nio-8081-exec-196] INFO  c.project.service.ProjektServiceImpl.getProjekty(106) - REQUEST -> GET /api/projekty?page=0&size=20&sort=
2025-06-23 17:15:26.274 [http-nio-8081-exec-197] INFO  c.project.service.ProjektServiceImpl.getProjekty(106) - REQUEST -> GET /api/projekty?page=0&size=20&sort=
2025-06-23 17:15:26.276 [http-nio-8081-exec-198] INFO  c.project.service.ProjektServiceImpl.getProjekty(106) - REQUEST -> GET /api/projekty?page=0&size=20&sort=
2025-06-23 17:15:26.277 [http-nio-8081-exec-199] INFO  c.project.service.ProjektServiceImpl.getProjekty(106) - REQUEST -> GET /api/projekty?page=0&size=20&sort=
2025-06-23 17:15:26.279 [http-nio-8081-exec-200] INFO  c.project.service.ProjektServiceImpl.getProjekty(106) - REQUEST -> GET /api/projekty?page=0&size=20&sort=
2025-06-23 17:19:28.929 [restartedMain] INFO  c.project.ProjectRestApiApplication.logStarting(53) - Starting ProjectRestApiApplication using Java 23.0.2 with PID 10204 (C:\Users\miche\Downloads\project-rest-api\build\classes\java\main started by miche in C:\Users\miche\Downloads\project-rest-api)
2025-06-23 17:19:28.931 [restartedMain] INFO  c.project.ProjectRestApiApplication.logStartupProfileInfo(652) - No active profile set, falling back to 1 default profile: "default"
2025-06-23 17:19:34.263 [restartedMain] INFO  c.project.ProjectRestApiApplication.logStarted(59) - Started ProjectRestApiApplication in 5.828 seconds (process running for 6.403)
2025-06-23 17:19:56.343 [http-nio-8081-exec-10] INFO  c.project.service.ProjektServiceImpl.setProjekt(67) - REQUEST -> POST /api/projekty
2025-06-23 17:19:56.438 [http-nio-8081-exec-1] INFO  c.project.service.ProjektServiceImpl.setProjekt(67) - REQUEST -> POST /api/projekty
2025-06-23 17:19:56.442 [http-nio-8081-exec-2] INFO  c.project.service.ProjektServiceImpl.setProjekt(67) - REQUEST -> POST /api/projekty
2025-06-23 17:19:56.445 [http-nio-8081-exec-3] INFO  c.project.service.ProjektServiceImpl.setProjekt(67) - REQUEST -> POST /api/projekty
2025-06-23 17:19:56.449 [http-nio-8081-exec-4] INFO  c.project.service.ProjektServiceImpl.setProjekt(67) - REQUEST -> POST /api/projekty
2025-06-23 17:19:56.452 [http-nio-8081-exec-5] INFO  c.project.service.ProjektServiceImpl.setProjekt(67) - REQUEST -> POST /api/projekty
2025-06-23 17:19:56.456 [http-nio-8081-exec-6] INFO  c.project.service.ProjektServiceImpl.setProjekt(67) - REQUEST -> POST /api/projekty
2025-06-23 17:19:56.459 [http-nio-8081-exec-7] INFO  c.project.service.ProjektServiceImpl.setProjekt(67) - REQUEST -> POST /api/projekty
2025-06-23 17:19:56.463 [http-nio-8081-exec-8] INFO  c.project.service.ProjektServiceImpl.setProjekt(67) - REQUEST -> POST /api/projekty
2025-06-23 17:19:56.466 [http-nio-8081-exec-9] INFO  c.project.service.ProjektServiceImpl.setProjekt(67) - REQUEST -> POST /api/projekty
2025-06-23 17:19:56.469 [http-nio-8081-exec-11] INFO  c.project.service.ProjektServiceImpl.setProjekt(67) - REQUEST -> POST /api/projekty
2025-06-23 17:19:56.472 [http-nio-8081-exec-12] INFO  c.project.service.ProjektServiceImpl.setProjekt(67) - REQUEST -> POST /api/projekty
2025-06-23 17:19:56.475 [http-nio-8081-exec-13] INFO  c.project.service.ProjektServiceImpl.setProjekt(67) - REQUEST -> POST /api/projekty
2025-06-23 17:19:56.478 [http-nio-8081-exec-14] INFO  c.project.service.ProjektServiceImpl.setProjekt(67) - REQUEST -> POST /api/projekty
2025-06-23 17:19:56.482 [http-nio-8081-exec-15] INFO  c.project.service.ProjektServiceImpl.setProjekt(67) - REQUEST -> POST /api/projekty
2025-06-23 17:19:56.485 [http-nio-8081-exec-16] INFO  c.project.service.ProjektServiceImpl.setProjekt(67) - REQUEST -> POST /api/projekty
2025-06-23 17:19:56.489 [http-nio-8081-exec-17] INFO  c.project.service.ProjektServiceImpl.setProjekt(67) - REQUEST -> POST /api/projekty
2025-06-23 17:19:56.493 [http-nio-8081-exec-18] INFO  c.project.service.ProjektServiceImpl.setProjekt(67) - REQUEST -> POST /api/projekty
2025-06-23 17:19:56.497 [http-nio-8081-exec-19] INFO  c.project.service.ProjektServiceImpl.setProjekt(67) - REQUEST -> POST /api/projekty
2025-06-23 17:19:56.499 [http-nio-8081-exec-20] INFO  c.project.service.ProjektServiceImpl.setProjekt(67) - REQUEST -> POST /api/projekty
2025-06-23 17:19:56.502 [http-nio-8081-exec-21] INFO  c.project.service.ProjektServiceImpl.setProjekt(67) - REQUEST -> POST /api/projekty
2025-06-23 17:19:56.507 [http-nio-8081-exec-22] INFO  c.project.service.ProjektServiceImpl.setProjekt(67) - REQUEST -> POST /api/projekty
2025-06-23 17:19:56.511 [http-nio-8081-exec-23] INFO  c.project.service.ProjektServiceImpl.setProjekt(67) - REQUEST -> POST /api/projekty
2025-06-23 17:19:56.517 [http-nio-8081-exec-24] INFO  c.project.service.ProjektServiceImpl.setProjekt(67) - REQUEST -> POST /api/projekty
2025-06-23 17:19:56.521 [http-nio-8081-exec-25] INFO  c.project.service.ProjektServiceImpl.setProjekt(67) - REQUEST -> POST /api/projekty
2025-06-23 17:19:56.524 [http-nio-8081-exec-26] INFO  c.project.service.ProjektServiceImpl.setProjekt(67) - REQUEST -> POST /api/projekty
2025-06-23 17:19:56.528 [http-nio-8081-exec-27] INFO  c.project.service.ProjektServiceImpl.setProjekt(67) - REQUEST -> POST /api/projekty
2025-06-23 17:19:56.531 [http-nio-8081-exec-28] INFO  c.project.service.ProjektServiceImpl.setProjekt(67) - REQUEST -> POST /api/projekty
2025-06-23 17:19:56.534 [http-nio-8081-exec-29] INFO  c.project.service.ProjektServiceImpl.setProjekt(67) - REQUEST -> POST /api/projekty
2025-06-23 17:19:56.538 [http-nio-8081-exec-30] INFO  c.project.service.ProjektServiceImpl.setProjekt(67) - REQUEST -> POST /api/projekty
2025-06-23 17:19:56.543 [http-nio-8081-exec-31] INFO  c.project.service.ProjektServiceImpl.setProjekt(67) - REQUEST -> POST /api/projekty
2025-06-23 17:19:56.547 [http-nio-8081-exec-32] INFO  c.project.service.ProjektServiceImpl.setProjekt(67) - REQUEST -> POST /api/projekty
2025-06-23 17:19:56.551 [http-nio-8081-exec-33] INFO  c.project.service.ProjektServiceImpl.setProjekt(67) - REQUEST -> POST /api/projekty
2025-06-23 17:19:56.556 [http-nio-8081-exec-34] INFO  c.project.service.ProjektServiceImpl.setProjekt(67) - REQUEST -> POST /api/projekty
2025-06-23 17:19:56.560 [http-nio-8081-exec-35] INFO  c.project.service.ProjektServiceImpl.setProjekt(67) - REQUEST -> POST /api/projekty
2025-06-23 17:19:56.564 [http-nio-8081-exec-36] INFO  c.project.service.ProjektServiceImpl.setProjekt(67) - REQUEST -> POST /api/projekty
2025-06-23 17:19:56.569 [http-nio-8081-exec-37] INFO  c.project.service.ProjektServiceImpl.setProjekt(67) - REQUEST -> POST /api/projekty
2025-06-23 17:19:56.574 [http-nio-8081-exec-38] INFO  c.project.service.ProjektServiceImpl.setProjekt(67) - REQUEST -> POST /api/projekty
2025-06-23 17:19:56.578 [http-nio-8081-exec-39] INFO  c.project.service.ProjektServiceImpl.setProjekt(67) - REQUEST -> POST /api/projekty
2025-06-23 17:19:56.583 [http-nio-8081-exec-40] INFO  c.project.service.ProjektServiceImpl.setProjekt(67) - REQUEST -> POST /api/projekty
2025-06-23 17:19:56.595 [http-nio-8081-exec-41] INFO  c.project.service.ProjektServiceImpl.setProjekt(67) - REQUEST -> POST /api/projekty
2025-06-23 17:19:56.599 [http-nio-8081-exec-42] INFO  c.project.service.ProjektServiceImpl.setProjekt(67) - REQUEST -> POST /api/projekty
2025-06-23 17:19:56.603 [http-nio-8081-exec-43] INFO  c.project.service.ProjektServiceImpl.setProjekt(67) - REQUEST -> POST /api/projekty
2025-06-23 17:19:56.609 [http-nio-8081-exec-44] INFO  c.project.service.ProjektServiceImpl.setProjekt(67) - REQUEST -> POST /api/projekty
2025-06-23 17:19:56.613 [http-nio-8081-exec-45] INFO  c.project.service.ProjektServiceImpl.setProjekt(67) - REQUEST -> POST /api/projekty
2025-06-23 17:19:56.618 [http-nio-8081-exec-46] INFO  c.project.service.ProjektServiceImpl.setProjekt(67) - REQUEST -> POST /api/projekty
2025-06-23 17:19:56.621 [http-nio-8081-exec-47] INFO  c.project.service.ProjektServiceImpl.setProjekt(67) - REQUEST -> POST /api/projekty
2025-06-23 17:19:56.624 [http-nio-8081-exec-48] INFO  c.project.service.ProjektServiceImpl.setProjekt(67) - REQUEST -> POST /api/projekty
2025-06-23 17:19:56.627 [http-nio-8081-exec-49] INFO  c.project.service.ProjektServiceImpl.setProjekt(67) - REQUEST -> POST /api/projekty
2025-06-23 17:19:56.631 [http-nio-8081-exec-50] INFO  c.project.service.ProjektServiceImpl.setProjekt(67) - REQUEST -> POST /api/projekty
2025-06-23 17:19:56.636 [http-nio-8081-exec-51] INFO  c.project.service.ProjektServiceImpl.setProjekt(67) - REQUEST -> POST /api/projekty
2025-06-23 17:19:56.640 [http-nio-8081-exec-52] INFO  c.project.service.ProjektServiceImpl.setProjekt(67) - REQUEST -> POST /api/projekty
2025-06-23 17:19:56.645 [http-nio-8081-exec-53] INFO  c.project.service.ProjektServiceImpl.setProjekt(67) - REQUEST -> POST /api/projekty
2025-06-23 17:19:56.651 [http-nio-8081-exec-54] INFO  c.project.service.ProjektServiceImpl.setProjekt(67) - REQUEST -> POST /api/projekty
2025-06-23 17:19:56.654 [http-nio-8081-exec-55] INFO  c.project.service.ProjektServiceImpl.setProjekt(67) - REQUEST -> POST /api/projekty
2025-06-23 17:19:56.658 [http-nio-8081-exec-56] INFO  c.project.service.ProjektServiceImpl.setProjekt(67) - REQUEST -> POST /api/projekty
2025-06-23 17:19:56.663 [http-nio-8081-exec-57] INFO  c.project.service.ProjektServiceImpl.setProjekt(67) - REQUEST -> POST /api/projekty
2025-06-23 17:19:56.666 [http-nio-8081-exec-58] INFO  c.project.service.ProjektServiceImpl.setProjekt(67) - REQUEST -> POST /api/projekty
2025-06-23 17:19:56.670 [http-nio-8081-exec-59] INFO  c.project.service.ProjektServiceImpl.setProjekt(67) - REQUEST -> POST /api/projekty
2025-06-23 17:19:56.673 [http-nio-8081-exec-60] INFO  c.project.service.ProjektServiceImpl.setProjekt(67) - REQUEST -> POST /api/projekty
2025-06-23 17:19:56.677 [http-nio-8081-exec-61] INFO  c.project.service.ProjektServiceImpl.setProjekt(67) - REQUEST -> POST /api/projekty
2025-06-23 17:19:56.679 [http-nio-8081-exec-62] INFO  c.project.service.ProjektServiceImpl.setProjekt(67) - REQUEST -> POST /api/projekty
2025-06-23 17:19:56.682 [http-nio-8081-exec-63] INFO  c.project.service.ProjektServiceImpl.setProjekt(67) - REQUEST -> POST /api/projekty
2025-06-23 17:19:56.685 [http-nio-8081-exec-64] INFO  c.project.service.ProjektServiceImpl.setProjekt(67) - REQUEST -> POST /api/projekty
2025-06-23 17:19:56.689 [http-nio-8081-exec-65] INFO  c.project.service.ProjektServiceImpl.setProjekt(67) - REQUEST -> POST /api/projekty
2025-06-23 17:19:56.692 [http-nio-8081-exec-66] INFO  c.project.service.ProjektServiceImpl.setProjekt(67) - REQUEST -> POST /api/projekty
2025-06-23 17:19:56.696 [http-nio-8081-exec-67] INFO  c.project.service.ProjektServiceImpl.setProjekt(67) - REQUEST -> POST /api/projekty
2025-06-23 17:19:56.699 [http-nio-8081-exec-68] INFO  c.project.service.ProjektServiceImpl.setProjekt(67) - REQUEST -> POST /api/projekty
2025-06-23 17:19:56.703 [http-nio-8081-exec-69] INFO  c.project.service.ProjektServiceImpl.setProjekt(67) - REQUEST -> POST /api/projekty
2025-06-23 17:19:56.706 [http-nio-8081-exec-70] INFO  c.project.service.ProjektServiceImpl.setProjekt(67) - REQUEST -> POST /api/projekty
2025-06-23 17:19:56.709 [http-nio-8081-exec-71] INFO  c.project.service.ProjektServiceImpl.setProjekt(67) - REQUEST -> POST /api/projekty
2025-06-23 17:19:56.711 [http-nio-8081-exec-72] INFO  c.project.service.ProjektServiceImpl.setProjekt(67) - REQUEST -> POST /api/projekty
2025-06-23 17:19:56.715 [http-nio-8081-exec-73] INFO  c.project.service.ProjektServiceImpl.setProjekt(67) - REQUEST -> POST /api/projekty
2025-06-23 17:19:56.718 [http-nio-8081-exec-74] INFO  c.project.service.ProjektServiceImpl.setProjekt(67) - REQUEST -> POST /api/projekty
2025-06-23 17:19:56.721 [http-nio-8081-exec-75] INFO  c.project.service.ProjektServiceImpl.setProjekt(67) - REQUEST -> POST /api/projekty
2025-06-23 17:19:56.725 [http-nio-8081-exec-76] INFO  c.project.service.ProjektServiceImpl.setProjekt(67) - REQUEST -> POST /api/projekty
2025-06-23 17:19:56.728 [http-nio-8081-exec-77] INFO  c.project.service.ProjektServiceImpl.setProjekt(67) - REQUEST -> POST /api/projekty
2025-06-23 17:19:56.731 [http-nio-8081-exec-78] INFO  c.project.service.ProjektServiceImpl.setProjekt(67) - REQUEST -> POST /api/projekty
2025-06-23 17:19:56.734 [http-nio-8081-exec-79] INFO  c.project.service.ProjektServiceImpl.setProjekt(67) - REQUEST -> POST /api/projekty
2025-06-23 17:19:56.737 [http-nio-8081-exec-80] INFO  c.project.service.ProjektServiceImpl.setProjekt(67) - REQUEST -> POST /api/projekty
2025-06-23 17:19:56.741 [http-nio-8081-exec-81] INFO  c.project.service.ProjektServiceImpl.setProjekt(67) - REQUEST -> POST /api/projekty
2025-06-23 17:19:56.744 [http-nio-8081-exec-82] INFO  c.project.service.ProjektServiceImpl.setProjekt(67) - REQUEST -> POST /api/projekty
2025-06-23 17:19:56.747 [http-nio-8081-exec-83] INFO  c.project.service.ProjektServiceImpl.setProjekt(67) - REQUEST -> POST /api/projekty
2025-06-23 17:19:56.751 [http-nio-8081-exec-84] INFO  c.project.service.ProjektServiceImpl.setProjekt(67) - REQUEST -> POST /api/projekty
2025-06-23 17:19:56.755 [http-nio-8081-exec-85] INFO  c.project.service.ProjektServiceImpl.setProjekt(67) - REQUEST -> POST /api/projekty
2025-06-23 17:19:56.759 [http-nio-8081-exec-86] INFO  c.project.service.ProjektServiceImpl.setProjekt(67) - REQUEST -> POST /api/projekty
2025-06-23 17:19:56.763 [http-nio-8081-exec-87] INFO  c.project.service.ProjektServiceImpl.setProjekt(67) - REQUEST -> POST /api/projekty
2025-06-23 17:19:56.768 [http-nio-8081-exec-88] INFO  c.project.service.ProjektServiceImpl.setProjekt(67) - REQUEST -> POST /api/projekty
2025-06-23 17:19:56.772 [http-nio-8081-exec-89] INFO  c.project.service.ProjektServiceImpl.setProjekt(67) - REQUEST -> POST /api/projekty
2025-06-23 17:19:56.775 [http-nio-8081-exec-90] INFO  c.project.service.ProjektServiceImpl.setProjekt(67) - REQUEST -> POST /api/projekty
2025-06-23 17:19:56.779 [http-nio-8081-exec-91] INFO  c.project.service.ProjektServiceImpl.setProjekt(67) - REQUEST -> POST /api/projekty
2025-06-23 17:19:56.783 [http-nio-8081-exec-92] INFO  c.project.service.ProjektServiceImpl.setProjekt(67) - REQUEST -> POST /api/projekty
2025-06-23 17:19:56.788 [http-nio-8081-exec-93] INFO  c.project.service.ProjektServiceImpl.setProjekt(67) - REQUEST -> POST /api/projekty
2025-06-23 17:19:56.791 [http-nio-8081-exec-94] INFO  c.project.service.ProjektServiceImpl.setProjekt(67) - REQUEST -> POST /api/projekty
2025-06-23 17:19:56.795 [http-nio-8081-exec-95] INFO  c.project.service.ProjektServiceImpl.setProjekt(67) - REQUEST -> POST /api/projekty
2025-06-23 17:19:56.798 [http-nio-8081-exec-96] INFO  c.project.service.ProjektServiceImpl.setProjekt(67) - REQUEST -> POST /api/projekty
2025-06-23 17:19:56.802 [http-nio-8081-exec-97] INFO  c.project.service.ProjektServiceImpl.setProjekt(67) - REQUEST -> POST /api/projekty
2025-06-23 17:19:56.807 [http-nio-8081-exec-98] INFO  c.project.service.ProjektServiceImpl.setProjekt(67) - REQUEST -> POST /api/projekty
2025-06-23 17:19:56.810 [http-nio-8081-exec-99] INFO  c.project.service.ProjektServiceImpl.setProjekt(67) - REQUEST -> POST /api/projekty
2025-06-23 17:19:56.814 [http-nio-8081-exec-100] INFO  c.project.service.ProjektServiceImpl.setProjekt(67) - REQUEST -> POST /api/projekty
2025-06-23 17:19:56.818 [http-nio-8081-exec-101] INFO  c.project.service.ProjektServiceImpl.setProjekt(67) - REQUEST -> POST /api/projekty
2025-06-23 17:19:56.822 [http-nio-8081-exec-102] INFO  c.project.service.ProjektServiceImpl.setProjekt(67) - REQUEST -> POST /api/projekty
2025-06-23 17:19:56.825 [http-nio-8081-exec-103] INFO  c.project.service.ProjektServiceImpl.setProjekt(67) - REQUEST -> POST /api/projekty
2025-06-23 17:19:56.830 [http-nio-8081-exec-104] INFO  c.project.service.ProjektServiceImpl.setProjekt(67) - REQUEST -> POST /api/projekty
2025-06-23 17:19:56.834 [http-nio-8081-exec-105] INFO  c.project.service.ProjektServiceImpl.setProjekt(67) - REQUEST -> POST /api/projekty
2025-06-23 17:19:56.838 [http-nio-8081-exec-106] INFO  c.project.service.ProjektServiceImpl.setProjekt(67) - REQUEST -> POST /api/projekty
2025-06-23 17:19:56.842 [http-nio-8081-exec-107] INFO  c.project.service.ProjektServiceImpl.setProjekt(67) - REQUEST -> POST /api/projekty
2025-06-23 17:19:56.845 [http-nio-8081-exec-108] INFO  c.project.service.ProjektServiceImpl.setProjekt(67) - REQUEST -> POST /api/projekty
2025-06-23 17:19:56.849 [http-nio-8081-exec-109] INFO  c.project.service.ProjektServiceImpl.setProjekt(67) - REQUEST -> POST /api/projekty
2025-06-23 17:19:56.854 [http-nio-8081-exec-110] INFO  c.project.service.ProjektServiceImpl.setProjekt(67) - REQUEST -> POST /api/projekty
2025-06-23 17:19:56.857 [http-nio-8081-exec-111] INFO  c.project.service.ProjektServiceImpl.setProjekt(67) - REQUEST -> POST /api/projekty
2025-06-23 17:19:56.860 [http-nio-8081-exec-112] INFO  c.project.service.ProjektServiceImpl.setProjekt(67) - REQUEST -> POST /api/projekty
2025-06-23 17:19:56.862 [http-nio-8081-exec-113] INFO  c.project.service.ProjektServiceImpl.setProjekt(67) - REQUEST -> POST /api/projekty
2025-06-23 17:19:56.866 [http-nio-8081-exec-114] INFO  c.project.service.ProjektServiceImpl.setProjekt(67) - REQUEST -> POST /api/projekty
2025-06-23 17:19:56.870 [http-nio-8081-exec-115] INFO  c.project.service.ProjektServiceImpl.setProjekt(67) - REQUEST -> POST /api/projekty
2025-06-23 17:19:56.873 [http-nio-8081-exec-116] INFO  c.project.service.ProjektServiceImpl.setProjekt(67) - REQUEST -> POST /api/projekty
2025-06-23 17:19:56.877 [http-nio-8081-exec-117] INFO  c.project.service.ProjektServiceImpl.setProjekt(67) - REQUEST -> POST /api/projekty
2025-06-23 17:19:56.880 [http-nio-8081-exec-118] INFO  c.project.service.ProjektServiceImpl.setProjekt(67) - REQUEST -> POST /api/projekty
2025-06-23 17:19:56.883 [http-nio-8081-exec-119] INFO  c.project.service.ProjektServiceImpl.setProjekt(67) - REQUEST -> POST /api/projekty
2025-06-23 17:19:56.886 [http-nio-8081-exec-120] INFO  c.project.service.ProjektServiceImpl.setProjekt(67) - REQUEST -> POST /api/projekty
2025-06-23 17:19:56.888 [http-nio-8081-exec-121] INFO  c.project.service.ProjektServiceImpl.setProjekt(67) - REQUEST -> POST /api/projekty
2025-06-23 17:19:56.890 [http-nio-8081-exec-122] INFO  c.project.service.ProjektServiceImpl.setProjekt(67) - REQUEST -> POST /api/projekty
2025-06-23 17:19:56.894 [http-nio-8081-exec-123] INFO  c.project.service.ProjektServiceImpl.setProjekt(67) - REQUEST -> POST /api/projekty
2025-06-23 17:19:56.897 [http-nio-8081-exec-124] INFO  c.project.service.ProjektServiceImpl.setProjekt(67) - REQUEST -> POST /api/projekty
2025-06-23 17:19:56.899 [http-nio-8081-exec-125] INFO  c.project.service.ProjektServiceImpl.setProjekt(67) - REQUEST -> POST /api/projekty
2025-06-23 17:19:56.901 [http-nio-8081-exec-126] INFO  c.project.service.ProjektServiceImpl.setProjekt(67) - REQUEST -> POST /api/projekty
2025-06-23 17:19:56.905 [http-nio-8081-exec-127] INFO  c.project.service.ProjektServiceImpl.setProjekt(67) - REQUEST -> POST /api/projekty
2025-06-23 17:19:56.910 [http-nio-8081-exec-128] INFO  c.project.service.ProjektServiceImpl.setProjekt(67) - REQUEST -> POST /api/projekty
2025-06-23 17:19:56.917 [http-nio-8081-exec-129] INFO  c.project.service.ProjektServiceImpl.setProjekt(67) - REQUEST -> POST /api/projekty
2025-06-23 17:19:56.922 [http-nio-8081-exec-130] INFO  c.project.service.ProjektServiceImpl.setProjekt(67) - REQUEST -> POST /api/projekty
2025-06-23 17:19:56.924 [http-nio-8081-exec-131] INFO  c.project.service.ProjektServiceImpl.setProjekt(67) - REQUEST -> POST /api/projekty
2025-06-23 17:19:56.927 [http-nio-8081-exec-132] INFO  c.project.service.ProjektServiceImpl.setProjekt(67) - REQUEST -> POST /api/projekty
2025-06-23 17:19:56.929 [http-nio-8081-exec-133] INFO  c.project.service.ProjektServiceImpl.setProjekt(67) - REQUEST -> POST /api/projekty
2025-06-23 17:19:56.931 [http-nio-8081-exec-134] INFO  c.project.service.ProjektServiceImpl.setProjekt(67) - REQUEST -> POST /api/projekty
2025-06-23 17:19:56.934 [http-nio-8081-exec-135] INFO  c.project.service.ProjektServiceImpl.setProjekt(67) - REQUEST -> POST /api/projekty
2025-06-23 17:19:56.936 [http-nio-8081-exec-136] INFO  c.project.service.ProjektServiceImpl.setProjekt(67) - REQUEST -> POST /api/projekty
2025-06-23 17:19:56.940 [http-nio-8081-exec-137] INFO  c.project.service.ProjektServiceImpl.setProjekt(67) - REQUEST -> POST /api/projekty
2025-06-23 17:19:56.943 [http-nio-8081-exec-138] INFO  c.project.service.ProjektServiceImpl.setProjekt(67) - REQUEST -> POST /api/projekty
2025-06-23 17:19:56.946 [http-nio-8081-exec-139] INFO  c.project.service.ProjektServiceImpl.setProjekt(67) - REQUEST -> POST /api/projekty
2025-06-23 17:19:56.949 [http-nio-8081-exec-140] INFO  c.project.service.ProjektServiceImpl.setProjekt(67) - REQUEST -> POST /api/projekty
2025-06-23 17:19:56.951 [http-nio-8081-exec-141] INFO  c.project.service.ProjektServiceImpl.setProjekt(67) - REQUEST -> POST /api/projekty
2025-06-23 17:19:56.954 [http-nio-8081-exec-142] INFO  c.project.service.ProjektServiceImpl.setProjekt(67) - REQUEST -> POST /api/projekty
2025-06-23 17:19:56.957 [http-nio-8081-exec-143] INFO  c.project.service.ProjektServiceImpl.setProjekt(67) - REQUEST -> POST /api/projekty
2025-06-23 17:19:56.960 [http-nio-8081-exec-144] INFO  c.project.service.ProjektServiceImpl.setProjekt(67) - REQUEST -> POST /api/projekty
2025-06-23 17:19:56.964 [http-nio-8081-exec-145] INFO  c.project.service.ProjektServiceImpl.setProjekt(67) - REQUEST -> POST /api/projekty
2025-06-23 17:19:56.967 [http-nio-8081-exec-146] INFO  c.project.service.ProjektServiceImpl.setProjekt(67) - REQUEST -> POST /api/projekty
2025-06-23 17:19:56.971 [http-nio-8081-exec-147] INFO  c.project.service.ProjektServiceImpl.setProjekt(67) - REQUEST -> POST /api/projekty
2025-06-23 17:19:56.973 [http-nio-8081-exec-148] INFO  c.project.service.ProjektServiceImpl.setProjekt(67) - REQUEST -> POST /api/projekty
2025-06-23 17:19:56.978 [http-nio-8081-exec-149] INFO  c.project.service.ProjektServiceImpl.setProjekt(67) - REQUEST -> POST /api/projekty
2025-06-23 17:19:56.982 [http-nio-8081-exec-150] INFO  c.project.service.ProjektServiceImpl.setProjekt(67) - REQUEST -> POST /api/projekty
2025-06-23 17:19:56.985 [http-nio-8081-exec-151] INFO  c.project.service.ProjektServiceImpl.setProjekt(67) - REQUEST -> POST /api/projekty
2025-06-23 17:19:56.989 [http-nio-8081-exec-152] INFO  c.project.service.ProjektServiceImpl.setProjekt(67) - REQUEST -> POST /api/projekty
2025-06-23 17:19:56.992 [http-nio-8081-exec-153] INFO  c.project.service.ProjektServiceImpl.setProjekt(67) - REQUEST -> POST /api/projekty
2025-06-23 17:19:56.995 [http-nio-8081-exec-154] INFO  c.project.service.ProjektServiceImpl.setProjekt(67) - REQUEST -> POST /api/projekty
2025-06-23 17:19:56.998 [http-nio-8081-exec-155] INFO  c.project.service.ProjektServiceImpl.setProjekt(67) - REQUEST -> POST /api/projekty
2025-06-23 17:19:57.001 [http-nio-8081-exec-156] INFO  c.project.service.ProjektServiceImpl.setProjekt(67) - REQUEST -> POST /api/projekty
2025-06-23 17:19:57.005 [http-nio-8081-exec-157] INFO  c.project.service.ProjektServiceImpl.setProjekt(67) - REQUEST -> POST /api/projekty
2025-06-23 17:19:57.008 [http-nio-8081-exec-158] INFO  c.project.service.ProjektServiceImpl.setProjekt(67) - REQUEST -> POST /api/projekty
2025-06-23 17:19:57.011 [http-nio-8081-exec-159] INFO  c.project.service.ProjektServiceImpl.setProjekt(67) - REQUEST -> POST /api/projekty
2025-06-23 17:19:57.015 [http-nio-8081-exec-160] INFO  c.project.service.ProjektServiceImpl.setProjekt(67) - REQUEST -> POST /api/projekty
2025-06-23 17:19:57.018 [http-nio-8081-exec-161] INFO  c.project.service.ProjektServiceImpl.setProjekt(67) - REQUEST -> POST /api/projekty
2025-06-23 17:19:57.021 [http-nio-8081-exec-162] INFO  c.project.service.ProjektServiceImpl.setProjekt(67) - REQUEST -> POST /api/projekty
2025-06-23 17:19:57.025 [http-nio-8081-exec-163] INFO  c.project.service.ProjektServiceImpl.setProjekt(67) - REQUEST -> POST /api/projekty
2025-06-23 17:19:57.028 [http-nio-8081-exec-164] INFO  c.project.service.ProjektServiceImpl.setProjekt(67) - REQUEST -> POST /api/projekty
2025-06-23 17:19:57.032 [http-nio-8081-exec-165] INFO  c.project.service.ProjektServiceImpl.setProjekt(67) - REQUEST -> POST /api/projekty
2025-06-23 17:19:57.035 [http-nio-8081-exec-166] INFO  c.project.service.ProjektServiceImpl.setProjekt(67) - REQUEST -> POST /api/projekty
2025-06-23 17:19:57.038 [http-nio-8081-exec-167] INFO  c.project.service.ProjektServiceImpl.setProjekt(67) - REQUEST -> POST /api/projekty
2025-06-23 17:19:57.042 [http-nio-8081-exec-168] INFO  c.project.service.ProjektServiceImpl.setProjekt(67) - REQUEST -> POST /api/projekty
2025-06-23 17:19:57.045 [http-nio-8081-exec-169] INFO  c.project.service.ProjektServiceImpl.setProjekt(67) - REQUEST -> POST /api/projekty
2025-06-23 17:19:57.049 [http-nio-8081-exec-170] INFO  c.project.service.ProjektServiceImpl.setProjekt(67) - REQUEST -> POST /api/projekty
2025-06-23 17:19:57.054 [http-nio-8081-exec-171] INFO  c.project.service.ProjektServiceImpl.setProjekt(67) - REQUEST -> POST /api/projekty
2025-06-23 17:19:57.057 [http-nio-8081-exec-172] INFO  c.project.service.ProjektServiceImpl.setProjekt(67) - REQUEST -> POST /api/projekty
2025-06-23 17:19:57.060 [http-nio-8081-exec-173] INFO  c.project.service.ProjektServiceImpl.setProjekt(67) - REQUEST -> POST /api/projekty
2025-06-23 17:19:57.065 [http-nio-8081-exec-174] INFO  c.project.service.ProjektServiceImpl.setProjekt(67) - REQUEST -> POST /api/projekty
2025-06-23 17:19:57.067 [http-nio-8081-exec-175] INFO  c.project.service.ProjektServiceImpl.setProjekt(67) - REQUEST -> POST /api/projekty
2025-06-23 17:19:57.070 [http-nio-8081-exec-176] INFO  c.project.service.ProjektServiceImpl.setProjekt(67) - REQUEST -> POST /api/projekty
2025-06-23 17:19:57.072 [http-nio-8081-exec-177] INFO  c.project.service.ProjektServiceImpl.setProjekt(67) - REQUEST -> POST /api/projekty
2025-06-23 17:19:57.075 [http-nio-8081-exec-178] INFO  c.project.service.ProjektServiceImpl.setProjekt(67) - REQUEST -> POST /api/projekty
2025-06-23 17:19:57.078 [http-nio-8081-exec-179] INFO  c.project.service.ProjektServiceImpl.setProjekt(67) - REQUEST -> POST /api/projekty
2025-06-23 17:19:57.081 [http-nio-8081-exec-180] INFO  c.project.service.ProjektServiceImpl.setProjekt(67) - REQUEST -> POST /api/projekty
2025-06-23 17:19:57.084 [http-nio-8081-exec-181] INFO  c.project.service.ProjektServiceImpl.setProjekt(67) - REQUEST -> POST /api/projekty
2025-06-23 17:19:57.087 [http-nio-8081-exec-182] INFO  c.project.service.ProjektServiceImpl.setProjekt(67) - REQUEST -> POST /api/projekty
2025-06-23 17:19:57.090 [http-nio-8081-exec-183] INFO  c.project.service.ProjektServiceImpl.setProjekt(67) - REQUEST -> POST /api/projekty
2025-06-23 17:19:57.093 [http-nio-8081-exec-184] INFO  c.project.service.ProjektServiceImpl.setProjekt(67) - REQUEST -> POST /api/projekty
2025-06-23 17:19:57.096 [http-nio-8081-exec-185] INFO  c.project.service.ProjektServiceImpl.setProjekt(67) - REQUEST -> POST /api/projekty
2025-06-23 17:19:57.100 [http-nio-8081-exec-186] INFO  c.project.service.ProjektServiceImpl.setProjekt(67) - REQUEST -> POST /api/projekty
2025-06-23 17:19:57.102 [http-nio-8081-exec-187] INFO  c.project.service.ProjektServiceImpl.setProjekt(67) - REQUEST -> POST /api/projekty
2025-06-23 17:19:57.105 [http-nio-8081-exec-188] INFO  c.project.service.ProjektServiceImpl.setProjekt(67) - REQUEST -> POST /api/projekty
2025-06-23 17:19:57.108 [http-nio-8081-exec-189] INFO  c.project.service.ProjektServiceImpl.setProjekt(67) - REQUEST -> POST /api/projekty
2025-06-23 17:19:57.110 [http-nio-8081-exec-190] INFO  c.project.service.ProjektServiceImpl.setProjekt(67) - REQUEST -> POST /api/projekty
2025-06-23 17:19:57.113 [http-nio-8081-exec-191] INFO  c.project.service.ProjektServiceImpl.setProjekt(67) - REQUEST -> POST /api/projekty
2025-06-23 17:19:57.117 [http-nio-8081-exec-192] INFO  c.project.service.ProjektServiceImpl.setProjekt(67) - REQUEST -> POST /api/projekty
2025-06-23 17:19:57.122 [http-nio-8081-exec-193] INFO  c.project.service.ProjektServiceImpl.setProjekt(67) - REQUEST -> POST /api/projekty
2025-06-23 17:19:57.125 [http-nio-8081-exec-194] INFO  c.project.service.ProjektServiceImpl.setProjekt(67) - REQUEST -> POST /api/projekty
2025-06-23 17:19:57.128 [http-nio-8081-exec-195] INFO  c.project.service.ProjektServiceImpl.setProjekt(67) - REQUEST -> POST /api/projekty
2025-06-23 17:19:57.131 [http-nio-8081-exec-196] INFO  c.project.service.ProjektServiceImpl.setProjekt(67) - REQUEST -> POST /api/projekty
2025-06-23 17:19:57.133 [http-nio-8081-exec-197] INFO  c.project.service.ProjektServiceImpl.setProjekt(67) - REQUEST -> POST /api/projekty
2025-06-23 17:19:57.135 [http-nio-8081-exec-198] INFO  c.project.service.ProjektServiceImpl.setProjekt(67) - REQUEST -> POST /api/projekty
2025-06-23 17:19:57.137 [http-nio-8081-exec-199] INFO  c.project.service.ProjektServiceImpl.setProjekt(67) - REQUEST -> POST /api/projekty
2025-06-23 17:19:57.139 [http-nio-8081-exec-200] INFO  c.project.service.ProjektServiceImpl.setProjekt(67) - REQUEST -> POST /api/projekty
2025-06-23 17:20:08.706 [restartedMain] INFO  c.project.ProjectRestApiApplication.logStarting(53) - Starting ProjectRestApiApplication using Java 23.0.2 with PID 11624 (C:\Users\miche\Downloads\project-rest-api\build\classes\java\main started by miche in C:\Users\miche\Downloads\project-rest-api)
2025-06-23 17:20:08.707 [restartedMain] INFO  c.project.ProjectRestApiApplication.logStartupProfileInfo(652) - No active profile set, falling back to 1 default profile: "default"
2025-06-23 17:20:13.896 [restartedMain] INFO  c.project.ProjectRestApiApplication.logStarted(59) - Started ProjectRestApiApplication in 5.608 seconds (process running for 6.157)
2025-06-23 17:21:46.396 [restartedMain] INFO  c.project.ProjectRestApiApplication.logStarting(53) - Starting ProjectRestApiApplication using Java 23.0.2 with PID 21676 (C:\Users\miche\Downloads\project-rest-api\build\classes\java\main started by miche in C:\Users\miche\Downloads\project-rest-api)
2025-06-23 17:21:46.398 [restartedMain] INFO  c.project.ProjectRestApiApplication.logStartupProfileInfo(652) - No active profile set, falling back to 1 default profile: "default"
2025-06-23 17:21:51.512 [restartedMain] INFO  c.project.ProjectRestApiApplication.logStarted(59) - Started ProjectRestApiApplication in 5.527 seconds (process running for 6.074)
2025-06-23 17:21:59.528 [http-nio-8081-exec-6] INFO  c.project.service.ProjektServiceImpl.setProjekt(67) - REQUEST -> POST /api/projekty
2025-06-23 17:21:59.621 [http-nio-8081-exec-7] INFO  c.project.service.ProjektServiceImpl.setProjekt(67) - REQUEST -> POST /api/projekty
2025-06-23 17:21:59.626 [http-nio-8081-exec-9] INFO  c.project.service.ProjektServiceImpl.setProjekt(67) - REQUEST -> POST /api/projekty
2025-06-23 17:21:59.629 [http-nio-8081-exec-8] INFO  c.project.service.ProjektServiceImpl.setProjekt(67) - REQUEST -> POST /api/projekty
2025-06-23 17:21:59.633 [http-nio-8081-exec-10] INFO  c.project.service.ProjektServiceImpl.setProjekt(67) - REQUEST -> POST /api/projekty
2025-06-23 17:21:59.638 [http-nio-8081-exec-1] INFO  c.project.service.ProjektServiceImpl.setProjekt(67) - REQUEST -> POST /api/projekty
2025-06-23 17:21:59.642 [http-nio-8081-exec-2] INFO  c.project.service.ProjektServiceImpl.setProjekt(67) - REQUEST -> POST /api/projekty
2025-06-23 17:21:59.645 [http-nio-8081-exec-4] INFO  c.project.service.ProjektServiceImpl.setProjekt(67) - REQUEST -> POST /api/projekty
2025-06-23 17:21:59.648 [http-nio-8081-exec-3] INFO  c.project.service.ProjektServiceImpl.setProjekt(67) - REQUEST -> POST /api/projekty
2025-06-23 17:21:59.651 [http-nio-8081-exec-5] INFO  c.project.service.ProjektServiceImpl.setProjekt(67) - REQUEST -> POST /api/projekty
2025-06-23 17:21:59.662 [http-nio-8081-exec-11] INFO  c.project.service.ProjektServiceImpl.setProjekt(67) - REQUEST -> POST /api/projekty
2025-06-23 17:21:59.666 [http-nio-8081-exec-12] INFO  c.project.service.ProjektServiceImpl.setProjekt(67) - REQUEST -> POST /api/projekty
2025-06-23 17:21:59.669 [http-nio-8081-exec-13] INFO  c.project.service.ProjektServiceImpl.setProjekt(67) - REQUEST -> POST /api/projekty
2025-06-23 17:21:59.672 [http-nio-8081-exec-14] INFO  c.project.service.ProjektServiceImpl.setProjekt(67) - REQUEST -> POST /api/projekty
2025-06-23 17:21:59.676 [http-nio-8081-exec-15] INFO  c.project.service.ProjektServiceImpl.setProjekt(67) - REQUEST -> POST /api/projekty
2025-06-23 17:21:59.680 [http-nio-8081-exec-16] INFO  c.project.service.ProjektServiceImpl.setProjekt(67) - REQUEST -> POST /api/projekty
2025-06-23 17:21:59.683 [http-nio-8081-exec-17] INFO  c.project.service.ProjektServiceImpl.setProjekt(67) - REQUEST -> POST /api/projekty
2025-06-23 17:21:59.686 [http-nio-8081-exec-18] INFO  c.project.service.ProjektServiceImpl.setProjekt(67) - REQUEST -> POST /api/projekty
2025-06-23 17:21:59.689 [http-nio-8081-exec-19] INFO  c.project.service.ProjektServiceImpl.setProjekt(67) - REQUEST -> POST /api/projekty
2025-06-23 17:21:59.693 [http-nio-8081-exec-20] INFO  c.project.service.ProjektServiceImpl.setProjekt(67) - REQUEST -> POST /api/projekty
2025-06-23 17:21:59.696 [http-nio-8081-exec-21] INFO  c.project.service.ProjektServiceImpl.setProjekt(67) - REQUEST -> POST /api/projekty
2025-06-23 17:21:59.699 [http-nio-8081-exec-22] INFO  c.project.service.ProjektServiceImpl.setProjekt(67) - REQUEST -> POST /api/projekty
2025-06-23 17:21:59.703 [http-nio-8081-exec-23] INFO  c.project.service.ProjektServiceImpl.setProjekt(67) - REQUEST -> POST /api/projekty
2025-06-23 17:21:59.708 [http-nio-8081-exec-24] INFO  c.project.service.ProjektServiceImpl.setProjekt(67) - REQUEST -> POST /api/projekty
2025-06-23 17:21:59.711 [http-nio-8081-exec-25] INFO  c.project.service.ProjektServiceImpl.setProjekt(67) - REQUEST -> POST /api/projekty
2025-06-23 17:21:59.714 [http-nio-8081-exec-26] INFO  c.project.service.ProjektServiceImpl.setProjekt(67) - REQUEST -> POST /api/projekty
2025-06-23 17:21:59.717 [http-nio-8081-exec-27] INFO  c.project.service.ProjektServiceImpl.setProjekt(67) - REQUEST -> POST /api/projekty
2025-06-23 17:21:59.720 [http-nio-8081-exec-28] INFO  c.project.service.ProjektServiceImpl.setProjekt(67) - REQUEST -> POST /api/projekty
2025-06-23 17:21:59.724 [http-nio-8081-exec-29] INFO  c.project.service.ProjektServiceImpl.setProjekt(67) - REQUEST -> POST /api/projekty
2025-06-23 17:21:59.727 [http-nio-8081-exec-30] INFO  c.project.service.ProjektServiceImpl.setProjekt(67) - REQUEST -> POST /api/projekty
2025-06-23 17:21:59.731 [http-nio-8081-exec-31] INFO  c.project.service.ProjektServiceImpl.setProjekt(67) - REQUEST -> POST /api/projekty
2025-06-23 17:21:59.735 [http-nio-8081-exec-32] INFO  c.project.service.ProjektServiceImpl.setProjekt(67) - REQUEST -> POST /api/projekty
2025-06-23 17:21:59.739 [http-nio-8081-exec-33] INFO  c.project.service.ProjektServiceImpl.setProjekt(67) - REQUEST -> POST /api/projekty
2025-06-23 17:21:59.743 [http-nio-8081-exec-34] INFO  c.project.service.ProjektServiceImpl.setProjekt(67) - REQUEST -> POST /api/projekty
2025-06-23 17:21:59.747 [http-nio-8081-exec-35] INFO  c.project.service.ProjektServiceImpl.setProjekt(67) - REQUEST -> POST /api/projekty
2025-06-23 17:21:59.751 [http-nio-8081-exec-36] INFO  c.project.service.ProjektServiceImpl.setProjekt(67) - REQUEST -> POST /api/projekty
2025-06-23 17:21:59.756 [http-nio-8081-exec-37] INFO  c.project.service.ProjektServiceImpl.setProjekt(67) - REQUEST -> POST /api/projekty
2025-06-23 17:21:59.760 [http-nio-8081-exec-38] INFO  c.project.service.ProjektServiceImpl.setProjekt(67) - REQUEST -> POST /api/projekty
2025-06-23 17:21:59.764 [http-nio-8081-exec-39] INFO  c.project.service.ProjektServiceImpl.setProjekt(67) - REQUEST -> POST /api/projekty
2025-06-23 17:21:59.769 [http-nio-8081-exec-40] INFO  c.project.service.ProjektServiceImpl.setProjekt(67) - REQUEST -> POST /api/projekty
2025-06-23 17:21:59.772 [http-nio-8081-exec-41] INFO  c.project.service.ProjektServiceImpl.setProjekt(67) - REQUEST -> POST /api/projekty
2025-06-23 17:21:59.778 [http-nio-8081-exec-42] INFO  c.project.service.ProjektServiceImpl.setProjekt(67) - REQUEST -> POST /api/projekty
2025-06-23 17:21:59.782 [http-nio-8081-exec-43] INFO  c.project.service.ProjektServiceImpl.setProjekt(67) - REQUEST -> POST /api/projekty
2025-06-23 17:21:59.787 [http-nio-8081-exec-44] INFO  c.project.service.ProjektServiceImpl.setProjekt(67) - REQUEST -> POST /api/projekty
2025-06-23 17:21:59.791 [http-nio-8081-exec-45] INFO  c.project.service.ProjektServiceImpl.setProjekt(67) - REQUEST -> POST /api/projekty
2025-06-23 17:21:59.796 [http-nio-8081-exec-46] INFO  c.project.service.ProjektServiceImpl.setProjekt(67) - REQUEST -> POST /api/projekty
2025-06-23 17:21:59.801 [http-nio-8081-exec-47] INFO  c.project.service.ProjektServiceImpl.setProjekt(67) - REQUEST -> POST /api/projekty
2025-06-23 17:21:59.804 [http-nio-8081-exec-48] INFO  c.project.service.ProjektServiceImpl.setProjekt(67) - REQUEST -> POST /api/projekty
2025-06-23 17:21:59.808 [http-nio-8081-exec-49] INFO  c.project.service.ProjektServiceImpl.setProjekt(67) - REQUEST -> POST /api/projekty
2025-06-23 17:21:59.813 [http-nio-8081-exec-50] INFO  c.project.service.ProjektServiceImpl.setProjekt(67) - REQUEST -> POST /api/projekty
2025-06-23 17:21:59.816 [http-nio-8081-exec-51] INFO  c.project.service.ProjektServiceImpl.setProjekt(67) - REQUEST -> POST /api/projekty
2025-06-23 17:21:59.821 [http-nio-8081-exec-52] INFO  c.project.service.ProjektServiceImpl.setProjekt(67) - REQUEST -> POST /api/projekty
2025-06-23 17:21:59.825 [http-nio-8081-exec-53] INFO  c.project.service.ProjektServiceImpl.setProjekt(67) - REQUEST -> POST /api/projekty
2025-06-23 17:21:59.829 [http-nio-8081-exec-54] INFO  c.project.service.ProjektServiceImpl.setProjekt(67) - REQUEST -> POST /api/projekty
2025-06-23 17:21:59.833 [http-nio-8081-exec-55] INFO  c.project.service.ProjektServiceImpl.setProjekt(67) - REQUEST -> POST /api/projekty
2025-06-23 17:21:59.837 [http-nio-8081-exec-56] INFO  c.project.service.ProjektServiceImpl.setProjekt(67) - REQUEST -> POST /api/projekty
2025-06-23 17:21:59.841 [http-nio-8081-exec-57] INFO  c.project.service.ProjektServiceImpl.setProjekt(67) - REQUEST -> POST /api/projekty
2025-06-23 17:21:59.845 [http-nio-8081-exec-58] INFO  c.project.service.ProjektServiceImpl.setProjekt(67) - REQUEST -> POST /api/projekty
2025-06-23 17:21:59.849 [http-nio-8081-exec-59] INFO  c.project.service.ProjektServiceImpl.setProjekt(67) - REQUEST -> POST /api/projekty
2025-06-23 17:21:59.852 [http-nio-8081-exec-60] INFO  c.project.service.ProjektServiceImpl.setProjekt(67) - REQUEST -> POST /api/projekty
2025-06-23 17:21:59.856 [http-nio-8081-exec-61] INFO  c.project.service.ProjektServiceImpl.setProjekt(67) - REQUEST -> POST /api/projekty
2025-06-23 17:21:59.860 [http-nio-8081-exec-62] INFO  c.project.service.ProjektServiceImpl.setProjekt(67) - REQUEST -> POST /api/projekty
2025-06-23 17:21:59.865 [http-nio-8081-exec-63] INFO  c.project.service.ProjektServiceImpl.setProjekt(67) - REQUEST -> POST /api/projekty
2025-06-23 17:21:59.868 [http-nio-8081-exec-64] INFO  c.project.service.ProjektServiceImpl.setProjekt(67) - REQUEST -> POST /api/projekty
2025-06-23 17:21:59.872 [http-nio-8081-exec-65] INFO  c.project.service.ProjektServiceImpl.setProjekt(67) - REQUEST -> POST /api/projekty
2025-06-23 17:21:59.876 [http-nio-8081-exec-66] INFO  c.project.service.ProjektServiceImpl.setProjekt(67) - REQUEST -> POST /api/projekty
2025-06-23 17:21:59.880 [http-nio-8081-exec-67] INFO  c.project.service.ProjektServiceImpl.setProjekt(67) - REQUEST -> POST /api/projekty
2025-06-23 17:21:59.883 [http-nio-8081-exec-68] INFO  c.project.service.ProjektServiceImpl.setProjekt(67) - REQUEST -> POST /api/projekty
2025-06-23 17:21:59.885 [http-nio-8081-exec-69] INFO  c.project.service.ProjektServiceImpl.setProjekt(67) - REQUEST -> POST /api/projekty
2025-06-23 17:21:59.887 [http-nio-8081-exec-70] INFO  c.project.service.ProjektServiceImpl.setProjekt(67) - REQUEST -> POST /api/projekty
2025-06-23 17:21:59.890 [http-nio-8081-exec-71] INFO  c.project.service.ProjektServiceImpl.setProjekt(67) - REQUEST -> POST /api/projekty
2025-06-23 17:21:59.892 [http-nio-8081-exec-72] INFO  c.project.service.ProjektServiceImpl.setProjekt(67) - REQUEST -> POST /api/projekty
2025-06-23 17:21:59.894 [http-nio-8081-exec-73] INFO  c.project.service.ProjektServiceImpl.setProjekt(67) - REQUEST -> POST /api/projekty
2025-06-23 17:21:59.897 [http-nio-8081-exec-74] INFO  c.project.service.ProjektServiceImpl.setProjekt(67) - REQUEST -> POST /api/projekty
2025-06-23 17:21:59.900 [http-nio-8081-exec-75] INFO  c.project.service.ProjektServiceImpl.setProjekt(67) - REQUEST -> POST /api/projekty
2025-06-23 17:21:59.902 [http-nio-8081-exec-76] INFO  c.project.service.ProjektServiceImpl.setProjekt(67) - REQUEST -> POST /api/projekty
2025-06-23 17:21:59.905 [http-nio-8081-exec-77] INFO  c.project.service.ProjektServiceImpl.setProjekt(67) - REQUEST -> POST /api/projekty
2025-06-23 17:21:59.908 [http-nio-8081-exec-78] INFO  c.project.service.ProjektServiceImpl.setProjekt(67) - REQUEST -> POST /api/projekty
2025-06-23 17:21:59.911 [http-nio-8081-exec-79] INFO  c.project.service.ProjektServiceImpl.setProjekt(67) - REQUEST -> POST /api/projekty
2025-06-23 17:21:59.913 [http-nio-8081-exec-80] INFO  c.project.service.ProjektServiceImpl.setProjekt(67) - REQUEST -> POST /api/projekty
2025-06-23 17:21:59.917 [http-nio-8081-exec-81] INFO  c.project.service.ProjektServiceImpl.setProjekt(67) - REQUEST -> POST /api/projekty
2025-06-23 17:21:59.919 [http-nio-8081-exec-82] INFO  c.project.service.ProjektServiceImpl.setProjekt(67) - REQUEST -> POST /api/projekty
2025-06-23 17:21:59.921 [http-nio-8081-exec-83] INFO  c.project.service.ProjektServiceImpl.setProjekt(67) - REQUEST -> POST /api/projekty
2025-06-23 17:21:59.924 [http-nio-8081-exec-84] INFO  c.project.service.ProjektServiceImpl.setProjekt(67) - REQUEST -> POST /api/projekty
2025-06-23 17:21:59.926 [http-nio-8081-exec-85] INFO  c.project.service.ProjektServiceImpl.setProjekt(67) - REQUEST -> POST /api/projekty
2025-06-23 17:21:59.929 [http-nio-8081-exec-86] INFO  c.project.service.ProjektServiceImpl.setProjekt(67) - REQUEST -> POST /api/projekty
2025-06-23 17:21:59.932 [http-nio-8081-exec-87] INFO  c.project.service.ProjektServiceImpl.setProjekt(67) - REQUEST -> POST /api/projekty
2025-06-23 17:21:59.936 [http-nio-8081-exec-88] INFO  c.project.service.ProjektServiceImpl.setProjekt(67) - REQUEST -> POST /api/projekty
2025-06-23 17:21:59.941 [http-nio-8081-exec-89] INFO  c.project.service.ProjektServiceImpl.setProjekt(67) - REQUEST -> POST /api/projekty
2025-06-23 17:21:59.945 [http-nio-8081-exec-90] INFO  c.project.service.ProjektServiceImpl.setProjekt(67) - REQUEST -> POST /api/projekty
2025-06-23 17:21:59.949 [http-nio-8081-exec-91] INFO  c.project.service.ProjektServiceImpl.setProjekt(67) - REQUEST -> POST /api/projekty
2025-06-23 17:21:59.952 [http-nio-8081-exec-92] INFO  c.project.service.ProjektServiceImpl.setProjekt(67) - REQUEST -> POST /api/projekty
2025-06-23 17:21:59.956 [http-nio-8081-exec-93] INFO  c.project.service.ProjektServiceImpl.setProjekt(67) - REQUEST -> POST /api/projekty
2025-06-23 17:21:59.960 [http-nio-8081-exec-94] INFO  c.project.service.ProjektServiceImpl.setProjekt(67) - REQUEST -> POST /api/projekty
2025-06-23 17:21:59.964 [http-nio-8081-exec-95] INFO  c.project.service.ProjektServiceImpl.setProjekt(67) - REQUEST -> POST /api/projekty
2025-06-23 17:21:59.968 [http-nio-8081-exec-96] INFO  c.project.service.ProjektServiceImpl.setProjekt(67) - REQUEST -> POST /api/projekty
2025-06-23 17:21:59.973 [http-nio-8081-exec-97] INFO  c.project.service.ProjektServiceImpl.setProjekt(67) - REQUEST -> POST /api/projekty
2025-06-23 17:21:59.978 [http-nio-8081-exec-98] INFO  c.project.service.ProjektServiceImpl.setProjekt(67) - REQUEST -> POST /api/projekty
2025-06-23 17:21:59.982 [http-nio-8081-exec-99] INFO  c.project.service.ProjektServiceImpl.setProjekt(67) - REQUEST -> POST /api/projekty
2025-06-23 17:21:59.986 [http-nio-8081-exec-100] INFO  c.project.service.ProjektServiceImpl.setProjekt(67) - REQUEST -> POST /api/projekty
2025-06-23 17:21:59.990 [http-nio-8081-exec-101] INFO  c.project.service.ProjektServiceImpl.setProjekt(67) - REQUEST -> POST /api/projekty
2025-06-23 17:21:59.994 [http-nio-8081-exec-102] INFO  c.project.service.ProjektServiceImpl.setProjekt(67) - REQUEST -> POST /api/projekty
2025-06-23 17:21:59.997 [http-nio-8081-exec-103] INFO  c.project.service.ProjektServiceImpl.setProjekt(67) - REQUEST -> POST /api/projekty
2025-06-23 17:22:00.001 [http-nio-8081-exec-104] INFO  c.project.service.ProjektServiceImpl.setProjekt(67) - REQUEST -> POST /api/projekty
2025-06-23 17:22:00.006 [http-nio-8081-exec-105] INFO  c.project.service.ProjektServiceImpl.setProjekt(67) - REQUEST -> POST /api/projekty
2025-06-23 17:22:00.010 [http-nio-8081-exec-106] INFO  c.project.service.ProjektServiceImpl.setProjekt(67) - REQUEST -> POST /api/projekty
2025-06-23 17:22:00.013 [http-nio-8081-exec-107] INFO  c.project.service.ProjektServiceImpl.setProjekt(67) - REQUEST -> POST /api/projekty
2025-06-23 17:22:00.017 [http-nio-8081-exec-108] INFO  c.project.service.ProjektServiceImpl.setProjekt(67) - REQUEST -> POST /api/projekty
2025-06-23 17:22:00.022 [http-nio-8081-exec-109] INFO  c.project.service.ProjektServiceImpl.setProjekt(67) - REQUEST -> POST /api/projekty
2025-06-23 17:22:00.026 [http-nio-8081-exec-110] INFO  c.project.service.ProjektServiceImpl.setProjekt(67) - REQUEST -> POST /api/projekty
2025-06-23 17:22:00.031 [http-nio-8081-exec-111] INFO  c.project.service.ProjektServiceImpl.setProjekt(67) - REQUEST -> POST /api/projekty
2025-06-23 17:22:00.034 [http-nio-8081-exec-112] INFO  c.project.service.ProjektServiceImpl.setProjekt(67) - REQUEST -> POST /api/projekty
2025-06-23 17:22:00.038 [http-nio-8081-exec-113] INFO  c.project.service.ProjektServiceImpl.setProjekt(67) - REQUEST -> POST /api/projekty
2025-06-23 17:22:00.042 [http-nio-8081-exec-114] INFO  c.project.service.ProjektServiceImpl.setProjekt(67) - REQUEST -> POST /api/projekty
2025-06-23 17:22:00.045 [http-nio-8081-exec-115] INFO  c.project.service.ProjektServiceImpl.setProjekt(67) - REQUEST -> POST /api/projekty
2025-06-23 17:22:00.048 [http-nio-8081-exec-116] INFO  c.project.service.ProjektServiceImpl.setProjekt(67) - REQUEST -> POST /api/projekty
2025-06-23 17:22:00.051 [http-nio-8081-exec-117] INFO  c.project.service.ProjektServiceImpl.setProjekt(67) - REQUEST -> POST /api/projekty
2025-06-23 17:22:00.053 [http-nio-8081-exec-118] INFO  c.project.service.ProjektServiceImpl.setProjekt(67) - REQUEST -> POST /api/projekty
2025-06-23 17:22:00.057 [http-nio-8081-exec-119] INFO  c.project.service.ProjektServiceImpl.setProjekt(67) - REQUEST -> POST /api/projekty
2025-06-23 17:22:00.059 [http-nio-8081-exec-120] INFO  c.project.service.ProjektServiceImpl.setProjekt(67) - REQUEST -> POST /api/projekty
2025-06-23 17:22:00.062 [http-nio-8081-exec-121] INFO  c.project.service.ProjektServiceImpl.setProjekt(67) - REQUEST -> POST /api/projekty
2025-06-23 17:22:00.064 [http-nio-8081-exec-122] INFO  c.project.service.ProjektServiceImpl.setProjekt(67) - REQUEST -> POST /api/projekty
2025-06-23 17:22:00.067 [http-nio-8081-exec-123] INFO  c.project.service.ProjektServiceImpl.setProjekt(67) - REQUEST -> POST /api/projekty
2025-06-23 17:22:00.070 [http-nio-8081-exec-124] INFO  c.project.service.ProjektServiceImpl.setProjekt(67) - REQUEST -> POST /api/projekty
2025-06-23 17:22:00.074 [http-nio-8081-exec-125] INFO  c.project.service.ProjektServiceImpl.setProjekt(67) - REQUEST -> POST /api/projekty
2025-06-23 17:22:00.077 [http-nio-8081-exec-126] INFO  c.project.service.ProjektServiceImpl.setProjekt(67) - REQUEST -> POST /api/projekty
2025-06-23 17:22:00.081 [http-nio-8081-exec-127] INFO  c.project.service.ProjektServiceImpl.setProjekt(67) - REQUEST -> POST /api/projekty
2025-06-23 17:22:00.085 [http-nio-8081-exec-128] INFO  c.project.service.ProjektServiceImpl.setProjekt(67) - REQUEST -> POST /api/projekty
2025-06-23 17:22:00.093 [http-nio-8081-exec-129] INFO  c.project.service.ProjektServiceImpl.setProjekt(67) - REQUEST -> POST /api/projekty
2025-06-23 17:22:00.096 [http-nio-8081-exec-130] INFO  c.project.service.ProjektServiceImpl.setProjekt(67) - REQUEST -> POST /api/projekty
2025-06-23 17:22:00.098 [http-nio-8081-exec-131] INFO  c.project.service.ProjektServiceImpl.setProjekt(67) - REQUEST -> POST /api/projekty
2025-06-23 17:22:00.100 [http-nio-8081-exec-132] INFO  c.project.service.ProjektServiceImpl.setProjekt(67) - REQUEST -> POST /api/projekty
2025-06-23 17:22:00.102 [http-nio-8081-exec-133] INFO  c.project.service.ProjektServiceImpl.setProjekt(67) - REQUEST -> POST /api/projekty
2025-06-23 17:22:00.104 [http-nio-8081-exec-134] INFO  c.project.service.ProjektServiceImpl.setProjekt(67) - REQUEST -> POST /api/projekty
2025-06-23 17:22:00.107 [http-nio-8081-exec-135] INFO  c.project.service.ProjektServiceImpl.setProjekt(67) - REQUEST -> POST /api/projekty
2025-06-23 17:22:00.109 [http-nio-8081-exec-136] INFO  c.project.service.ProjektServiceImpl.setProjekt(67) - REQUEST -> POST /api/projekty
2025-06-23 17:22:00.111 [http-nio-8081-exec-137] INFO  c.project.service.ProjektServiceImpl.setProjekt(67) - REQUEST -> POST /api/projekty
2025-06-23 17:22:00.114 [http-nio-8081-exec-138] INFO  c.project.service.ProjektServiceImpl.setProjekt(67) - REQUEST -> POST /api/projekty
2025-06-23 17:22:00.116 [http-nio-8081-exec-139] INFO  c.project.service.ProjektServiceImpl.setProjekt(67) - REQUEST -> POST /api/projekty
2025-06-23 17:22:00.118 [http-nio-8081-exec-140] INFO  c.project.service.ProjektServiceImpl.setProjekt(67) - REQUEST -> POST /api/projekty
2025-06-23 17:22:00.119 [http-nio-8081-exec-141] INFO  c.project.service.ProjektServiceImpl.setProjekt(67) - REQUEST -> POST /api/projekty
2025-06-23 17:22:00.122 [http-nio-8081-exec-142] INFO  c.project.service.ProjektServiceImpl.setProjekt(67) - REQUEST -> POST /api/projekty
2025-06-23 17:22:00.123 [http-nio-8081-exec-143] INFO  c.project.service.ProjektServiceImpl.setProjekt(67) - REQUEST -> POST /api/projekty
2025-06-23 17:22:00.126 [http-nio-8081-exec-144] INFO  c.project.service.ProjektServiceImpl.setProjekt(67) - REQUEST -> POST /api/projekty
2025-06-23 17:22:00.128 [http-nio-8081-exec-145] INFO  c.project.service.ProjektServiceImpl.setProjekt(67) - REQUEST -> POST /api/projekty
2025-06-23 17:22:00.129 [http-nio-8081-exec-146] INFO  c.project.service.ProjektServiceImpl.setProjekt(67) - REQUEST -> POST /api/projekty
2025-06-23 17:22:00.132 [http-nio-8081-exec-147] INFO  c.project.service.ProjektServiceImpl.setProjekt(67) - REQUEST -> POST /api/projekty
2025-06-23 17:22:00.134 [http-nio-8081-exec-148] INFO  c.project.service.ProjektServiceImpl.setProjekt(67) - REQUEST -> POST /api/projekty
2025-06-23 17:22:00.137 [http-nio-8081-exec-149] INFO  c.project.service.ProjektServiceImpl.setProjekt(67) - REQUEST -> POST /api/projekty
2025-06-23 17:22:00.139 [http-nio-8081-exec-150] INFO  c.project.service.ProjektServiceImpl.setProjekt(67) - REQUEST -> POST /api/projekty
2025-06-23 17:22:00.143 [http-nio-8081-exec-151] INFO  c.project.service.ProjektServiceImpl.setProjekt(67) - REQUEST -> POST /api/projekty
2025-06-23 17:22:00.146 [http-nio-8081-exec-152] INFO  c.project.service.ProjektServiceImpl.setProjekt(67) - REQUEST -> POST /api/projekty
2025-06-23 17:22:00.149 [http-nio-8081-exec-153] INFO  c.project.service.ProjektServiceImpl.setProjekt(67) - REQUEST -> POST /api/projekty
2025-06-23 17:22:00.154 [http-nio-8081-exec-154] INFO  c.project.service.ProjektServiceImpl.setProjekt(67) - REQUEST -> POST /api/projekty
2025-06-23 17:22:00.156 [http-nio-8081-exec-155] INFO  c.project.service.ProjektServiceImpl.setProjekt(67) - REQUEST -> POST /api/projekty
2025-06-23 17:22:00.159 [http-nio-8081-exec-156] INFO  c.project.service.ProjektServiceImpl.setProjekt(67) - REQUEST -> POST /api/projekty
2025-06-23 17:22:00.164 [http-nio-8081-exec-157] INFO  c.project.service.ProjektServiceImpl.setProjekt(67) - REQUEST -> POST /api/projekty
2025-06-23 17:22:00.168 [http-nio-8081-exec-158] INFO  c.project.service.ProjektServiceImpl.setProjekt(67) - REQUEST -> POST /api/projekty
2025-06-23 17:22:00.171 [http-nio-8081-exec-159] INFO  c.project.service.ProjektServiceImpl.setProjekt(67) - REQUEST -> POST /api/projekty
2025-06-23 17:22:00.174 [http-nio-8081-exec-160] INFO  c.project.service.ProjektServiceImpl.setProjekt(67) - REQUEST -> POST /api/projekty
2025-06-23 17:22:00.178 [http-nio-8081-exec-161] INFO  c.project.service.ProjektServiceImpl.setProjekt(67) - REQUEST -> POST /api/projekty
2025-06-23 17:22:00.181 [http-nio-8081-exec-162] INFO  c.project.service.ProjektServiceImpl.setProjekt(67) - REQUEST -> POST /api/projekty
2025-06-23 17:22:00.185 [http-nio-8081-exec-163] INFO  c.project.service.ProjektServiceImpl.setProjekt(67) - REQUEST -> POST /api/projekty
2025-06-23 17:22:00.189 [http-nio-8081-exec-164] INFO  c.project.service.ProjektServiceImpl.setProjekt(67) - REQUEST -> POST /api/projekty
2025-06-23 17:22:00.193 [http-nio-8081-exec-165] INFO  c.project.service.ProjektServiceImpl.setProjekt(67) - REQUEST -> POST /api/projekty
2025-06-23 17:22:00.196 [http-nio-8081-exec-166] INFO  c.project.service.ProjektServiceImpl.setProjekt(67) - REQUEST -> POST /api/projekty
2025-06-23 17:22:00.201 [http-nio-8081-exec-167] INFO  c.project.service.ProjektServiceImpl.setProjekt(67) - REQUEST -> POST /api/projekty
2025-06-23 17:22:00.204 [http-nio-8081-exec-168] INFO  c.project.service.ProjektServiceImpl.setProjekt(67) - REQUEST -> POST /api/projekty
2025-06-23 17:22:00.209 [http-nio-8081-exec-169] INFO  c.project.service.ProjektServiceImpl.setProjekt(67) - REQUEST -> POST /api/projekty
2025-06-23 17:22:00.212 [http-nio-8081-exec-170] INFO  c.project.service.ProjektServiceImpl.setProjekt(67) - REQUEST -> POST /api/projekty
2025-06-23 17:22:00.216 [http-nio-8081-exec-171] INFO  c.project.service.ProjektServiceImpl.setProjekt(67) - REQUEST -> POST /api/projekty
2025-06-23 17:22:00.219 [http-nio-8081-exec-172] INFO  c.project.service.ProjektServiceImpl.setProjekt(67) - REQUEST -> POST /api/projekty
2025-06-23 17:22:00.223 [http-nio-8081-exec-173] INFO  c.project.service.ProjektServiceImpl.setProjekt(67) - REQUEST -> POST /api/projekty
2025-06-23 17:22:00.226 [http-nio-8081-exec-174] INFO  c.project.service.ProjektServiceImpl.setProjekt(67) - REQUEST -> POST /api/projekty
2025-06-23 17:22:00.230 [http-nio-8081-exec-175] INFO  c.project.service.ProjektServiceImpl.setProjekt(67) - REQUEST -> POST /api/projekty
2025-06-23 17:22:00.235 [http-nio-8081-exec-176] INFO  c.project.service.ProjektServiceImpl.setProjekt(67) - REQUEST -> POST /api/projekty
2025-06-23 17:22:00.238 [http-nio-8081-exec-177] INFO  c.project.service.ProjektServiceImpl.setProjekt(67) - REQUEST -> POST /api/projekty
2025-06-23 17:22:00.242 [http-nio-8081-exec-178] INFO  c.project.service.ProjektServiceImpl.setProjekt(67) - REQUEST -> POST /api/projekty
2025-06-23 17:22:00.246 [http-nio-8081-exec-179] INFO  c.project.service.ProjektServiceImpl.setProjekt(67) - REQUEST -> POST /api/projekty
2025-06-23 17:22:00.250 [http-nio-8081-exec-180] INFO  c.project.service.ProjektServiceImpl.setProjekt(67) - REQUEST -> POST /api/projekty
2025-06-23 17:22:00.252 [http-nio-8081-exec-181] INFO  c.project.service.ProjektServiceImpl.setProjekt(67) - REQUEST -> POST /api/projekty
2025-06-23 17:22:00.255 [http-nio-8081-exec-182] INFO  c.project.service.ProjektServiceImpl.setProjekt(67) - REQUEST -> POST /api/projekty
2025-06-23 17:22:00.257 [http-nio-8081-exec-183] INFO  c.project.service.ProjektServiceImpl.setProjekt(67) - REQUEST -> POST /api/projekty
2025-06-23 17:22:00.258 [http-nio-8081-exec-184] INFO  c.project.service.ProjektServiceImpl.setProjekt(67) - REQUEST -> POST /api/projekty
2025-06-23 17:22:00.261 [http-nio-8081-exec-185] INFO  c.project.service.ProjektServiceImpl.setProjekt(67) - REQUEST -> POST /api/projekty
2025-06-23 17:22:00.263 [http-nio-8081-exec-186] INFO  c.project.service.ProjektServiceImpl.setProjekt(67) - REQUEST -> POST /api/projekty
2025-06-23 17:22:00.266 [http-nio-8081-exec-187] INFO  c.project.service.ProjektServiceImpl.setProjekt(67) - REQUEST -> POST /api/projekty
2025-06-23 17:22:00.268 [http-nio-8081-exec-188] INFO  c.project.service.ProjektServiceImpl.setProjekt(67) - REQUEST -> POST /api/projekty
2025-06-23 17:22:00.271 [http-nio-8081-exec-189] INFO  c.project.service.ProjektServiceImpl.setProjekt(67) - REQUEST -> POST /api/projekty
2025-06-23 17:22:00.273 [http-nio-8081-exec-190] INFO  c.project.service.ProjektServiceImpl.setProjekt(67) - REQUEST -> POST /api/projekty
2025-06-23 17:22:00.275 [http-nio-8081-exec-191] INFO  c.project.service.ProjektServiceImpl.setProjekt(67) - REQUEST -> POST /api/projekty
2025-06-23 17:22:00.278 [http-nio-8081-exec-192] INFO  c.project.service.ProjektServiceImpl.setProjekt(67) - REQUEST -> POST /api/projekty
2025-06-23 17:22:00.291 [http-nio-8081-exec-193] INFO  c.project.service.ProjektServiceImpl.setProjekt(67) - REQUEST -> POST /api/projekty
2025-06-23 17:22:00.297 [http-nio-8081-exec-194] INFO  c.project.service.ProjektServiceImpl.setProjekt(67) - REQUEST -> POST /api/projekty
2025-06-23 17:22:00.300 [http-nio-8081-exec-195] INFO  c.project.service.ProjektServiceImpl.setProjekt(67) - REQUEST -> POST /api/projekty
2025-06-23 17:22:00.302 [http-nio-8081-exec-196] INFO  c.project.service.ProjektServiceImpl.setProjekt(67) - REQUEST -> POST /api/projekty
2025-06-23 17:22:00.306 [http-nio-8081-exec-197] INFO  c.project.service.ProjektServiceImpl.setProjekt(67) - REQUEST -> POST /api/projekty
2025-06-23 17:22:00.312 [http-nio-8081-exec-198] INFO  c.project.service.ProjektServiceImpl.setProjekt(67) - REQUEST -> POST /api/projekty
2025-06-23 17:22:00.315 [http-nio-8081-exec-199] INFO  c.project.service.ProjektServiceImpl.setProjekt(67) - REQUEST -> POST /api/projekty
2025-06-23 17:22:00.318 [http-nio-8081-exec-200] INFO  c.project.service.ProjektServiceImpl.setProjekt(67) - REQUEST -> POST /api/projekty
2025-06-23 17:25:18.501 [restartedMain] INFO  c.project.ProjectRestApiApplication.logStarting(53) - Starting ProjectRestApiApplication using Java 23.0.2 with PID 9120 (C:\Users\miche\Downloads\project-rest-api\build\classes\java\main started by miche in C:\Users\miche\Downloads\project-rest-api)
2025-06-23 17:25:18.502 [restartedMain] INFO  c.project.ProjectRestApiApplication.logStartupProfileInfo(652) - No active profile set, falling back to 1 default profile: "default"
2025-06-23 17:25:23.927 [restartedMain] INFO  c.project.ProjectRestApiApplication.logStarted(59) - Started ProjectRestApiApplication in 5.915 seconds (process running for 6.466)
2025-06-23 17:25:30.067 [http-nio-8081-exec-5] INFO  c.project.service.ProjektServiceImpl.setProjekt(63) - Creating new project
2025-06-23 17:25:42.433 [http-nio-8081-exec-9] INFO  c.project.service.ProjektServiceImpl.setProjekt(63) - Creating new project
2025-06-23 17:26:52.761 [restartedMain] INFO  c.project.ProjectRestApiApplication.logStarting(53) - Starting ProjectRestApiApplication using Java 23.0.2 with PID 13964 (C:\Users\miche\Downloads\project-rest-api\build\classes\java\main started by miche in C:\Users\miche\Downloads\project-rest-api)
2025-06-23 17:26:52.762 [restartedMain] INFO  c.project.ProjectRestApiApplication.logStartupProfileInfo(652) - No active profile set, falling back to 1 default profile: "default"
2025-06-23 17:26:58.062 [restartedMain] INFO  c.project.ProjectRestApiApplication.logStarted(59) - Started ProjectRestApiApplication in 5.732 seconds (process running for 6.281)
2025-06-23 17:27:05.005 [http-nio-8081-exec-4] INFO  c.project.service.ProjektServiceImpl.setProjekt(63) - Creating new project
2025-06-23 17:27:13.971 [http-nio-8081-exec-9] INFO  c.project.service.ProjektServiceImpl.setProjekt(63) - Creating new project
2025-06-23 17:38:44.670 [restartedMain] INFO  c.project.ProjectRestApiApplication.logStarting(53) - Starting ProjectRestApiApplication using Java 23.0.2 with PID 8744 (C:\Users\miche\Downloads\project-rest-api\build\classes\java\main started by miche in C:\Users\miche\Downloads\project-rest-api)
2025-06-23 17:38:44.670 [restartedMain] INFO  c.project.ProjectRestApiApplication.logStartupProfileInfo(652) - No active profile set, falling back to 1 default profile: "default"
2025-06-23 17:38:50.724 [restartedMain] INFO  c.project.ProjectRestApiApplication.logStarted(59) - Started ProjectRestApiApplication in 6.472 seconds (process running for 7.113)
2025-06-23 17:39:00.820 [http-nio-8081-exec-8] INFO  c.project.service.ProjektServiceImpl.setProjekt(64) - Creating new project
2025-06-23 17:42:00.358 [restartedMain] INFO  c.project.ProjectRestApiApplication.logStarting(53) - Starting ProjectRestApiApplication using Java 23.0.2 with PID 23412 (C:\Users\miche\Downloads\project-rest-api\build\classes\java\main started by miche in C:\Users\miche\Downloads\project-rest-api)
2025-06-23 17:42:00.359 [restartedMain] INFO  c.project.ProjectRestApiApplication.logStartupProfileInfo(652) - No active profile set, falling back to 1 default profile: "default"
2025-06-23 17:42:05.778 [restartedMain] INFO  c.project.ProjectRestApiApplication.logStarted(59) - Started ProjectRestApiApplication in 5.843 seconds (process running for 6.385)
2025-06-23 17:42:06.087 [http-nio-8081-exec-1] INFO  c.project.service.ProjektServiceImpl.getProjekty(84) - REQUEST -> GET /api/projekty?page=0&size=20&sort=
2025-06-23 17:42:06.131 [http-nio-8081-exec-2] INFO  c.project.service.ProjektServiceImpl.getProjekty(84) - REQUEST -> GET /api/projekty?page=0&size=20&sort=
2025-06-23 17:42:06.134 [http-nio-8081-exec-3] INFO  c.project.service.ProjektServiceImpl.getProjekty(84) - REQUEST -> GET /api/projekty?page=0&size=20&sort=
2025-06-23 17:42:06.137 [http-nio-8081-exec-4] INFO  c.project.service.ProjektServiceImpl.getProjekty(84) - REQUEST -> GET /api/projekty?page=0&size=20&sort=
2025-06-23 17:42:06.141 [http-nio-8081-exec-5] INFO  c.project.service.ProjektServiceImpl.getProjekty(84) - REQUEST -> GET /api/projekty?page=0&size=20&sort=
2025-06-23 17:42:06.143 [http-nio-8081-exec-6] INFO  c.project.service.ProjektServiceImpl.getProjekty(84) - REQUEST -> GET /api/projekty?page=0&size=20&sort=
2025-06-23 17:42:06.145 [http-nio-8081-exec-7] INFO  c.project.service.ProjektServiceImpl.getProjekty(84) - REQUEST -> GET /api/projekty?page=0&size=20&sort=
2025-06-23 17:42:06.148 [http-nio-8081-exec-8] INFO  c.project.service.ProjektServiceImpl.getProjekty(84) - REQUEST -> GET /api/projekty?page=0&size=20&sort=
2025-06-23 17:42:06.150 [http-nio-8081-exec-9] INFO  c.project.service.ProjektServiceImpl.getProjekty(84) - REQUEST -> GET /api/projekty?page=0&size=20&sort=
2025-06-23 17:42:06.153 [http-nio-8081-exec-10] INFO  c.project.service.ProjektServiceImpl.getProjekty(84) - REQUEST -> GET /api/projekty?page=0&size=20&sort=
2025-06-23 17:42:06.156 [http-nio-8081-exec-11] INFO  c.project.service.ProjektServiceImpl.getProjekty(84) - REQUEST -> GET /api/projekty?page=0&size=20&sort=
2025-06-23 17:42:06.159 [http-nio-8081-exec-12] INFO  c.project.service.ProjektServiceImpl.getProjekty(84) - REQUEST -> GET /api/projekty?page=0&size=20&sort=
2025-06-23 17:42:06.163 [http-nio-8081-exec-13] INFO  c.project.service.ProjektServiceImpl.getProjekty(84) - REQUEST -> GET /api/projekty?page=0&size=20&sort=
2025-06-23 17:42:06.166 [http-nio-8081-exec-14] INFO  c.project.service.ProjektServiceImpl.getProjekty(84) - REQUEST -> GET /api/projekty?page=0&size=20&sort=
2025-06-23 17:42:06.169 [http-nio-8081-exec-15] INFO  c.project.service.ProjektServiceImpl.getProjekty(84) - REQUEST -> GET /api/projekty?page=0&size=20&sort=
2025-06-23 17:42:06.173 [http-nio-8081-exec-16] INFO  c.project.service.ProjektServiceImpl.getProjekty(84) - REQUEST -> GET /api/projekty?page=0&size=20&sort=
2025-06-23 17:42:06.176 [http-nio-8081-exec-17] INFO  c.project.service.ProjektServiceImpl.getProjekty(84) - REQUEST -> GET /api/projekty?page=0&size=20&sort=
2025-06-23 17:42:06.178 [http-nio-8081-exec-18] INFO  c.project.service.ProjektServiceImpl.getProjekty(84) - REQUEST -> GET /api/projekty?page=0&size=20&sort=
2025-06-23 17:42:06.180 [http-nio-8081-exec-19] INFO  c.project.service.ProjektServiceImpl.getProjekty(84) - REQUEST -> GET /api/projekty?page=0&size=20&sort=
2025-06-23 17:42:06.182 [http-nio-8081-exec-20] INFO  c.project.service.ProjektServiceImpl.getProjekty(84) - REQUEST -> GET /api/projekty?page=0&size=20&sort=
2025-06-23 17:42:06.184 [http-nio-8081-exec-21] INFO  c.project.service.ProjektServiceImpl.getProjekty(84) - REQUEST -> GET /api/projekty?page=0&size=20&sort=
2025-06-23 17:42:06.187 [http-nio-8081-exec-22] INFO  c.project.service.ProjektServiceImpl.getProjekty(84) - REQUEST -> GET /api/projekty?page=0&size=20&sort=
2025-06-23 17:42:06.190 [http-nio-8081-exec-23] INFO  c.project.service.ProjektServiceImpl.getProjekty(84) - REQUEST -> GET /api/projekty?page=0&size=20&sort=
2025-06-23 17:42:06.192 [http-nio-8081-exec-24] INFO  c.project.service.ProjektServiceImpl.getProjekty(84) - REQUEST -> GET /api/projekty?page=0&size=20&sort=
2025-06-23 17:42:06.195 [http-nio-8081-exec-25] INFO  c.project.service.ProjektServiceImpl.getProjekty(84) - REQUEST -> GET /api/projekty?page=0&size=20&sort=
2025-06-23 17:42:06.197 [http-nio-8081-exec-26] INFO  c.project.service.ProjektServiceImpl.getProjekty(84) - REQUEST -> GET /api/projekty?page=0&size=20&sort=
2025-06-23 17:42:06.199 [http-nio-8081-exec-27] INFO  c.project.service.ProjektServiceImpl.getProjekty(84) - REQUEST -> GET /api/projekty?page=0&size=20&sort=
2025-06-23 17:42:06.202 [http-nio-8081-exec-28] INFO  c.project.service.ProjektServiceImpl.getProjekty(84) - REQUEST -> GET /api/projekty?page=0&size=20&sort=
2025-06-23 17:42:06.205 [http-nio-8081-exec-29] INFO  c.project.service.ProjektServiceImpl.getProjekty(84) - REQUEST -> GET /api/projekty?page=0&size=20&sort=
2025-06-23 17:42:06.208 [http-nio-8081-exec-30] INFO  c.project.service.ProjektServiceImpl.getProjekty(84) - REQUEST -> GET /api/projekty?page=0&size=20&sort=
2025-06-23 17:42:06.211 [http-nio-8081-exec-31] INFO  c.project.service.ProjektServiceImpl.getProjekty(84) - REQUEST -> GET /api/projekty?page=0&size=20&sort=
2025-06-23 17:42:06.215 [http-nio-8081-exec-32] INFO  c.project.service.ProjektServiceImpl.getProjekty(84) - REQUEST -> GET /api/projekty?page=0&size=20&sort=
2025-06-23 17:42:06.218 [http-nio-8081-exec-33] INFO  c.project.service.ProjektServiceImpl.getProjekty(84) - REQUEST -> GET /api/projekty?page=0&size=20&sort=
2025-06-23 17:42:06.221 [http-nio-8081-exec-34] INFO  c.project.service.ProjektServiceImpl.getProjekty(84) - REQUEST -> GET /api/projekty?page=0&size=20&sort=
2025-06-23 17:42:06.225 [http-nio-8081-exec-35] INFO  c.project.service.ProjektServiceImpl.getProjekty(84) - REQUEST -> GET /api/projekty?page=0&size=20&sort=
2025-06-23 17:42:06.227 [http-nio-8081-exec-36] INFO  c.project.service.ProjektServiceImpl.getProjekty(84) - REQUEST -> GET /api/projekty?page=0&size=20&sort=
2025-06-23 17:42:06.231 [http-nio-8081-exec-37] INFO  c.project.service.ProjektServiceImpl.getProjekty(84) - REQUEST -> GET /api/projekty?page=0&size=20&sort=
2025-06-23 17:42:06.233 [http-nio-8081-exec-38] INFO  c.project.service.ProjektServiceImpl.getProjekty(84) - REQUEST -> GET /api/projekty?page=0&size=20&sort=
2025-06-23 17:42:06.237 [http-nio-8081-exec-39] INFO  c.project.service.ProjektServiceImpl.getProjekty(84) - REQUEST -> GET /api/projekty?page=0&size=20&sort=
2025-06-23 17:42:06.239 [http-nio-8081-exec-40] INFO  c.project.service.ProjektServiceImpl.getProjekty(84) - REQUEST -> GET /api/projekty?page=0&size=20&sort=
2025-06-23 17:42:06.241 [http-nio-8081-exec-41] INFO  c.project.service.ProjektServiceImpl.getProjekty(84) - REQUEST -> GET /api/projekty?page=0&size=20&sort=
2025-06-23 17:42:06.244 [http-nio-8081-exec-42] INFO  c.project.service.ProjektServiceImpl.getProjekty(84) - REQUEST -> GET /api/projekty?page=0&size=20&sort=
2025-06-23 17:42:06.247 [http-nio-8081-exec-43] INFO  c.project.service.ProjektServiceImpl.getProjekty(84) - REQUEST -> GET /api/projekty?page=0&size=20&sort=
2025-06-23 17:42:06.250 [http-nio-8081-exec-44] INFO  c.project.service.ProjektServiceImpl.getProjekty(84) - REQUEST -> GET /api/projekty?page=0&size=20&sort=
2025-06-23 17:42:06.252 [http-nio-8081-exec-45] INFO  c.project.service.ProjektServiceImpl.getProjekty(84) - REQUEST -> GET /api/projekty?page=0&size=20&sort=
2025-06-23 17:42:06.254 [http-nio-8081-exec-46] INFO  c.project.service.ProjektServiceImpl.getProjekty(84) - REQUEST -> GET /api/projekty?page=0&size=20&sort=
2025-06-23 17:42:06.256 [http-nio-8081-exec-47] INFO  c.project.service.ProjektServiceImpl.getProjekty(84) - REQUEST -> GET /api/projekty?page=0&size=20&sort=
2025-06-23 17:42:06.258 [http-nio-8081-exec-48] INFO  c.project.service.ProjektServiceImpl.getProjekty(84) - REQUEST -> GET /api/projekty?page=0&size=20&sort=
2025-06-23 17:42:06.260 [http-nio-8081-exec-49] INFO  c.project.service.ProjektServiceImpl.getProjekty(84) - REQUEST -> GET /api/projekty?page=0&size=20&sort=
2025-06-23 17:42:06.262 [http-nio-8081-exec-50] INFO  c.project.service.ProjektServiceImpl.getProjekty(84) - REQUEST -> GET /api/projekty?page=0&size=20&sort=
2025-06-23 17:42:06.264 [http-nio-8081-exec-51] INFO  c.project.service.ProjektServiceImpl.getProjekty(84) - REQUEST -> GET /api/projekty?page=0&size=20&sort=
2025-06-23 17:42:06.267 [http-nio-8081-exec-52] INFO  c.project.service.ProjektServiceImpl.getProjekty(84) - REQUEST -> GET /api/projekty?page=0&size=20&sort=
2025-06-23 17:42:06.269 [http-nio-8081-exec-53] INFO  c.project.service.ProjektServiceImpl.getProjekty(84) - REQUEST -> GET /api/projekty?page=0&size=20&sort=
2025-06-23 17:42:06.271 [http-nio-8081-exec-54] INFO  c.project.service.ProjektServiceImpl.getProjekty(84) - REQUEST -> GET /api/projekty?page=0&size=20&sort=
2025-06-23 17:42:06.273 [http-nio-8081-exec-55] INFO  c.project.service.ProjektServiceImpl.getProjekty(84) - REQUEST -> GET /api/projekty?page=0&size=20&sort=
2025-06-23 17:42:06.277 [http-nio-8081-exec-56] INFO  c.project.service.ProjektServiceImpl.getProjekty(84) - REQUEST -> GET /api/projekty?page=0&size=20&sort=
2025-06-23 17:42:06.280 [http-nio-8081-exec-57] INFO  c.project.service.ProjektServiceImpl.getProjekty(84) - REQUEST -> GET /api/projekty?page=0&size=20&sort=
2025-06-23 17:42:06.283 [http-nio-8081-exec-58] INFO  c.project.service.ProjektServiceImpl.getProjekty(84) - REQUEST -> GET /api/projekty?page=0&size=20&sort=
2025-06-23 17:42:06.286 [http-nio-8081-exec-59] INFO  c.project.service.ProjektServiceImpl.getProjekty(84) - REQUEST -> GET /api/projekty?page=0&size=20&sort=
2025-06-23 17:42:06.288 [http-nio-8081-exec-60] INFO  c.project.service.ProjektServiceImpl.getProjekty(84) - REQUEST -> GET /api/projekty?page=0&size=20&sort=
2025-06-23 17:42:06.291 [http-nio-8081-exec-61] INFO  c.project.service.ProjektServiceImpl.getProjekty(84) - REQUEST -> GET /api/projekty?page=0&size=20&sort=
2025-06-23 17:42:06.293 [http-nio-8081-exec-62] INFO  c.project.service.ProjektServiceImpl.getProjekty(84) - REQUEST -> GET /api/projekty?page=0&size=20&sort=
2025-06-23 17:42:06.297 [http-nio-8081-exec-63] INFO  c.project.service.ProjektServiceImpl.getProjekty(84) - REQUEST -> GET /api/projekty?page=0&size=20&sort=
2025-06-23 17:42:06.300 [http-nio-8081-exec-64] INFO  c.project.service.ProjektServiceImpl.getProjekty(84) - REQUEST -> GET /api/projekty?page=0&size=20&sort=
2025-06-23 17:42:06.303 [http-nio-8081-exec-65] INFO  c.project.service.ProjektServiceImpl.getProjekty(84) - REQUEST -> GET /api/projekty?page=0&size=20&sort=
2025-06-23 17:42:06.305 [http-nio-8081-exec-66] INFO  c.project.service.ProjektServiceImpl.getProjekty(84) - REQUEST -> GET /api/projekty?page=0&size=20&sort=
2025-06-23 17:42:06.308 [http-nio-8081-exec-67] INFO  c.project.service.ProjektServiceImpl.getProjekty(84) - REQUEST -> GET /api/projekty?page=0&size=20&sort=
2025-06-23 17:42:06.310 [http-nio-8081-exec-68] INFO  c.project.service.ProjektServiceImpl.getProjekty(84) - REQUEST -> GET /api/projekty?page=0&size=20&sort=
2025-06-23 17:42:06.314 [http-nio-8081-exec-69] INFO  c.project.service.ProjektServiceImpl.getProjekty(84) - REQUEST -> GET /api/projekty?page=0&size=20&sort=
2025-06-23 17:42:06.316 [http-nio-8081-exec-70] INFO  c.project.service.ProjektServiceImpl.getProjekty(84) - REQUEST -> GET /api/projekty?page=0&size=20&sort=
2025-06-23 17:42:06.318 [http-nio-8081-exec-71] INFO  c.project.service.ProjektServiceImpl.getProjekty(84) - REQUEST -> GET /api/projekty?page=0&size=20&sort=
2025-06-23 17:42:06.321 [http-nio-8081-exec-72] INFO  c.project.service.ProjektServiceImpl.getProjekty(84) - REQUEST -> GET /api/projekty?page=0&size=20&sort=
2025-06-23 17:42:06.324 [http-nio-8081-exec-73] INFO  c.project.service.ProjektServiceImpl.getProjekty(84) - REQUEST -> GET /api/projekty?page=0&size=20&sort=
2025-06-23 17:42:06.327 [http-nio-8081-exec-74] INFO  c.project.service.ProjektServiceImpl.getProjekty(84) - REQUEST -> GET /api/projekty?page=0&size=20&sort=
2025-06-23 17:42:06.329 [http-nio-8081-exec-75] INFO  c.project.service.ProjektServiceImpl.getProjekty(84) - REQUEST -> GET /api/projekty?page=0&size=20&sort=
2025-06-23 17:42:06.331 [http-nio-8081-exec-76] INFO  c.project.service.ProjektServiceImpl.getProjekty(84) - REQUEST -> GET /api/projekty?page=0&size=20&sort=
2025-06-23 17:42:06.333 [http-nio-8081-exec-77] INFO  c.project.service.ProjektServiceImpl.getProjekty(84) - REQUEST -> GET /api/projekty?page=0&size=20&sort=
2025-06-23 17:42:06.336 [http-nio-8081-exec-78] INFO  c.project.service.ProjektServiceImpl.getProjekty(84) - REQUEST -> GET /api/projekty?page=0&size=20&sort=
2025-06-23 17:42:06.339 [http-nio-8081-exec-79] INFO  c.project.service.ProjektServiceImpl.getProjekty(84) - REQUEST -> GET /api/projekty?page=0&size=20&sort=
2025-06-23 17:42:06.341 [http-nio-8081-exec-80] INFO  c.project.service.ProjektServiceImpl.getProjekty(84) - REQUEST -> GET /api/projekty?page=0&size=20&sort=
2025-06-23 17:42:06.344 [http-nio-8081-exec-81] INFO  c.project.service.ProjektServiceImpl.getProjekty(84) - REQUEST -> GET /api/projekty?page=0&size=20&sort=
2025-06-23 17:42:06.347 [http-nio-8081-exec-82] INFO  c.project.service.ProjektServiceImpl.getProjekty(84) - REQUEST -> GET /api/projekty?page=0&size=20&sort=
2025-06-23 17:42:06.349 [http-nio-8081-exec-83] INFO  c.project.service.ProjektServiceImpl.getProjekty(84) - REQUEST -> GET /api/projekty?page=0&size=20&sort=
2025-06-23 17:42:06.352 [http-nio-8081-exec-84] INFO  c.project.service.ProjektServiceImpl.getProjekty(84) - REQUEST -> GET /api/projekty?page=0&size=20&sort=
2025-06-23 17:42:06.355 [http-nio-8081-exec-85] INFO  c.project.service.ProjektServiceImpl.getProjekty(84) - REQUEST -> GET /api/projekty?page=0&size=20&sort=
2025-06-23 17:42:06.358 [http-nio-8081-exec-86] INFO  c.project.service.ProjektServiceImpl.getProjekty(84) - REQUEST -> GET /api/projekty?page=0&size=20&sort=
2025-06-23 17:42:06.361 [http-nio-8081-exec-87] INFO  c.project.service.ProjektServiceImpl.getProjekty(84) - REQUEST -> GET /api/projekty?page=0&size=20&sort=
2025-06-23 17:42:06.364 [http-nio-8081-exec-88] INFO  c.project.service.ProjektServiceImpl.getProjekty(84) - REQUEST -> GET /api/projekty?page=0&size=20&sort=
2025-06-23 17:42:06.367 [http-nio-8081-exec-89] INFO  c.project.service.ProjektServiceImpl.getProjekty(84) - REQUEST -> GET /api/projekty?page=0&size=20&sort=
2025-06-23 17:42:06.369 [http-nio-8081-exec-90] INFO  c.project.service.ProjektServiceImpl.getProjekty(84) - REQUEST -> GET /api/projekty?page=0&size=20&sort=
2025-06-23 17:42:06.371 [http-nio-8081-exec-91] INFO  c.project.service.ProjektServiceImpl.getProjekty(84) - REQUEST -> GET /api/projekty?page=0&size=20&sort=
2025-06-23 17:42:06.373 [http-nio-8081-exec-92] INFO  c.project.service.ProjektServiceImpl.getProjekty(84) - REQUEST -> GET /api/projekty?page=0&size=20&sort=
2025-06-23 17:42:06.375 [http-nio-8081-exec-93] INFO  c.project.service.ProjektServiceImpl.getProjekty(84) - REQUEST -> GET /api/projekty?page=0&size=20&sort=
2025-06-23 17:42:06.378 [http-nio-8081-exec-94] INFO  c.project.service.ProjektServiceImpl.getProjekty(84) - REQUEST -> GET /api/projekty?page=0&size=20&sort=
2025-06-23 17:42:06.381 [http-nio-8081-exec-95] INFO  c.project.service.ProjektServiceImpl.getProjekty(84) - REQUEST -> GET /api/projekty?page=0&size=20&sort=
2025-06-23 17:42:06.384 [http-nio-8081-exec-96] INFO  c.project.service.ProjektServiceImpl.getProjekty(84) - REQUEST -> GET /api/projekty?page=0&size=20&sort=
2025-06-23 17:42:06.387 [http-nio-8081-exec-97] INFO  c.project.service.ProjektServiceImpl.getProjekty(84) - REQUEST -> GET /api/projekty?page=0&size=20&sort=
2025-06-23 17:42:06.389 [http-nio-8081-exec-98] INFO  c.project.service.ProjektServiceImpl.getProjekty(84) - REQUEST -> GET /api/projekty?page=0&size=20&sort=
2025-06-23 17:42:06.392 [http-nio-8081-exec-99] INFO  c.project.service.ProjektServiceImpl.getProjekty(84) - REQUEST -> GET /api/projekty?page=0&size=20&sort=
2025-06-23 17:42:06.394 [http-nio-8081-exec-100] INFO  c.project.service.ProjektServiceImpl.getProjekty(84) - REQUEST -> GET /api/projekty?page=0&size=20&sort=
2025-06-23 17:42:06.396 [http-nio-8081-exec-101] INFO  c.project.service.ProjektServiceImpl.getProjekty(84) - REQUEST -> GET /api/projekty?page=0&size=20&sort=
2025-06-23 17:42:06.398 [http-nio-8081-exec-102] INFO  c.project.service.ProjektServiceImpl.getProjekty(84) - REQUEST -> GET /api/projekty?page=0&size=20&sort=
2025-06-23 17:42:06.401 [http-nio-8081-exec-103] INFO  c.project.service.ProjektServiceImpl.getProjekty(84) - REQUEST -> GET /api/projekty?page=0&size=20&sort=
2025-06-23 17:42:06.404 [http-nio-8081-exec-104] INFO  c.project.service.ProjektServiceImpl.getProjekty(84) - REQUEST -> GET /api/projekty?page=0&size=20&sort=
2025-06-23 17:42:06.406 [http-nio-8081-exec-105] INFO  c.project.service.ProjektServiceImpl.getProjekty(84) - REQUEST -> GET /api/projekty?page=0&size=20&sort=
2025-06-23 17:42:06.408 [http-nio-8081-exec-106] INFO  c.project.service.ProjektServiceImpl.getProjekty(84) - REQUEST -> GET /api/projekty?page=0&size=20&sort=
2025-06-23 17:42:06.411 [http-nio-8081-exec-107] INFO  c.project.service.ProjektServiceImpl.getProjekty(84) - REQUEST -> GET /api/projekty?page=0&size=20&sort=
2025-06-23 17:42:06.413 [http-nio-8081-exec-108] INFO  c.project.service.ProjektServiceImpl.getProjekty(84) - REQUEST -> GET /api/projekty?page=0&size=20&sort=
2025-06-23 17:42:06.415 [http-nio-8081-exec-109] INFO  c.project.service.ProjektServiceImpl.getProjekty(84) - REQUEST -> GET /api/projekty?page=0&size=20&sort=
2025-06-23 17:42:06.416 [http-nio-8081-exec-110] INFO  c.project.service.ProjektServiceImpl.getProjekty(84) - REQUEST -> GET /api/projekty?page=0&size=20&sort=
2025-06-23 17:42:06.420 [http-nio-8081-exec-111] INFO  c.project.service.ProjektServiceImpl.getProjekty(84) - REQUEST -> GET /api/projekty?page=0&size=20&sort=
2025-06-23 17:42:06.422 [http-nio-8081-exec-112] INFO  c.project.service.ProjektServiceImpl.getProjekty(84) - REQUEST -> GET /api/projekty?page=0&size=20&sort=
2025-06-23 17:42:06.423 [http-nio-8081-exec-113] INFO  c.project.service.ProjektServiceImpl.getProjekty(84) - REQUEST -> GET /api/projekty?page=0&size=20&sort=
2025-06-23 17:42:06.426 [http-nio-8081-exec-114] INFO  c.project.service.ProjektServiceImpl.getProjekty(84) - REQUEST -> GET /api/projekty?page=0&size=20&sort=
2025-06-23 17:42:06.427 [http-nio-8081-exec-115] INFO  c.project.service.ProjektServiceImpl.getProjekty(84) - REQUEST -> GET /api/projekty?page=0&size=20&sort=
2025-06-23 17:42:06.430 [http-nio-8081-exec-116] INFO  c.project.service.ProjektServiceImpl.getProjekty(84) - REQUEST -> GET /api/projekty?page=0&size=20&sort=
2025-06-23 17:42:06.431 [http-nio-8081-exec-117] INFO  c.project.service.ProjektServiceImpl.getProjekty(84) - REQUEST -> GET /api/projekty?page=0&size=20&sort=
2025-06-23 17:42:06.433 [http-nio-8081-exec-118] INFO  c.project.service.ProjektServiceImpl.getProjekty(84) - REQUEST -> GET /api/projekty?page=0&size=20&sort=
2025-06-23 17:42:06.435 [http-nio-8081-exec-119] INFO  c.project.service.ProjektServiceImpl.getProjekty(84) - REQUEST -> GET /api/projekty?page=0&size=20&sort=
2025-06-23 17:42:06.437 [http-nio-8081-exec-120] INFO  c.project.service.ProjektServiceImpl.getProjekty(84) - REQUEST -> GET /api/projekty?page=0&size=20&sort=
2025-06-23 17:42:06.438 [http-nio-8081-exec-121] INFO  c.project.service.ProjektServiceImpl.getProjekty(84) - REQUEST -> GET /api/projekty?page=0&size=20&sort=
2025-06-23 17:42:06.440 [http-nio-8081-exec-122] INFO  c.project.service.ProjektServiceImpl.getProjekty(84) - REQUEST -> GET /api/projekty?page=0&size=20&sort=
2025-06-23 17:42:06.443 [http-nio-8081-exec-123] INFO  c.project.service.ProjektServiceImpl.getProjekty(84) - REQUEST -> GET /api/projekty?page=0&size=20&sort=
2025-06-23 17:42:06.445 [http-nio-8081-exec-124] INFO  c.project.service.ProjektServiceImpl.getProjekty(84) - REQUEST -> GET /api/projekty?page=0&size=20&sort=
2025-06-23 17:42:06.447 [http-nio-8081-exec-125] INFO  c.project.service.ProjektServiceImpl.getProjekty(84) - REQUEST -> GET /api/projekty?page=0&size=20&sort=
2025-06-23 17:42:06.449 [http-nio-8081-exec-126] INFO  c.project.service.ProjektServiceImpl.getProjekty(84) - REQUEST -> GET /api/projekty?page=0&size=20&sort=
2025-06-23 17:42:06.452 [http-nio-8081-exec-127] INFO  c.project.service.ProjektServiceImpl.getProjekty(84) - REQUEST -> GET /api/projekty?page=0&size=20&sort=
2025-06-23 17:42:06.464 [http-nio-8081-exec-128] INFO  c.project.service.ProjektServiceImpl.getProjekty(84) - REQUEST -> GET /api/projekty?page=0&size=20&sort=
2025-06-23 17:42:06.471 [http-nio-8081-exec-129] INFO  c.project.service.ProjektServiceImpl.getProjekty(84) - REQUEST -> GET /api/projekty?page=0&size=20&sort=
2025-06-23 17:42:06.474 [http-nio-8081-exec-130] INFO  c.project.service.ProjektServiceImpl.getProjekty(84) - REQUEST -> GET /api/projekty?page=0&size=20&sort=
2025-06-23 17:42:06.477 [http-nio-8081-exec-131] INFO  c.project.service.ProjektServiceImpl.getProjekty(84) - REQUEST -> GET /api/projekty?page=0&size=20&sort=
2025-06-23 17:42:06.483 [http-nio-8081-exec-132] INFO  c.project.service.ProjektServiceImpl.getProjekty(84) - REQUEST -> GET /api/projekty?page=0&size=20&sort=
2025-06-23 17:42:06.486 [http-nio-8081-exec-133] INFO  c.project.service.ProjektServiceImpl.getProjekty(84) - REQUEST -> GET /api/projekty?page=0&size=20&sort=
2025-06-23 17:42:06.490 [http-nio-8081-exec-134] INFO  c.project.service.ProjektServiceImpl.getProjekty(84) - REQUEST -> GET /api/projekty?page=0&size=20&sort=
2025-06-23 17:42:06.492 [http-nio-8081-exec-135] INFO  c.project.service.ProjektServiceImpl.getProjekty(84) - REQUEST -> GET /api/projekty?page=0&size=20&sort=
2025-06-23 17:42:06.494 [http-nio-8081-exec-136] INFO  c.project.service.ProjektServiceImpl.getProjekty(84) - REQUEST -> GET /api/projekty?page=0&size=20&sort=
2025-06-23 17:42:06.497 [http-nio-8081-exec-137] INFO  c.project.service.ProjektServiceImpl.getProjekty(84) - REQUEST -> GET /api/projekty?page=0&size=20&sort=
2025-06-23 17:42:06.499 [http-nio-8081-exec-138] INFO  c.project.service.ProjektServiceImpl.getProjekty(84) - REQUEST -> GET /api/projekty?page=0&size=20&sort=
2025-06-23 17:42:06.501 [http-nio-8081-exec-139] INFO  c.project.service.ProjektServiceImpl.getProjekty(84) - REQUEST -> GET /api/projekty?page=0&size=20&sort=
2025-06-23 17:42:06.502 [http-nio-8081-exec-140] INFO  c.project.service.ProjektServiceImpl.getProjekty(84) - REQUEST -> GET /api/projekty?page=0&size=20&sort=
2025-06-23 17:42:06.504 [http-nio-8081-exec-141] INFO  c.project.service.ProjektServiceImpl.getProjekty(84) - REQUEST -> GET /api/projekty?page=0&size=20&sort=
2025-06-23 17:42:06.506 [http-nio-8081-exec-142] INFO  c.project.service.ProjektServiceImpl.getProjekty(84) - REQUEST -> GET /api/projekty?page=0&size=20&sort=
2025-06-23 17:42:06.509 [http-nio-8081-exec-143] INFO  c.project.service.ProjektServiceImpl.getProjekty(84) - REQUEST -> GET /api/projekty?page=0&size=20&sort=
2025-06-23 17:42:06.511 [http-nio-8081-exec-144] INFO  c.project.service.ProjektServiceImpl.getProjekty(84) - REQUEST -> GET /api/projekty?page=0&size=20&sort=
2025-06-23 17:42:06.512 [http-nio-8081-exec-145] INFO  c.project.service.ProjektServiceImpl.getProjekty(84) - REQUEST -> GET /api/projekty?page=0&size=20&sort=
2025-06-23 17:42:06.515 [http-nio-8081-exec-146] INFO  c.project.service.ProjektServiceImpl.getProjekty(84) - REQUEST -> GET /api/projekty?page=0&size=20&sort=
2025-06-23 17:42:06.517 [http-nio-8081-exec-147] INFO  c.project.service.ProjektServiceImpl.getProjekty(84) - REQUEST -> GET /api/projekty?page=0&size=20&sort=
2025-06-23 17:42:06.519 [http-nio-8081-exec-148] INFO  c.project.service.ProjektServiceImpl.getProjekty(84) - REQUEST -> GET /api/projekty?page=0&size=20&sort=
2025-06-23 17:42:06.521 [http-nio-8081-exec-149] INFO  c.project.service.ProjektServiceImpl.getProjekty(84) - REQUEST -> GET /api/projekty?page=0&size=20&sort=
2025-06-23 17:42:06.524 [http-nio-8081-exec-150] INFO  c.project.service.ProjektServiceImpl.getProjekty(84) - REQUEST -> GET /api/projekty?page=0&size=20&sort=
2025-06-23 17:42:06.526 [http-nio-8081-exec-151] INFO  c.project.service.ProjektServiceImpl.getProjekty(84) - REQUEST -> GET /api/projekty?page=0&size=20&sort=
2025-06-23 17:42:06.529 [http-nio-8081-exec-152] INFO  c.project.service.ProjektServiceImpl.getProjekty(84) - REQUEST -> GET /api/projekty?page=0&size=20&sort=
2025-06-23 17:42:06.531 [http-nio-8081-exec-153] INFO  c.project.service.ProjektServiceImpl.getProjekty(84) - REQUEST -> GET /api/projekty?page=0&size=20&sort=
2025-06-23 17:42:06.532 [http-nio-8081-exec-154] INFO  c.project.service.ProjektServiceImpl.getProjekty(84) - REQUEST -> GET /api/projekty?page=0&size=20&sort=
2025-06-23 17:42:06.534 [http-nio-8081-exec-155] INFO  c.project.service.ProjektServiceImpl.getProjekty(84) - REQUEST -> GET /api/projekty?page=0&size=20&sort=
2025-06-23 17:42:06.536 [http-nio-8081-exec-156] INFO  c.project.service.ProjektServiceImpl.getProjekty(84) - REQUEST -> GET /api/projekty?page=0&size=20&sort=
2025-06-23 17:42:06.539 [http-nio-8081-exec-157] INFO  c.project.service.ProjektServiceImpl.getProjekty(84) - REQUEST -> GET /api/projekty?page=0&size=20&sort=
2025-06-23 17:42:06.542 [http-nio-8081-exec-158] INFO  c.project.service.ProjektServiceImpl.getProjekty(84) - REQUEST -> GET /api/projekty?page=0&size=20&sort=
2025-06-23 17:42:06.544 [http-nio-8081-exec-159] INFO  c.project.service.ProjektServiceImpl.getProjekty(84) - REQUEST -> GET /api/projekty?page=0&size=20&sort=
2025-06-23 17:42:06.545 [http-nio-8081-exec-160] INFO  c.project.service.ProjektServiceImpl.getProjekty(84) - REQUEST -> GET /api/projekty?page=0&size=20&sort=
2025-06-23 17:42:06.548 [http-nio-8081-exec-161] INFO  c.project.service.ProjektServiceImpl.getProjekty(84) - REQUEST -> GET /api/projekty?page=0&size=20&sort=
2025-06-23 17:42:06.550 [http-nio-8081-exec-162] INFO  c.project.service.ProjektServiceImpl.getProjekty(84) - REQUEST -> GET /api/projekty?page=0&size=20&sort=
2025-06-23 17:42:06.552 [http-nio-8081-exec-163] INFO  c.project.service.ProjektServiceImpl.getProjekty(84) - REQUEST -> GET /api/projekty?page=0&size=20&sort=
2025-06-23 17:42:06.554 [http-nio-8081-exec-164] INFO  c.project.service.ProjektServiceImpl.getProjekty(84) - REQUEST -> GET /api/projekty?page=0&size=20&sort=
2025-06-23 17:42:06.556 [http-nio-8081-exec-165] INFO  c.project.service.ProjektServiceImpl.getProjekty(84) - REQUEST -> GET /api/projekty?page=0&size=20&sort=
2025-06-23 17:42:06.558 [http-nio-8081-exec-166] INFO  c.project.service.ProjektServiceImpl.getProjekty(84) - REQUEST -> GET /api/projekty?page=0&size=20&sort=
2025-06-23 17:42:06.561 [http-nio-8081-exec-167] INFO  c.project.service.ProjektServiceImpl.getProjekty(84) - REQUEST -> GET /api/projekty?page=0&size=20&sort=
2025-06-23 17:42:06.563 [http-nio-8081-exec-168] INFO  c.project.service.ProjektServiceImpl.getProjekty(84) - REQUEST -> GET /api/projekty?page=0&size=20&sort=
2025-06-23 17:42:06.564 [http-nio-8081-exec-169] INFO  c.project.service.ProjektServiceImpl.getProjekty(84) - REQUEST -> GET /api/projekty?page=0&size=20&sort=
2025-06-23 17:42:06.566 [http-nio-8081-exec-170] INFO  c.project.service.ProjektServiceImpl.getProjekty(84) - REQUEST -> GET /api/projekty?page=0&size=20&sort=
2025-06-23 17:42:06.568 [http-nio-8081-exec-171] INFO  c.project.service.ProjektServiceImpl.getProjekty(84) - REQUEST -> GET /api/projekty?page=0&size=20&sort=
2025-06-23 17:42:06.569 [http-nio-8081-exec-172] INFO  c.project.service.ProjektServiceImpl.getProjekty(84) - REQUEST -> GET /api/projekty?page=0&size=20&sort=
2025-06-23 17:42:06.572 [http-nio-8081-exec-173] INFO  c.project.service.ProjektServiceImpl.getProjekty(84) - REQUEST -> GET /api/projekty?page=0&size=20&sort=
2025-06-23 17:42:06.574 [http-nio-8081-exec-174] INFO  c.project.service.ProjektServiceImpl.getProjekty(84) - REQUEST -> GET /api/projekty?page=0&size=20&sort=
2025-06-23 17:42:06.576 [http-nio-8081-exec-175] INFO  c.project.service.ProjektServiceImpl.getProjekty(84) - REQUEST -> GET /api/projekty?page=0&size=20&sort=
2025-06-23 17:42:06.577 [http-nio-8081-exec-176] INFO  c.project.service.ProjektServiceImpl.getProjekty(84) - REQUEST -> GET /api/projekty?page=0&size=20&sort=
2025-06-23 17:42:06.579 [http-nio-8081-exec-177] INFO  c.project.service.ProjektServiceImpl.getProjekty(84) - REQUEST -> GET /api/projekty?page=0&size=20&sort=
2025-06-23 17:42:06.581 [http-nio-8081-exec-178] INFO  c.project.service.ProjektServiceImpl.getProjekty(84) - REQUEST -> GET /api/projekty?page=0&size=20&sort=
2025-06-23 17:42:06.583 [http-nio-8081-exec-179] INFO  c.project.service.ProjektServiceImpl.getProjekty(84) - REQUEST -> GET /api/projekty?page=0&size=20&sort=
2025-06-23 17:42:06.585 [http-nio-8081-exec-180] INFO  c.project.service.ProjektServiceImpl.getProjekty(84) - REQUEST -> GET /api/projekty?page=0&size=20&sort=
2025-06-23 17:42:06.588 [http-nio-8081-exec-181] INFO  c.project.service.ProjektServiceImpl.getProjekty(84) - REQUEST -> GET /api/projekty?page=0&size=20&sort=
2025-06-23 17:42:06.589 [http-nio-8081-exec-182] INFO  c.project.service.ProjektServiceImpl.getProjekty(84) - REQUEST -> GET /api/projekty?page=0&size=20&sort=
2025-06-23 17:42:06.591 [http-nio-8081-exec-183] INFO  c.project.service.ProjektServiceImpl.getProjekty(84) - REQUEST -> GET /api/projekty?page=0&size=20&sort=
2025-06-23 17:42:06.594 [http-nio-8081-exec-184] INFO  c.project.service.ProjektServiceImpl.getProjekty(84) - REQUEST -> GET /api/projekty?page=0&size=20&sort=
2025-06-23 17:42:06.596 [http-nio-8081-exec-185] INFO  c.project.service.ProjektServiceImpl.getProjekty(84) - REQUEST -> GET /api/projekty?page=0&size=20&sort=
2025-06-23 17:42:06.598 [http-nio-8081-exec-186] INFO  c.project.service.ProjektServiceImpl.getProjekty(84) - REQUEST -> GET /api/projekty?page=0&size=20&sort=
2025-06-23 17:42:06.600 [http-nio-8081-exec-187] INFO  c.project.service.ProjektServiceImpl.getProjekty(84) - REQUEST -> GET /api/projekty?page=0&size=20&sort=
2025-06-23 17:42:06.603 [http-nio-8081-exec-188] INFO  c.project.service.ProjektServiceImpl.getProjekty(84) - REQUEST -> GET /api/projekty?page=0&size=20&sort=
2025-06-23 17:42:06.604 [http-nio-8081-exec-189] INFO  c.project.service.ProjektServiceImpl.getProjekty(84) - REQUEST -> GET /api/projekty?page=0&size=20&sort=
2025-06-23 17:42:06.607 [http-nio-8081-exec-190] INFO  c.project.service.ProjektServiceImpl.getProjekty(84) - REQUEST -> GET /api/projekty?page=0&size=20&sort=
2025-06-23 17:42:06.609 [http-nio-8081-exec-191] INFO  c.project.service.ProjektServiceImpl.getProjekty(84) - REQUEST -> GET /api/projekty?page=0&size=20&sort=
2025-06-23 17:42:06.611 [http-nio-8081-exec-192] INFO  c.project.service.ProjektServiceImpl.getProjekty(84) - REQUEST -> GET /api/projekty?page=0&size=20&sort=
2025-06-23 17:42:06.614 [http-nio-8081-exec-193] INFO  c.project.service.ProjektServiceImpl.getProjekty(84) - REQUEST -> GET /api/projekty?page=0&size=20&sort=
2025-06-23 17:42:06.617 [http-nio-8081-exec-194] INFO  c.project.service.ProjektServiceImpl.getProjekty(84) - REQUEST -> GET /api/projekty?page=0&size=20&sort=
2025-06-23 17:42:06.619 [http-nio-8081-exec-195] INFO  c.project.service.ProjektServiceImpl.getProjekty(84) - REQUEST -> GET /api/projekty?page=0&size=20&sort=
2025-06-23 17:42:06.621 [http-nio-8081-exec-196] INFO  c.project.service.ProjektServiceImpl.getProjekty(84) - REQUEST -> GET /api/projekty?page=0&size=20&sort=
2025-06-23 17:42:06.623 [http-nio-8081-exec-197] INFO  c.project.service.ProjektServiceImpl.getProjekty(84) - REQUEST -> GET /api/projekty?page=0&size=20&sort=
2025-06-23 17:42:06.626 [http-nio-8081-exec-198] INFO  c.project.service.ProjektServiceImpl.getProjekty(84) - REQUEST -> GET /api/projekty?page=0&size=20&sort=
2025-06-23 17:42:06.627 [http-nio-8081-exec-199] INFO  c.project.service.ProjektServiceImpl.getProjekty(84) - REQUEST -> GET /api/projekty?page=0&size=20&sort=
2025-06-23 17:42:06.629 [http-nio-8081-exec-200] INFO  c.project.service.ProjektServiceImpl.getProjekty(84) - REQUEST -> GET /api/projekty?page=0&size=20&sort=
2025-06-23 17:42:56.176 [restartedMain] INFO  c.project.ProjectRestApiApplication.logStarting(53) - Starting ProjectRestApiApplication using Java 23.0.2 with PID 20564 (C:\Users\miche\Downloads\project-rest-api\build\classes\java\main started by miche in C:\Users\miche\Downloads\project-rest-api)
2025-06-23 17:42:56.177 [restartedMain] INFO  c.project.ProjectRestApiApplication.logStartupProfileInfo(652) - No active profile set, falling back to 1 default profile: "default"
2025-06-23 17:43:01.262 [restartedMain] INFO  c.project.ProjectRestApiApplication.logStarted(59) - Started ProjectRestApiApplication in 5.493 seconds (process running for 6.025)
2025-06-23 17:43:35.021 [restartedMain] INFO  c.project.ProjectRestApiApplication.logStarting(53) - Starting ProjectRestApiApplication using Java 23.0.2 with PID 24404 (C:\Users\miche\Downloads\project-rest-api\build\classes\java\main started by miche in C:\Users\miche\Downloads\project-rest-api)
2025-06-23 17:43:35.022 [restartedMain] INFO  c.project.ProjectRestApiApplication.logStartupProfileInfo(652) - No active profile set, falling back to 1 default profile: "default"
2025-06-23 17:43:40.185 [restartedMain] INFO  c.project.ProjectRestApiApplication.logStarted(59) - Started ProjectRestApiApplication in 5.587 seconds (process running for 6.138)
2025-06-23 17:43:50.446 [http-nio-8081-exec-5] INFO  c.project.service.ProjektServiceImpl.setProjekt(64) - Creating new project
2025-06-23 17:45:36.576 [restartedMain] INFO  c.project.ProjectRestApiApplication.logStarting(53) - Starting ProjectRestApiApplication using Java 23.0.2 with PID 18460 (C:\Users\miche\Downloads\project-rest-api\build\classes\java\main started by miche in C:\Users\miche\Downloads\project-rest-api)
2025-06-23 17:45:36.577 [restartedMain] INFO  c.project.ProjectRestApiApplication.logStartupProfileInfo(652) - No active profile set, falling back to 1 default profile: "default"
2025-06-23 17:45:41.710 [restartedMain] INFO  c.project.ProjectRestApiApplication.logStarted(59) - Started ProjectRestApiApplication in 5.557 seconds (process running for 6.139)
2025-06-23 17:45:41.966 [http-nio-8081-exec-1] INFO  c.project.service.ProjektServiceImpl.getProjekty(84) - REQUEST -> GET /api/projekty?page=0&size=20&sort=
2025-06-23 17:45:42.012 [http-nio-8081-exec-2] INFO  c.project.service.ProjektServiceImpl.getProjekty(84) - REQUEST -> GET /api/projekty?page=0&size=20&sort=
2025-06-23 17:45:42.015 [http-nio-8081-exec-3] INFO  c.project.service.ProjektServiceImpl.getProjekty(84) - REQUEST -> GET /api/projekty?page=0&size=20&sort=
2025-06-23 17:45:42.018 [http-nio-8081-exec-4] INFO  c.project.service.ProjektServiceImpl.getProjekty(84) - REQUEST -> GET /api/projekty?page=0&size=20&sort=
2025-06-23 17:45:42.020 [http-nio-8081-exec-5] INFO  c.project.service.ProjektServiceImpl.getProjekty(84) - REQUEST -> GET /api/projekty?page=0&size=20&sort=
2025-06-23 17:45:42.023 [http-nio-8081-exec-6] INFO  c.project.service.ProjektServiceImpl.getProjekty(84) - REQUEST -> GET /api/projekty?page=0&size=20&sort=
2025-06-23 17:45:42.025 [http-nio-8081-exec-7] INFO  c.project.service.ProjektServiceImpl.getProjekty(84) - REQUEST -> GET /api/projekty?page=0&size=20&sort=
2025-06-23 17:45:42.027 [http-nio-8081-exec-8] INFO  c.project.service.ProjektServiceImpl.getProjekty(84) - REQUEST -> GET /api/projekty?page=0&size=20&sort=
2025-06-23 17:45:42.029 [http-nio-8081-exec-9] INFO  c.project.service.ProjektServiceImpl.getProjekty(84) - REQUEST -> GET /api/projekty?page=0&size=20&sort=
2025-06-23 17:45:42.031 [http-nio-8081-exec-10] INFO  c.project.service.ProjektServiceImpl.getProjekty(84) - REQUEST -> GET /api/projekty?page=0&size=20&sort=
2025-06-23 17:45:42.033 [http-nio-8081-exec-11] INFO  c.project.service.ProjektServiceImpl.getProjekty(84) - REQUEST -> GET /api/projekty?page=0&size=20&sort=
2025-06-23 17:45:42.036 [http-nio-8081-exec-12] INFO  c.project.service.ProjektServiceImpl.getProjekty(84) - REQUEST -> GET /api/projekty?page=0&size=20&sort=
2025-06-23 17:45:42.038 [http-nio-8081-exec-13] INFO  c.project.service.ProjektServiceImpl.getProjekty(84) - REQUEST -> GET /api/projekty?page=0&size=20&sort=
2025-06-23 17:45:42.040 [http-nio-8081-exec-14] INFO  c.project.service.ProjektServiceImpl.getProjekty(84) - REQUEST -> GET /api/projekty?page=0&size=20&sort=
2025-06-23 17:45:42.044 [http-nio-8081-exec-15] INFO  c.project.service.ProjektServiceImpl.getProjekty(84) - REQUEST -> GET /api/projekty?page=0&size=20&sort=
2025-06-23 17:45:42.046 [http-nio-8081-exec-16] INFO  c.project.service.ProjektServiceImpl.getProjekty(84) - REQUEST -> GET /api/projekty?page=0&size=20&sort=
2025-06-23 17:45:42.049 [http-nio-8081-exec-17] INFO  c.project.service.ProjektServiceImpl.getProjekty(84) - REQUEST -> GET /api/projekty?page=0&size=20&sort=
2025-06-23 17:45:42.051 [http-nio-8081-exec-18] INFO  c.project.service.ProjektServiceImpl.getProjekty(84) - REQUEST -> GET /api/projekty?page=0&size=20&sort=
2025-06-23 17:45:42.054 [http-nio-8081-exec-19] INFO  c.project.service.ProjektServiceImpl.getProjekty(84) - REQUEST -> GET /api/projekty?page=0&size=20&sort=
2025-06-23 17:45:42.057 [http-nio-8081-exec-20] INFO  c.project.service.ProjektServiceImpl.getProjekty(84) - REQUEST -> GET /api/projekty?page=0&size=20&sort=
2025-06-23 17:45:42.060 [http-nio-8081-exec-21] INFO  c.project.service.ProjektServiceImpl.getProjekty(84) - REQUEST -> GET /api/projekty?page=0&size=20&sort=
2025-06-23 17:45:42.063 [http-nio-8081-exec-22] INFO  c.project.service.ProjektServiceImpl.getProjekty(84) - REQUEST -> GET /api/projekty?page=0&size=20&sort=
2025-06-23 17:45:42.065 [http-nio-8081-exec-23] INFO  c.project.service.ProjektServiceImpl.getProjekty(84) - REQUEST -> GET /api/projekty?page=0&size=20&sort=
2025-06-23 17:45:42.068 [http-nio-8081-exec-24] INFO  c.project.service.ProjektServiceImpl.getProjekty(84) - REQUEST -> GET /api/projekty?page=0&size=20&sort=
2025-06-23 17:45:42.070 [http-nio-8081-exec-25] INFO  c.project.service.ProjektServiceImpl.getProjekty(84) - REQUEST -> GET /api/projekty?page=0&size=20&sort=
2025-06-23 17:45:42.072 [http-nio-8081-exec-26] INFO  c.project.service.ProjektServiceImpl.getProjekty(84) - REQUEST -> GET /api/projekty?page=0&size=20&sort=
2025-06-23 17:45:42.075 [http-nio-8081-exec-27] INFO  c.project.service.ProjektServiceImpl.getProjekty(84) - REQUEST -> GET /api/projekty?page=0&size=20&sort=
2025-06-23 17:45:42.077 [http-nio-8081-exec-28] INFO  c.project.service.ProjektServiceImpl.getProjekty(84) - REQUEST -> GET /api/projekty?page=0&size=20&sort=
2025-06-23 17:45:42.079 [http-nio-8081-exec-29] INFO  c.project.service.ProjektServiceImpl.getProjekty(84) - REQUEST -> GET /api/projekty?page=0&size=20&sort=
2025-06-23 17:45:42.082 [http-nio-8081-exec-30] INFO  c.project.service.ProjektServiceImpl.getProjekty(84) - REQUEST -> GET /api/projekty?page=0&size=20&sort=
2025-06-23 17:45:42.085 [http-nio-8081-exec-31] INFO  c.project.service.ProjektServiceImpl.getProjekty(84) - REQUEST -> GET /api/projekty?page=0&size=20&sort=
2025-06-23 17:45:42.087 [http-nio-8081-exec-32] INFO  c.project.service.ProjektServiceImpl.getProjekty(84) - REQUEST -> GET /api/projekty?page=0&size=20&sort=
2025-06-23 17:45:42.091 [http-nio-8081-exec-33] INFO  c.project.service.ProjektServiceImpl.getProjekty(84) - REQUEST -> GET /api/projekty?page=0&size=20&sort=
2025-06-23 17:45:42.093 [http-nio-8081-exec-34] INFO  c.project.service.ProjektServiceImpl.getProjekty(84) - REQUEST -> GET /api/projekty?page=0&size=20&sort=
2025-06-23 17:45:42.095 [http-nio-8081-exec-35] INFO  c.project.service.ProjektServiceImpl.getProjekty(84) - REQUEST -> GET /api/projekty?page=0&size=20&sort=
2025-06-23 17:45:42.097 [http-nio-8081-exec-36] INFO  c.project.service.ProjektServiceImpl.getProjekty(84) - REQUEST -> GET /api/projekty?page=0&size=20&sort=
2025-06-23 17:45:42.100 [http-nio-8081-exec-37] INFO  c.project.service.ProjektServiceImpl.getProjekty(84) - REQUEST -> GET /api/projekty?page=0&size=20&sort=
2025-06-23 17:45:42.102 [http-nio-8081-exec-38] INFO  c.project.service.ProjektServiceImpl.getProjekty(84) - REQUEST -> GET /api/projekty?page=0&size=20&sort=
2025-06-23 17:45:42.104 [http-nio-8081-exec-39] INFO  c.project.service.ProjektServiceImpl.getProjekty(84) - REQUEST -> GET /api/projekty?page=0&size=20&sort=
2025-06-23 17:45:42.106 [http-nio-8081-exec-40] INFO  c.project.service.ProjektServiceImpl.getProjekty(84) - REQUEST -> GET /api/projekty?page=0&size=20&sort=
2025-06-23 17:45:42.109 [http-nio-8081-exec-41] INFO  c.project.service.ProjektServiceImpl.getProjekty(84) - REQUEST -> GET /api/projekty?page=0&size=20&sort=
2025-06-23 17:45:42.111 [http-nio-8081-exec-42] INFO  c.project.service.ProjektServiceImpl.getProjekty(84) - REQUEST -> GET /api/projekty?page=0&size=20&sort=
2025-06-23 17:45:42.112 [http-nio-8081-exec-43] INFO  c.project.service.ProjektServiceImpl.getProjekty(84) - REQUEST -> GET /api/projekty?page=0&size=20&sort=
2025-06-23 17:45:42.114 [http-nio-8081-exec-44] INFO  c.project.service.ProjektServiceImpl.getProjekty(84) - REQUEST -> GET /api/projekty?page=0&size=20&sort=
2025-06-23 17:45:42.117 [http-nio-8081-exec-45] INFO  c.project.service.ProjektServiceImpl.getProjekty(84) - REQUEST -> GET /api/projekty?page=0&size=20&sort=
2025-06-23 17:45:42.119 [http-nio-8081-exec-46] INFO  c.project.service.ProjektServiceImpl.getProjekty(84) - REQUEST -> GET /api/projekty?page=0&size=20&sort=
2025-06-23 17:45:42.122 [http-nio-8081-exec-47] INFO  c.project.service.ProjektServiceImpl.getProjekty(84) - REQUEST -> GET /api/projekty?page=0&size=20&sort=
2025-06-23 17:45:42.124 [http-nio-8081-exec-48] INFO  c.project.service.ProjektServiceImpl.getProjekty(84) - REQUEST -> GET /api/projekty?page=0&size=20&sort=
2025-06-23 17:45:42.126 [http-nio-8081-exec-49] INFO  c.project.service.ProjektServiceImpl.getProjekty(84) - REQUEST -> GET /api/projekty?page=0&size=20&sort=
2025-06-23 17:45:42.129 [http-nio-8081-exec-50] INFO  c.project.service.ProjektServiceImpl.getProjekty(84) - REQUEST -> GET /api/projekty?page=0&size=20&sort=
2025-06-23 17:45:42.131 [http-nio-8081-exec-51] INFO  c.project.service.ProjektServiceImpl.getProjekty(84) - REQUEST -> GET /api/projekty?page=0&size=20&sort=
2025-06-23 17:45:42.133 [http-nio-8081-exec-52] INFO  c.project.service.ProjektServiceImpl.getProjekty(84) - REQUEST -> GET /api/projekty?page=0&size=20&sort=
2025-06-23 17:45:42.137 [http-nio-8081-exec-53] INFO  c.project.service.ProjektServiceImpl.getProjekty(84) - REQUEST -> GET /api/projekty?page=0&size=20&sort=
2025-06-23 17:45:42.140 [http-nio-8081-exec-54] INFO  c.project.service.ProjektServiceImpl.getProjekty(84) - REQUEST -> GET /api/projekty?page=0&size=20&sort=
2025-06-23 17:45:42.143 [http-nio-8081-exec-55] INFO  c.project.service.ProjektServiceImpl.getProjekty(84) - REQUEST -> GET /api/projekty?page=0&size=20&sort=
2025-06-23 17:45:42.146 [http-nio-8081-exec-56] INFO  c.project.service.ProjektServiceImpl.getProjekty(84) - REQUEST -> GET /api/projekty?page=0&size=20&sort=
2025-06-23 17:45:42.149 [http-nio-8081-exec-57] INFO  c.project.service.ProjektServiceImpl.getProjekty(84) - REQUEST -> GET /api/projekty?page=0&size=20&sort=
2025-06-23 17:45:42.151 [http-nio-8081-exec-58] INFO  c.project.service.ProjektServiceImpl.getProjekty(84) - REQUEST -> GET /api/projekty?page=0&size=20&sort=
2025-06-23 17:45:42.155 [http-nio-8081-exec-59] INFO  c.project.service.ProjektServiceImpl.getProjekty(84) - REQUEST -> GET /api/projekty?page=0&size=20&sort=
2025-06-23 17:45:42.158 [http-nio-8081-exec-60] INFO  c.project.service.ProjektServiceImpl.getProjekty(84) - REQUEST -> GET /api/projekty?page=0&size=20&sort=
2025-06-23 17:45:42.161 [http-nio-8081-exec-61] INFO  c.project.service.ProjektServiceImpl.getProjekty(84) - REQUEST -> GET /api/projekty?page=0&size=20&sort=
2025-06-23 17:45:42.166 [http-nio-8081-exec-62] INFO  c.project.service.ProjektServiceImpl.getProjekty(84) - REQUEST -> GET /api/projekty?page=0&size=20&sort=
2025-06-23 17:45:42.169 [http-nio-8081-exec-63] INFO  c.project.service.ProjektServiceImpl.getProjekty(84) - REQUEST -> GET /api/projekty?page=0&size=20&sort=
2025-06-23 17:45:42.172 [http-nio-8081-exec-64] INFO  c.project.service.ProjektServiceImpl.getProjekty(84) - REQUEST -> GET /api/projekty?page=0&size=20&sort=
2025-06-23 17:45:42.177 [http-nio-8081-exec-65] INFO  c.project.service.ProjektServiceImpl.getProjekty(84) - REQUEST -> GET /api/projekty?page=0&size=20&sort=
2025-06-23 17:45:42.180 [http-nio-8081-exec-66] INFO  c.project.service.ProjektServiceImpl.getProjekty(84) - REQUEST -> GET /api/projekty?page=0&size=20&sort=
2025-06-23 17:45:42.184 [http-nio-8081-exec-67] INFO  c.project.service.ProjektServiceImpl.getProjekty(84) - REQUEST -> GET /api/projekty?page=0&size=20&sort=
2025-06-23 17:45:42.187 [http-nio-8081-exec-68] INFO  c.project.service.ProjektServiceImpl.getProjekty(84) - REQUEST -> GET /api/projekty?page=0&size=20&sort=
2025-06-23 17:45:42.190 [http-nio-8081-exec-69] INFO  c.project.service.ProjektServiceImpl.getProjekty(84) - REQUEST -> GET /api/projekty?page=0&size=20&sort=
2025-06-23 17:45:42.193 [http-nio-8081-exec-70] INFO  c.project.service.ProjektServiceImpl.getProjekty(84) - REQUEST -> GET /api/projekty?page=0&size=20&sort=
2025-06-23 17:45:42.197 [http-nio-8081-exec-71] INFO  c.project.service.ProjektServiceImpl.getProjekty(84) - REQUEST -> GET /api/projekty?page=0&size=20&sort=
2025-06-23 17:45:42.200 [http-nio-8081-exec-72] INFO  c.project.service.ProjektServiceImpl.getProjekty(84) - REQUEST -> GET /api/projekty?page=0&size=20&sort=
2025-06-23 17:45:42.203 [http-nio-8081-exec-73] INFO  c.project.service.ProjektServiceImpl.getProjekty(84) - REQUEST -> GET /api/projekty?page=0&size=20&sort=
2025-06-23 17:45:42.205 [http-nio-8081-exec-74] INFO  c.project.service.ProjektServiceImpl.getProjekty(84) - REQUEST -> GET /api/projekty?page=0&size=20&sort=
2025-06-23 17:45:42.209 [http-nio-8081-exec-75] INFO  c.project.service.ProjektServiceImpl.getProjekty(84) - REQUEST -> GET /api/projekty?page=0&size=20&sort=
2025-06-23 17:45:42.212 [http-nio-8081-exec-76] INFO  c.project.service.ProjektServiceImpl.getProjekty(84) - REQUEST -> GET /api/projekty?page=0&size=20&sort=
2025-06-23 17:45:42.214 [http-nio-8081-exec-77] INFO  c.project.service.ProjektServiceImpl.getProjekty(84) - REQUEST -> GET /api/projekty?page=0&size=20&sort=
2025-06-23 17:45:42.217 [http-nio-8081-exec-78] INFO  c.project.service.ProjektServiceImpl.getProjekty(84) - REQUEST -> GET /api/projekty?page=0&size=20&sort=
2025-06-23 17:45:42.220 [http-nio-8081-exec-79] INFO  c.project.service.ProjektServiceImpl.getProjekty(84) - REQUEST -> GET /api/projekty?page=0&size=20&sort=
2025-06-23 17:45:42.223 [http-nio-8081-exec-80] INFO  c.project.service.ProjektServiceImpl.getProjekty(84) - REQUEST -> GET /api/projekty?page=0&size=20&sort=
2025-06-23 17:45:42.226 [http-nio-8081-exec-81] INFO  c.project.service.ProjektServiceImpl.getProjekty(84) - REQUEST -> GET /api/projekty?page=0&size=20&sort=
2025-06-23 17:45:42.228 [http-nio-8081-exec-82] INFO  c.project.service.ProjektServiceImpl.getProjekty(84) - REQUEST -> GET /api/projekty?page=0&size=20&sort=
2025-06-23 17:45:42.231 [http-nio-8081-exec-83] INFO  c.project.service.ProjektServiceImpl.getProjekty(84) - REQUEST -> GET /api/projekty?page=0&size=20&sort=
2025-06-23 17:45:42.234 [http-nio-8081-exec-84] INFO  c.project.service.ProjektServiceImpl.getProjekty(84) - REQUEST -> GET /api/projekty?page=0&size=20&sort=
2025-06-23 17:45:42.237 [http-nio-8081-exec-85] INFO  c.project.service.ProjektServiceImpl.getProjekty(84) - REQUEST -> GET /api/projekty?page=0&size=20&sort=
2025-06-23 17:45:42.241 [http-nio-8081-exec-86] INFO  c.project.service.ProjektServiceImpl.getProjekty(84) - REQUEST -> GET /api/projekty?page=0&size=20&sort=
2025-06-23 17:45:42.244 [http-nio-8081-exec-87] INFO  c.project.service.ProjektServiceImpl.getProjekty(84) - REQUEST -> GET /api/projekty?page=0&size=20&sort=
2025-06-23 17:45:42.247 [http-nio-8081-exec-88] INFO  c.project.service.ProjektServiceImpl.getProjekty(84) - REQUEST -> GET /api/projekty?page=0&size=20&sort=
2025-06-23 17:45:42.249 [http-nio-8081-exec-89] INFO  c.project.service.ProjektServiceImpl.getProjekty(84) - REQUEST -> GET /api/projekty?page=0&size=20&sort=
2025-06-23 17:45:42.251 [http-nio-8081-exec-90] INFO  c.project.service.ProjektServiceImpl.getProjekty(84) - REQUEST -> GET /api/projekty?page=0&size=20&sort=
2025-06-23 17:45:42.253 [http-nio-8081-exec-91] INFO  c.project.service.ProjektServiceImpl.getProjekty(84) - REQUEST -> GET /api/projekty?page=0&size=20&sort=
2025-06-23 17:45:42.255 [http-nio-8081-exec-92] INFO  c.project.service.ProjektServiceImpl.getProjekty(84) - REQUEST -> GET /api/projekty?page=0&size=20&sort=
2025-06-23 17:45:42.257 [http-nio-8081-exec-93] INFO  c.project.service.ProjektServiceImpl.getProjekty(84) - REQUEST -> GET /api/projekty?page=0&size=20&sort=
2025-06-23 17:45:42.259 [http-nio-8081-exec-94] INFO  c.project.service.ProjektServiceImpl.getProjekty(84) - REQUEST -> GET /api/projekty?page=0&size=20&sort=
2025-06-23 17:45:42.261 [http-nio-8081-exec-95] INFO  c.project.service.ProjektServiceImpl.getProjekty(84) - REQUEST -> GET /api/projekty?page=0&size=20&sort=
2025-06-23 17:45:42.263 [http-nio-8081-exec-96] INFO  c.project.service.ProjektServiceImpl.getProjekty(84) - REQUEST -> GET /api/projekty?page=0&size=20&sort=
2025-06-23 17:45:42.266 [http-nio-8081-exec-97] INFO  c.project.service.ProjektServiceImpl.getProjekty(84) - REQUEST -> GET /api/projekty?page=0&size=20&sort=
2025-06-23 17:45:42.268 [http-nio-8081-exec-98] INFO  c.project.service.ProjektServiceImpl.getProjekty(84) - REQUEST -> GET /api/projekty?page=0&size=20&sort=
2025-06-23 17:45:42.269 [http-nio-8081-exec-99] INFO  c.project.service.ProjektServiceImpl.getProjekty(84) - REQUEST -> GET /api/projekty?page=0&size=20&sort=
2025-06-23 17:45:42.272 [http-nio-8081-exec-100] INFO  c.project.service.ProjektServiceImpl.getProjekty(84) - REQUEST -> GET /api/projekty?page=0&size=20&sort=
2025-06-23 17:45:42.274 [http-nio-8081-exec-101] INFO  c.project.service.ProjektServiceImpl.getProjekty(84) - REQUEST -> GET /api/projekty?page=0&size=20&sort=
2025-06-23 17:45:42.275 [http-nio-8081-exec-102] INFO  c.project.service.ProjektServiceImpl.getProjekty(84) - REQUEST -> GET /api/projekty?page=0&size=20&sort=
2025-06-23 17:45:42.277 [http-nio-8081-exec-103] INFO  c.project.service.ProjektServiceImpl.getProjekty(84) - REQUEST -> GET /api/projekty?page=0&size=20&sort=
2025-06-23 17:45:42.279 [http-nio-8081-exec-104] INFO  c.project.service.ProjektServiceImpl.getProjekty(84) - REQUEST -> GET /api/projekty?page=0&size=20&sort=
2025-06-23 17:45:42.281 [http-nio-8081-exec-105] INFO  c.project.service.ProjektServiceImpl.getProjekty(84) - REQUEST -> GET /api/projekty?page=0&size=20&sort=
2025-06-23 17:45:42.282 [http-nio-8081-exec-106] INFO  c.project.service.ProjektServiceImpl.getProjekty(84) - REQUEST -> GET /api/projekty?page=0&size=20&sort=
2025-06-23 17:45:42.284 [http-nio-8081-exec-107] INFO  c.project.service.ProjektServiceImpl.getProjekty(84) - REQUEST -> GET /api/projekty?page=0&size=20&sort=
2025-06-23 17:45:42.285 [http-nio-8081-exec-108] INFO  c.project.service.ProjektServiceImpl.getProjekty(84) - REQUEST -> GET /api/projekty?page=0&size=20&sort=
2025-06-23 17:45:42.287 [http-nio-8081-exec-109] INFO  c.project.service.ProjektServiceImpl.getProjekty(84) - REQUEST -> GET /api/projekty?page=0&size=20&sort=
2025-06-23 17:45:42.289 [http-nio-8081-exec-110] INFO  c.project.service.ProjektServiceImpl.getProjekty(84) - REQUEST -> GET /api/projekty?page=0&size=20&sort=
2025-06-23 17:45:42.292 [http-nio-8081-exec-111] INFO  c.project.service.ProjektServiceImpl.getProjekty(84) - REQUEST -> GET /api/projekty?page=0&size=20&sort=
2025-06-23 17:45:42.293 [http-nio-8081-exec-112] INFO  c.project.service.ProjektServiceImpl.getProjekty(84) - REQUEST -> GET /api/projekty?page=0&size=20&sort=
2025-06-23 17:45:42.295 [http-nio-8081-exec-113] INFO  c.project.service.ProjektServiceImpl.getProjekty(84) - REQUEST -> GET /api/projekty?page=0&size=20&sort=
2025-06-23 17:45:42.297 [http-nio-8081-exec-114] INFO  c.project.service.ProjektServiceImpl.getProjekty(84) - REQUEST -> GET /api/projekty?page=0&size=20&sort=
2025-06-23 17:45:42.300 [http-nio-8081-exec-115] INFO  c.project.service.ProjektServiceImpl.getProjekty(84) - REQUEST -> GET /api/projekty?page=0&size=20&sort=
2025-06-23 17:45:42.302 [http-nio-8081-exec-116] INFO  c.project.service.ProjektServiceImpl.getProjekty(84) - REQUEST -> GET /api/projekty?page=0&size=20&sort=
2025-06-23 17:45:42.303 [http-nio-8081-exec-117] INFO  c.project.service.ProjektServiceImpl.getProjekty(84) - REQUEST -> GET /api/projekty?page=0&size=20&sort=
2025-06-23 17:45:42.305 [http-nio-8081-exec-118] INFO  c.project.service.ProjektServiceImpl.getProjekty(84) - REQUEST -> GET /api/projekty?page=0&size=20&sort=
2025-06-23 17:45:42.307 [http-nio-8081-exec-119] INFO  c.project.service.ProjektServiceImpl.getProjekty(84) - REQUEST -> GET /api/projekty?page=0&size=20&sort=
2025-06-23 17:45:42.309 [http-nio-8081-exec-120] INFO  c.project.service.ProjektServiceImpl.getProjekty(84) - REQUEST -> GET /api/projekty?page=0&size=20&sort=
2025-06-23 17:45:42.310 [http-nio-8081-exec-121] INFO  c.project.service.ProjektServiceImpl.getProjekty(84) - REQUEST -> GET /api/projekty?page=0&size=20&sort=
2025-06-23 17:45:42.312 [http-nio-8081-exec-122] INFO  c.project.service.ProjektServiceImpl.getProjekty(84) - REQUEST -> GET /api/projekty?page=0&size=20&sort=
2025-06-23 17:45:42.314 [http-nio-8081-exec-123] INFO  c.project.service.ProjektServiceImpl.getProjekty(84) - REQUEST -> GET /api/projekty?page=0&size=20&sort=
2025-06-23 17:45:42.316 [http-nio-8081-exec-124] INFO  c.project.service.ProjektServiceImpl.getProjekty(84) - REQUEST -> GET /api/projekty?page=0&size=20&sort=
2025-06-23 17:45:42.319 [http-nio-8081-exec-125] INFO  c.project.service.ProjektServiceImpl.getProjekty(84) - REQUEST -> GET /api/projekty?page=0&size=20&sort=
2025-06-23 17:45:42.321 [http-nio-8081-exec-126] INFO  c.project.service.ProjektServiceImpl.getProjekty(84) - REQUEST -> GET /api/projekty?page=0&size=20&sort=
2025-06-23 17:45:42.323 [http-nio-8081-exec-127] INFO  c.project.service.ProjektServiceImpl.getProjekty(84) - REQUEST -> GET /api/projekty?page=0&size=20&sort=
2025-06-23 17:45:42.331 [http-nio-8081-exec-128] INFO  c.project.service.ProjektServiceImpl.getProjekty(84) - REQUEST -> GET /api/projekty?page=0&size=20&sort=
2025-06-23 17:45:42.339 [http-nio-8081-exec-129] INFO  c.project.service.ProjektServiceImpl.getProjekty(84) - REQUEST -> GET /api/projekty?page=0&size=20&sort=
2025-06-23 17:45:42.342 [http-nio-8081-exec-130] INFO  c.project.service.ProjektServiceImpl.getProjekty(84) - REQUEST -> GET /api/projekty?page=0&size=20&sort=
2025-06-23 17:45:42.345 [http-nio-8081-exec-131] INFO  c.project.service.ProjektServiceImpl.getProjekty(84) - REQUEST -> GET /api/projekty?page=0&size=20&sort=
2025-06-23 17:45:42.348 [http-nio-8081-exec-132] INFO  c.project.service.ProjektServiceImpl.getProjekty(84) - REQUEST -> GET /api/projekty?page=0&size=20&sort=
2025-06-23 17:45:42.356 [http-nio-8081-exec-133] INFO  c.project.service.ProjektServiceImpl.getProjekty(84) - REQUEST -> GET /api/projekty?page=0&size=20&sort=
2025-06-23 17:45:42.358 [http-nio-8081-exec-134] INFO  c.project.service.ProjektServiceImpl.getProjekty(84) - REQUEST -> GET /api/projekty?page=0&size=20&sort=
2025-06-23 17:45:42.361 [http-nio-8081-exec-135] INFO  c.project.service.ProjektServiceImpl.getProjekty(84) - REQUEST -> GET /api/projekty?page=0&size=20&sort=
2025-06-23 17:45:42.364 [http-nio-8081-exec-136] INFO  c.project.service.ProjektServiceImpl.getProjekty(84) - REQUEST -> GET /api/projekty?page=0&size=20&sort=
2025-06-23 17:45:42.367 [http-nio-8081-exec-137] INFO  c.project.service.ProjektServiceImpl.getProjekty(84) - REQUEST -> GET /api/projekty?page=0&size=20&sort=
2025-06-23 17:45:42.369 [http-nio-8081-exec-138] INFO  c.project.service.ProjektServiceImpl.getProjekty(84) - REQUEST -> GET /api/projekty?page=0&size=20&sort=
2025-06-23 17:45:42.372 [http-nio-8081-exec-139] INFO  c.project.service.ProjektServiceImpl.getProjekty(84) - REQUEST -> GET /api/projekty?page=0&size=20&sort=
2025-06-23 17:45:42.375 [http-nio-8081-exec-140] INFO  c.project.service.ProjektServiceImpl.getProjekty(84) - REQUEST -> GET /api/projekty?page=0&size=20&sort=
2025-06-23 17:45:42.378 [http-nio-8081-exec-141] INFO  c.project.service.ProjektServiceImpl.getProjekty(84) - REQUEST -> GET /api/projekty?page=0&size=20&sort=
2025-06-23 17:45:42.380 [http-nio-8081-exec-142] INFO  c.project.service.ProjektServiceImpl.getProjekty(84) - REQUEST -> GET /api/projekty?page=0&size=20&sort=
2025-06-23 17:45:42.382 [http-nio-8081-exec-143] INFO  c.project.service.ProjektServiceImpl.getProjekty(84) - REQUEST -> GET /api/projekty?page=0&size=20&sort=
2025-06-23 17:45:42.386 [http-nio-8081-exec-144] INFO  c.project.service.ProjektServiceImpl.getProjekty(84) - REQUEST -> GET /api/projekty?page=0&size=20&sort=
2025-06-23 17:45:42.388 [http-nio-8081-exec-145] INFO  c.project.service.ProjektServiceImpl.getProjekty(84) - REQUEST -> GET /api/projekty?page=0&size=20&sort=
2025-06-23 17:45:42.390 [http-nio-8081-exec-146] INFO  c.project.service.ProjektServiceImpl.getProjekty(84) - REQUEST -> GET /api/projekty?page=0&size=20&sort=
2025-06-23 17:45:42.393 [http-nio-8081-exec-147] INFO  c.project.service.ProjektServiceImpl.getProjekty(84) - REQUEST -> GET /api/projekty?page=0&size=20&sort=
2025-06-23 17:45:42.396 [http-nio-8081-exec-148] INFO  c.project.service.ProjektServiceImpl.getProjekty(84) - REQUEST -> GET /api/projekty?page=0&size=20&sort=
2025-06-23 17:45:42.399 [http-nio-8081-exec-149] INFO  c.project.service.ProjektServiceImpl.getProjekty(84) - REQUEST -> GET /api/projekty?page=0&size=20&sort=
2025-06-23 17:45:42.402 [http-nio-8081-exec-150] INFO  c.project.service.ProjektServiceImpl.getProjekty(84) - REQUEST -> GET /api/projekty?page=0&size=20&sort=
2025-06-23 17:45:42.404 [http-nio-8081-exec-151] INFO  c.project.service.ProjektServiceImpl.getProjekty(84) - REQUEST -> GET /api/projekty?page=0&size=20&sort=
2025-06-23 17:45:42.407 [http-nio-8081-exec-152] INFO  c.project.service.ProjektServiceImpl.getProjekty(84) - REQUEST -> GET /api/projekty?page=0&size=20&sort=
2025-06-23 17:45:42.409 [http-nio-8081-exec-153] INFO  c.project.service.ProjektServiceImpl.getProjekty(84) - REQUEST -> GET /api/projekty?page=0&size=20&sort=
2025-06-23 17:45:42.413 [http-nio-8081-exec-154] INFO  c.project.service.ProjektServiceImpl.getProjekty(84) - REQUEST -> GET /api/projekty?page=0&size=20&sort=
2025-06-23 17:45:42.415 [http-nio-8081-exec-155] INFO  c.project.service.ProjektServiceImpl.getProjekty(84) - REQUEST -> GET /api/projekty?page=0&size=20&sort=
2025-06-23 17:45:42.417 [http-nio-8081-exec-156] INFO  c.project.service.ProjektServiceImpl.getProjekty(84) - REQUEST -> GET /api/projekty?page=0&size=20&sort=
2025-06-23 17:45:42.419 [http-nio-8081-exec-157] INFO  c.project.service.ProjektServiceImpl.getProjekty(84) - REQUEST -> GET /api/projekty?page=0&size=20&sort=
2025-06-23 17:45:42.423 [http-nio-8081-exec-158] INFO  c.project.service.ProjektServiceImpl.getProjekty(84) - REQUEST -> GET /api/projekty?page=0&size=20&sort=
2025-06-23 17:45:42.425 [http-nio-8081-exec-159] INFO  c.project.service.ProjektServiceImpl.getProjekty(84) - REQUEST -> GET /api/projekty?page=0&size=20&sort=
2025-06-23 17:45:42.428 [http-nio-8081-exec-160] INFO  c.project.service.ProjektServiceImpl.getProjekty(84) - REQUEST -> GET /api/projekty?page=0&size=20&sort=
2025-06-23 17:45:42.430 [http-nio-8081-exec-161] INFO  c.project.service.ProjektServiceImpl.getProjekty(84) - REQUEST -> GET /api/projekty?page=0&size=20&sort=
2025-06-23 17:45:42.432 [http-nio-8081-exec-162] INFO  c.project.service.ProjektServiceImpl.getProjekty(84) - REQUEST -> GET /api/projekty?page=0&size=20&sort=
2025-06-23 17:45:42.435 [http-nio-8081-exec-163] INFO  c.project.service.ProjektServiceImpl.getProjekty(84) - REQUEST -> GET /api/projekty?page=0&size=20&sort=
2025-06-23 17:45:42.439 [http-nio-8081-exec-164] INFO  c.project.service.ProjektServiceImpl.getProjekty(84) - REQUEST -> GET /api/projekty?page=0&size=20&sort=
2025-06-23 17:45:42.441 [http-nio-8081-exec-165] INFO  c.project.service.ProjektServiceImpl.getProjekty(84) - REQUEST -> GET /api/projekty?page=0&size=20&sort=
2025-06-23 17:45:42.443 [http-nio-8081-exec-166] INFO  c.project.service.ProjektServiceImpl.getProjekty(84) - REQUEST -> GET /api/projekty?page=0&size=20&sort=
2025-06-23 17:45:42.446 [http-nio-8081-exec-167] INFO  c.project.service.ProjektServiceImpl.getProjekty(84) - REQUEST -> GET /api/projekty?page=0&size=20&sort=
2025-06-23 17:45:42.448 [http-nio-8081-exec-168] INFO  c.project.service.ProjektServiceImpl.getProjekty(84) - REQUEST -> GET /api/projekty?page=0&size=20&sort=
2025-06-23 17:45:42.450 [http-nio-8081-exec-169] INFO  c.project.service.ProjektServiceImpl.getProjekty(84) - REQUEST -> GET /api/projekty?page=0&size=20&sort=
2025-06-23 17:45:42.452 [http-nio-8081-exec-170] INFO  c.project.service.ProjektServiceImpl.getProjekty(84) - REQUEST -> GET /api/projekty?page=0&size=20&sort=
2025-06-23 17:45:42.454 [http-nio-8081-exec-171] INFO  c.project.service.ProjektServiceImpl.getProjekty(84) - REQUEST -> GET /api/projekty?page=0&size=20&sort=
2025-06-23 17:45:42.456 [http-nio-8081-exec-172] INFO  c.project.service.ProjektServiceImpl.getProjekty(84) - REQUEST -> GET /api/projekty?page=0&size=20&sort=
2025-06-23 17:45:42.458 [http-nio-8081-exec-173] INFO  c.project.service.ProjektServiceImpl.getProjekty(84) - REQUEST -> GET /api/projekty?page=0&size=20&sort=
2025-06-23 17:45:42.461 [http-nio-8081-exec-174] INFO  c.project.service.ProjektServiceImpl.getProjekty(84) - REQUEST -> GET /api/projekty?page=0&size=20&sort=
2025-06-23 17:45:42.463 [http-nio-8081-exec-175] INFO  c.project.service.ProjektServiceImpl.getProjekty(84) - REQUEST -> GET /api/projekty?page=0&size=20&sort=
2025-06-23 17:45:42.464 [http-nio-8081-exec-176] INFO  c.project.service.ProjektServiceImpl.getProjekty(84) - REQUEST -> GET /api/projekty?page=0&size=20&sort=
2025-06-23 17:45:42.466 [http-nio-8081-exec-177] INFO  c.project.service.ProjektServiceImpl.getProjekty(84) - REQUEST -> GET /api/projekty?page=0&size=20&sort=
2025-06-23 17:45:42.468 [http-nio-8081-exec-178] INFO  c.project.service.ProjektServiceImpl.getProjekty(84) - REQUEST -> GET /api/projekty?page=0&size=20&sort=
2025-06-23 17:45:42.470 [http-nio-8081-exec-179] INFO  c.project.service.ProjektServiceImpl.getProjekty(84) - REQUEST -> GET /api/projekty?page=0&size=20&sort=
2025-06-23 17:45:42.471 [http-nio-8081-exec-180] INFO  c.project.service.ProjektServiceImpl.getProjekty(84) - REQUEST -> GET /api/projekty?page=0&size=20&sort=
2025-06-23 17:45:42.474 [http-nio-8081-exec-181] INFO  c.project.service.ProjektServiceImpl.getProjekty(84) - REQUEST -> GET /api/projekty?page=0&size=20&sort=
2025-06-23 17:45:42.475 [http-nio-8081-exec-182] INFO  c.project.service.ProjektServiceImpl.getProjekty(84) - REQUEST -> GET /api/projekty?page=0&size=20&sort=
2025-06-23 17:45:42.477 [http-nio-8081-exec-183] INFO  c.project.service.ProjektServiceImpl.getProjekty(84) - REQUEST -> GET /api/projekty?page=0&size=20&sort=
2025-06-23 17:45:42.479 [http-nio-8081-exec-184] INFO  c.project.service.ProjektServiceImpl.getProjekty(84) - REQUEST -> GET /api/projekty?page=0&size=20&sort=
2025-06-23 17:45:42.481 [http-nio-8081-exec-185] INFO  c.project.service.ProjektServiceImpl.getProjekty(84) - REQUEST -> GET /api/projekty?page=0&size=20&sort=
2025-06-23 17:45:42.482 [http-nio-8081-exec-186] INFO  c.project.service.ProjektServiceImpl.getProjekty(84) - REQUEST -> GET /api/projekty?page=0&size=20&sort=
2025-06-23 17:45:42.485 [http-nio-8081-exec-187] INFO  c.project.service.ProjektServiceImpl.getProjekty(84) - REQUEST -> GET /api/projekty?page=0&size=20&sort=
2025-06-23 17:45:42.486 [http-nio-8081-exec-188] INFO  c.project.service.ProjektServiceImpl.getProjekty(84) - REQUEST -> GET /api/projekty?page=0&size=20&sort=
2025-06-23 17:45:42.488 [http-nio-8081-exec-189] INFO  c.project.service.ProjektServiceImpl.getProjekty(84) - REQUEST -> GET /api/projekty?page=0&size=20&sort=
2025-06-23 17:45:42.490 [http-nio-8081-exec-190] INFO  c.project.service.ProjektServiceImpl.getProjekty(84) - REQUEST -> GET /api/projekty?page=0&size=20&sort=
2025-06-23 17:45:42.492 [http-nio-8081-exec-191] INFO  c.project.service.ProjektServiceImpl.getProjekty(84) - REQUEST -> GET /api/projekty?page=0&size=20&sort=
2025-06-23 17:45:42.495 [http-nio-8081-exec-192] INFO  c.project.service.ProjektServiceImpl.getProjekty(84) - REQUEST -> GET /api/projekty?page=0&size=20&sort=
2025-06-23 17:45:42.497 [http-nio-8081-exec-193] INFO  c.project.service.ProjektServiceImpl.getProjekty(84) - REQUEST -> GET /api/projekty?page=0&size=20&sort=
2025-06-23 17:45:42.499 [http-nio-8081-exec-194] INFO  c.project.service.ProjektServiceImpl.getProjekty(84) - REQUEST -> GET /api/projekty?page=0&size=20&sort=
2025-06-23 17:45:42.501 [http-nio-8081-exec-195] INFO  c.project.service.ProjektServiceImpl.getProjekty(84) - REQUEST -> GET /api/projekty?page=0&size=20&sort=
2025-06-23 17:45:42.503 [http-nio-8081-exec-196] INFO  c.project.service.ProjektServiceImpl.getProjekty(84) - REQUEST -> GET /api/projekty?page=0&size=20&sort=
2025-06-23 17:45:42.505 [http-nio-8081-exec-197] INFO  c.project.service.ProjektServiceImpl.getProjekty(84) - REQUEST -> GET /api/projekty?page=0&size=20&sort=
2025-06-23 17:45:42.508 [http-nio-8081-exec-198] INFO  c.project.service.ProjektServiceImpl.getProjekty(84) - REQUEST -> GET /api/projekty?page=0&size=20&sort=
2025-06-23 17:45:42.510 [http-nio-8081-exec-199] INFO  c.project.service.ProjektServiceImpl.getProjekty(84) - REQUEST -> GET /api/projekty?page=0&size=20&sort=
2025-06-23 17:45:42.511 [http-nio-8081-exec-200] INFO  c.project.service.ProjektServiceImpl.getProjekty(84) - REQUEST -> GET /api/projekty?page=0&size=20&sort=
2025-06-23 17:46:10.268 [restartedMain] INFO  c.project.ProjectRestApiApplication.logStarting(53) - Starting ProjectRestApiApplication using Java 23.0.2 with PID 21244 (C:\Users\miche\Downloads\project-rest-api\build\classes\java\main started by miche in C:\Users\miche\Downloads\project-rest-api)
2025-06-23 17:46:10.268 [restartedMain] INFO  c.project.ProjectRestApiApplication.logStartupProfileInfo(652) - No active profile set, falling back to 1 default profile: "default"
2025-06-23 17:46:15.480 [restartedMain] INFO  c.project.ProjectRestApiApplication.logStarted(59) - Started ProjectRestApiApplication in 5.643 seconds (process running for 6.169)
2025-06-23 17:46:20.463 [http-nio-8081-exec-1] INFO  c.project.service.ProjektServiceImpl.getProjekty(84) - REQUEST -> GET /api/projekty?page=0&size=20&sort=
2025-06-23 17:46:20.508 [http-nio-8081-exec-2] INFO  c.project.service.ProjektServiceImpl.getProjekty(84) - REQUEST -> GET /api/projekty?page=0&size=20&sort=
2025-06-23 17:46:20.511 [http-nio-8081-exec-3] INFO  c.project.service.ProjektServiceImpl.getProjekty(84) - REQUEST -> GET /api/projekty?page=0&size=20&sort=
2025-06-23 17:46:20.514 [http-nio-8081-exec-4] INFO  c.project.service.ProjektServiceImpl.getProjekty(84) - REQUEST -> GET /api/projekty?page=0&size=20&sort=
2025-06-23 17:46:20.517 [http-nio-8081-exec-5] INFO  c.project.service.ProjektServiceImpl.getProjekty(84) - REQUEST -> GET /api/projekty?page=0&size=20&sort=
2025-06-23 17:46:20.520 [http-nio-8081-exec-6] INFO  c.project.service.ProjektServiceImpl.getProjekty(84) - REQUEST -> GET /api/projekty?page=0&size=20&sort=
2025-06-23 17:46:20.523 [http-nio-8081-exec-7] INFO  c.project.service.ProjektServiceImpl.getProjekty(84) - REQUEST -> GET /api/projekty?page=0&size=20&sort=
2025-06-23 17:46:20.526 [http-nio-8081-exec-8] INFO  c.project.service.ProjektServiceImpl.getProjekty(84) - REQUEST -> GET /api/projekty?page=0&size=20&sort=
2025-06-23 17:46:20.529 [http-nio-8081-exec-9] INFO  c.project.service.ProjektServiceImpl.getProjekty(84) - REQUEST -> GET /api/projekty?page=0&size=20&sort=
2025-06-23 17:46:20.531 [http-nio-8081-exec-10] INFO  c.project.service.ProjektServiceImpl.getProjekty(84) - REQUEST -> GET /api/projekty?page=0&size=20&sort=
2025-06-23 17:46:20.535 [http-nio-8081-exec-11] INFO  c.project.service.ProjektServiceImpl.getProjekty(84) - REQUEST -> GET /api/projekty?page=0&size=20&sort=
2025-06-23 17:46:20.537 [http-nio-8081-exec-12] INFO  c.project.service.ProjektServiceImpl.getProjekty(84) - REQUEST -> GET /api/projekty?page=0&size=20&sort=
2025-06-23 17:46:20.540 [http-nio-8081-exec-13] INFO  c.project.service.ProjektServiceImpl.getProjekty(84) - REQUEST -> GET /api/projekty?page=0&size=20&sort=
2025-06-23 17:46:20.542 [http-nio-8081-exec-14] INFO  c.project.service.ProjektServiceImpl.getProjekty(84) - REQUEST -> GET /api/projekty?page=0&size=20&sort=
2025-06-23 17:46:20.544 [http-nio-8081-exec-15] INFO  c.project.service.ProjektServiceImpl.getProjekty(84) - REQUEST -> GET /api/projekty?page=0&size=20&sort=
2025-06-23 17:46:20.548 [http-nio-8081-exec-16] INFO  c.project.service.ProjektServiceImpl.getProjekty(84) - REQUEST -> GET /api/projekty?page=0&size=20&sort=
2025-06-23 17:46:20.552 [http-nio-8081-exec-17] INFO  c.project.service.ProjektServiceImpl.getProjekty(84) - REQUEST -> GET /api/projekty?page=0&size=20&sort=
2025-06-23 17:46:20.555 [http-nio-8081-exec-18] INFO  c.project.service.ProjektServiceImpl.getProjekty(84) - REQUEST -> GET /api/projekty?page=0&size=20&sort=
2025-06-23 17:46:20.558 [http-nio-8081-exec-19] INFO  c.project.service.ProjektServiceImpl.getProjekty(84) - REQUEST -> GET /api/projekty?page=0&size=20&sort=
2025-06-23 17:46:20.560 [http-nio-8081-exec-20] INFO  c.project.service.ProjektServiceImpl.getProjekty(84) - REQUEST -> GET /api/projekty?page=0&size=20&sort=
2025-06-23 17:46:20.563 [http-nio-8081-exec-21] INFO  c.project.service.ProjektServiceImpl.getProjekty(84) - REQUEST -> GET /api/projekty?page=0&size=20&sort=
2025-06-23 17:46:20.567 [http-nio-8081-exec-22] INFO  c.project.service.ProjektServiceImpl.getProjekty(84) - REQUEST -> GET /api/projekty?page=0&size=20&sort=
2025-06-23 17:46:20.576 [http-nio-8081-exec-23] INFO  c.project.service.ProjektServiceImpl.getProjekty(84) - REQUEST -> GET /api/projekty?page=0&size=20&sort=
2025-06-23 17:46:20.579 [http-nio-8081-exec-24] INFO  c.project.service.ProjektServiceImpl.getProjekty(84) - REQUEST -> GET /api/projekty?page=0&size=20&sort=
2025-06-23 17:46:20.582 [http-nio-8081-exec-25] INFO  c.project.service.ProjektServiceImpl.getProjekty(84) - REQUEST -> GET /api/projekty?page=0&size=20&sort=
2025-06-23 17:46:20.585 [http-nio-8081-exec-26] INFO  c.project.service.ProjektServiceImpl.getProjekty(84) - REQUEST -> GET /api/projekty?page=0&size=20&sort=
2025-06-23 17:46:20.588 [http-nio-8081-exec-27] INFO  c.project.service.ProjektServiceImpl.getProjekty(84) - REQUEST -> GET /api/projekty?page=0&size=20&sort=
2025-06-23 17:46:20.591 [http-nio-8081-exec-28] INFO  c.project.service.ProjektServiceImpl.getProjekty(84) - REQUEST -> GET /api/projekty?page=0&size=20&sort=
2025-06-23 17:46:20.593 [http-nio-8081-exec-29] INFO  c.project.service.ProjektServiceImpl.getProjekty(84) - REQUEST -> GET /api/projekty?page=0&size=20&sort=
2025-06-23 17:46:20.597 [http-nio-8081-exec-30] INFO  c.project.service.ProjektServiceImpl.getProjekty(84) - REQUEST -> GET /api/projekty?page=0&size=20&sort=
2025-06-23 17:46:20.600 [http-nio-8081-exec-31] INFO  c.project.service.ProjektServiceImpl.getProjekty(84) - REQUEST -> GET /api/projekty?page=0&size=20&sort=
2025-06-23 17:46:20.603 [http-nio-8081-exec-32] INFO  c.project.service.ProjektServiceImpl.getProjekty(84) - REQUEST -> GET /api/projekty?page=0&size=20&sort=
2025-06-23 17:46:20.606 [http-nio-8081-exec-33] INFO  c.project.service.ProjektServiceImpl.getProjekty(84) - REQUEST -> GET /api/projekty?page=0&size=20&sort=
2025-06-23 17:46:20.608 [http-nio-8081-exec-34] INFO  c.project.service.ProjektServiceImpl.getProjekty(84) - REQUEST -> GET /api/projekty?page=0&size=20&sort=
2025-06-23 17:46:20.610 [http-nio-8081-exec-35] INFO  c.project.service.ProjektServiceImpl.getProjekty(84) - REQUEST -> GET /api/projekty?page=0&size=20&sort=
2025-06-23 17:46:20.612 [http-nio-8081-exec-36] INFO  c.project.service.ProjektServiceImpl.getProjekty(84) - REQUEST -> GET /api/projekty?page=0&size=20&sort=
2025-06-23 17:46:20.615 [http-nio-8081-exec-37] INFO  c.project.service.ProjektServiceImpl.getProjekty(84) - REQUEST -> GET /api/projekty?page=0&size=20&sort=
2025-06-23 17:46:20.618 [http-nio-8081-exec-38] INFO  c.project.service.ProjektServiceImpl.getProjekty(84) - REQUEST -> GET /api/projekty?page=0&size=20&sort=
2025-06-23 17:46:20.621 [http-nio-8081-exec-39] INFO  c.project.service.ProjektServiceImpl.getProjekty(84) - REQUEST -> GET /api/projekty?page=0&size=20&sort=
2025-06-23 17:46:20.623 [http-nio-8081-exec-40] INFO  c.project.service.ProjektServiceImpl.getProjekty(84) - REQUEST -> GET /api/projekty?page=0&size=20&sort=
2025-06-23 17:46:20.625 [http-nio-8081-exec-41] INFO  c.project.service.ProjektServiceImpl.getProjekty(84) - REQUEST -> GET /api/projekty?page=0&size=20&sort=
2025-06-23 17:46:20.628 [http-nio-8081-exec-42] INFO  c.project.service.ProjektServiceImpl.getProjekty(84) - REQUEST -> GET /api/projekty?page=0&size=20&sort=
2025-06-23 17:46:20.632 [http-nio-8081-exec-43] INFO  c.project.service.ProjektServiceImpl.getProjekty(84) - REQUEST -> GET /api/projekty?page=0&size=20&sort=
2025-06-23 17:46:20.636 [http-nio-8081-exec-44] INFO  c.project.service.ProjektServiceImpl.getProjekty(84) - REQUEST -> GET /api/projekty?page=0&size=20&sort=
2025-06-23 17:46:20.639 [http-nio-8081-exec-45] INFO  c.project.service.ProjektServiceImpl.getProjekty(84) - REQUEST -> GET /api/projekty?page=0&size=20&sort=
2025-06-23 17:46:20.642 [http-nio-8081-exec-46] INFO  c.project.service.ProjektServiceImpl.getProjekty(84) - REQUEST -> GET /api/projekty?page=0&size=20&sort=
2025-06-23 17:46:20.645 [http-nio-8081-exec-47] INFO  c.project.service.ProjektServiceImpl.getProjekty(84) - REQUEST -> GET /api/projekty?page=0&size=20&sort=
2025-06-23 17:46:20.648 [http-nio-8081-exec-48] INFO  c.project.service.ProjektServiceImpl.getProjekty(84) - REQUEST -> GET /api/projekty?page=0&size=20&sort=
2025-06-23 17:46:20.652 [http-nio-8081-exec-49] INFO  c.project.service.ProjektServiceImpl.getProjekty(84) - REQUEST -> GET /api/projekty?page=0&size=20&sort=
2025-06-23 17:46:20.655 [http-nio-8081-exec-50] INFO  c.project.service.ProjektServiceImpl.getProjekty(84) - REQUEST -> GET /api/projekty?page=0&size=20&sort=
2025-06-23 17:46:20.658 [http-nio-8081-exec-51] INFO  c.project.service.ProjektServiceImpl.getProjekty(84) - REQUEST -> GET /api/projekty?page=0&size=20&sort=
2025-06-23 17:46:20.661 [http-nio-8081-exec-52] INFO  c.project.service.ProjektServiceImpl.getProjekty(84) - REQUEST -> GET /api/projekty?page=0&size=20&sort=
2025-06-23 17:46:20.664 [http-nio-8081-exec-53] INFO  c.project.service.ProjektServiceImpl.getProjekty(84) - REQUEST -> GET /api/projekty?page=0&size=20&sort=
2025-06-23 17:46:20.667 [http-nio-8081-exec-54] INFO  c.project.service.ProjektServiceImpl.getProjekty(84) - REQUEST -> GET /api/projekty?page=0&size=20&sort=
2025-06-23 17:46:20.671 [http-nio-8081-exec-55] INFO  c.project.service.ProjektServiceImpl.getProjekty(84) - REQUEST -> GET /api/projekty?page=0&size=20&sort=
2025-06-23 17:46:20.674 [http-nio-8081-exec-56] INFO  c.project.service.ProjektServiceImpl.getProjekty(84) - REQUEST -> GET /api/projekty?page=0&size=20&sort=
2025-06-23 17:46:20.677 [http-nio-8081-exec-57] INFO  c.project.service.ProjektServiceImpl.getProjekty(84) - REQUEST -> GET /api/projekty?page=0&size=20&sort=
2025-06-23 17:46:20.679 [http-nio-8081-exec-58] INFO  c.project.service.ProjektServiceImpl.getProjekty(84) - REQUEST -> GET /api/projekty?page=0&size=20&sort=
2025-06-23 17:46:20.681 [http-nio-8081-exec-59] INFO  c.project.service.ProjektServiceImpl.getProjekty(84) - REQUEST -> GET /api/projekty?page=0&size=20&sort=
2025-06-23 17:46:20.683 [http-nio-8081-exec-60] INFO  c.project.service.ProjektServiceImpl.getProjekty(84) - REQUEST -> GET /api/projekty?page=0&size=20&sort=
2025-06-23 17:46:20.685 [http-nio-8081-exec-61] INFO  c.project.service.ProjektServiceImpl.getProjekty(84) - REQUEST -> GET /api/projekty?page=0&size=20&sort=
2025-06-23 17:46:20.688 [http-nio-8081-exec-62] INFO  c.project.service.ProjektServiceImpl.getProjekty(84) - REQUEST -> GET /api/projekty?page=0&size=20&sort=
2025-06-23 17:46:20.692 [http-nio-8081-exec-63] INFO  c.project.service.ProjektServiceImpl.getProjekty(84) - REQUEST -> GET /api/projekty?page=0&size=20&sort=
2025-06-23 17:46:20.696 [http-nio-8081-exec-64] INFO  c.project.service.ProjektServiceImpl.getProjekty(84) - REQUEST -> GET /api/projekty?page=0&size=20&sort=
2025-06-23 17:46:20.700 [http-nio-8081-exec-65] INFO  c.project.service.ProjektServiceImpl.getProjekty(84) - REQUEST -> GET /api/projekty?page=0&size=20&sort=
2025-06-23 17:46:20.703 [http-nio-8081-exec-66] INFO  c.project.service.ProjektServiceImpl.getProjekty(84) - REQUEST -> GET /api/projekty?page=0&size=20&sort=
2025-06-23 17:46:20.706 [http-nio-8081-exec-67] INFO  c.project.service.ProjektServiceImpl.getProjekty(84) - REQUEST -> GET /api/projekty?page=0&size=20&sort=
2025-06-23 17:46:20.709 [http-nio-8081-exec-68] INFO  c.project.service.ProjektServiceImpl.getProjekty(84) - REQUEST -> GET /api/projekty?page=0&size=20&sort=
2025-06-23 17:46:20.712 [http-nio-8081-exec-69] INFO  c.project.service.ProjektServiceImpl.getProjekty(84) - REQUEST -> GET /api/projekty?page=0&size=20&sort=
2025-06-23 17:46:20.716 [http-nio-8081-exec-70] INFO  c.project.service.ProjektServiceImpl.getProjekty(84) - REQUEST -> GET /api/projekty?page=0&size=20&sort=
2025-06-23 17:46:20.718 [http-nio-8081-exec-71] INFO  c.project.service.ProjektServiceImpl.getProjekty(84) - REQUEST -> GET /api/projekty?page=0&size=20&sort=
2025-06-23 17:46:20.720 [http-nio-8081-exec-72] INFO  c.project.service.ProjektServiceImpl.getProjekty(84) - REQUEST -> GET /api/projekty?page=0&size=20&sort=
2025-06-23 17:46:20.723 [http-nio-8081-exec-73] INFO  c.project.service.ProjektServiceImpl.getProjekty(84) - REQUEST -> GET /api/projekty?page=0&size=20&sort=
2025-06-23 17:46:20.727 [http-nio-8081-exec-74] INFO  c.project.service.ProjektServiceImpl.getProjekty(84) - REQUEST -> GET /api/projekty?page=0&size=20&sort=
2025-06-23 17:46:20.730 [http-nio-8081-exec-75] INFO  c.project.service.ProjektServiceImpl.getProjekty(84) - REQUEST -> GET /api/projekty?page=0&size=20&sort=
2025-06-23 17:46:20.732 [http-nio-8081-exec-76] INFO  c.project.service.ProjektServiceImpl.getProjekty(84) - REQUEST -> GET /api/projekty?page=0&size=20&sort=
2025-06-23 17:46:20.735 [http-nio-8081-exec-77] INFO  c.project.service.ProjektServiceImpl.getProjekty(84) - REQUEST -> GET /api/projekty?page=0&size=20&sort=
2025-06-23 17:46:20.737 [http-nio-8081-exec-78] INFO  c.project.service.ProjektServiceImpl.getProjekty(84) - REQUEST -> GET /api/projekty?page=0&size=20&sort=
2025-06-23 17:46:20.740 [http-nio-8081-exec-79] INFO  c.project.service.ProjektServiceImpl.getProjekty(84) - REQUEST -> GET /api/projekty?page=0&size=20&sort=
2025-06-23 17:46:20.742 [http-nio-8081-exec-80] INFO  c.project.service.ProjektServiceImpl.getProjekty(84) - REQUEST -> GET /api/projekty?page=0&size=20&sort=
2025-06-23 17:46:20.743 [http-nio-8081-exec-81] INFO  c.project.service.ProjektServiceImpl.getProjekty(84) - REQUEST -> GET /api/projekty?page=0&size=20&sort=
2025-06-23 17:46:20.746 [http-nio-8081-exec-82] INFO  c.project.service.ProjektServiceImpl.getProjekty(84) - REQUEST -> GET /api/projekty?page=0&size=20&sort=
2025-06-23 17:46:20.749 [http-nio-8081-exec-83] INFO  c.project.service.ProjektServiceImpl.getProjekty(84) - REQUEST -> GET /api/projekty?page=0&size=20&sort=
2025-06-23 17:46:20.751 [http-nio-8081-exec-84] INFO  c.project.service.ProjektServiceImpl.getProjekty(84) - REQUEST -> GET /api/projekty?page=0&size=20&sort=
2025-06-23 17:46:20.753 [http-nio-8081-exec-85] INFO  c.project.service.ProjektServiceImpl.getProjekty(84) - REQUEST -> GET /api/projekty?page=0&size=20&sort=
2025-06-23 17:46:20.756 [http-nio-8081-exec-86] INFO  c.project.service.ProjektServiceImpl.getProjekty(84) - REQUEST -> GET /api/projekty?page=0&size=20&sort=
2025-06-23 17:46:20.761 [http-nio-8081-exec-87] INFO  c.project.service.ProjektServiceImpl.getProjekty(84) - REQUEST -> GET /api/projekty?page=0&size=20&sort=
2025-06-23 17:46:20.764 [http-nio-8081-exec-88] INFO  c.project.service.ProjektServiceImpl.getProjekty(84) - REQUEST -> GET /api/projekty?page=0&size=20&sort=
2025-06-23 17:46:20.766 [http-nio-8081-exec-89] INFO  c.project.service.ProjektServiceImpl.getProjekty(84) - REQUEST -> GET /api/projekty?page=0&size=20&sort=
2025-06-23 17:46:20.768 [http-nio-8081-exec-90] INFO  c.project.service.ProjektServiceImpl.getProjekty(84) - REQUEST -> GET /api/projekty?page=0&size=20&sort=
2025-06-23 17:46:20.770 [http-nio-8081-exec-91] INFO  c.project.service.ProjektServiceImpl.getProjekty(84) - REQUEST -> GET /api/projekty?page=0&size=20&sort=
2025-06-23 17:46:20.772 [http-nio-8081-exec-92] INFO  c.project.service.ProjektServiceImpl.getProjekty(84) - REQUEST -> GET /api/projekty?page=0&size=20&sort=
2025-06-23 17:46:20.774 [http-nio-8081-exec-93] INFO  c.project.service.ProjektServiceImpl.getProjekty(84) - REQUEST -> GET /api/projekty?page=0&size=20&sort=
2025-06-23 17:46:20.776 [http-nio-8081-exec-94] INFO  c.project.service.ProjektServiceImpl.getProjekty(84) - REQUEST -> GET /api/projekty?page=0&size=20&sort=
2025-06-23 17:46:20.777 [http-nio-8081-exec-95] INFO  c.project.service.ProjektServiceImpl.getProjekty(84) - REQUEST -> GET /api/projekty?page=0&size=20&sort=
2025-06-23 17:46:20.780 [http-nio-8081-exec-96] INFO  c.project.service.ProjektServiceImpl.getProjekty(84) - REQUEST -> GET /api/projekty?page=0&size=20&sort=
2025-06-23 17:46:20.781 [http-nio-8081-exec-97] INFO  c.project.service.ProjektServiceImpl.getProjekty(84) - REQUEST -> GET /api/projekty?page=0&size=20&sort=
2025-06-23 17:46:20.784 [http-nio-8081-exec-98] INFO  c.project.service.ProjektServiceImpl.getProjekty(84) - REQUEST -> GET /api/projekty?page=0&size=20&sort=
2025-06-23 17:46:20.785 [http-nio-8081-exec-99] INFO  c.project.service.ProjektServiceImpl.getProjekty(84) - REQUEST -> GET /api/projekty?page=0&size=20&sort=
2025-06-23 17:46:20.787 [http-nio-8081-exec-100] INFO  c.project.service.ProjektServiceImpl.getProjekty(84) - REQUEST -> GET /api/projekty?page=0&size=20&sort=
2025-06-23 17:46:20.790 [http-nio-8081-exec-101] INFO  c.project.service.ProjektServiceImpl.getProjekty(84) - REQUEST -> GET /api/projekty?page=0&size=20&sort=
2025-06-23 17:46:20.792 [http-nio-8081-exec-102] INFO  c.project.service.ProjektServiceImpl.getProjekty(84) - REQUEST -> GET /api/projekty?page=0&size=20&sort=
2025-06-23 17:46:20.794 [http-nio-8081-exec-103] INFO  c.project.service.ProjektServiceImpl.getProjekty(84) - REQUEST -> GET /api/projekty?page=0&size=20&sort=
2025-06-23 17:46:20.797 [http-nio-8081-exec-104] INFO  c.project.service.ProjektServiceImpl.getProjekty(84) - REQUEST -> GET /api/projekty?page=0&size=20&sort=
2025-06-23 17:46:20.799 [http-nio-8081-exec-105] INFO  c.project.service.ProjektServiceImpl.getProjekty(84) - REQUEST -> GET /api/projekty?page=0&size=20&sort=
2025-06-23 17:46:20.802 [http-nio-8081-exec-106] INFO  c.project.service.ProjektServiceImpl.getProjekty(84) - REQUEST -> GET /api/projekty?page=0&size=20&sort=
2025-06-23 17:46:20.804 [http-nio-8081-exec-107] INFO  c.project.service.ProjektServiceImpl.getProjekty(84) - REQUEST -> GET /api/projekty?page=0&size=20&sort=
2025-06-23 17:46:20.806 [http-nio-8081-exec-108] INFO  c.project.service.ProjektServiceImpl.getProjekty(84) - REQUEST -> GET /api/projekty?page=0&size=20&sort=
2025-06-23 17:46:20.808 [http-nio-8081-exec-109] INFO  c.project.service.ProjektServiceImpl.getProjekty(84) - REQUEST -> GET /api/projekty?page=0&size=20&sort=
2025-06-23 17:46:20.811 [http-nio-8081-exec-110] INFO  c.project.service.ProjektServiceImpl.getProjekty(84) - REQUEST -> GET /api/projekty?page=0&size=20&sort=
2025-06-23 17:46:20.812 [http-nio-8081-exec-111] INFO  c.project.service.ProjektServiceImpl.getProjekty(84) - REQUEST -> GET /api/projekty?page=0&size=20&sort=
2025-06-23 17:46:20.814 [http-nio-8081-exec-112] INFO  c.project.service.ProjektServiceImpl.getProjekty(84) - REQUEST -> GET /api/projekty?page=0&size=20&sort=
2025-06-23 17:46:20.816 [http-nio-8081-exec-113] INFO  c.project.service.ProjektServiceImpl.getProjekty(84) - REQUEST -> GET /api/projekty?page=0&size=20&sort=
2025-06-23 17:46:20.819 [http-nio-8081-exec-114] INFO  c.project.service.ProjektServiceImpl.getProjekty(84) - REQUEST -> GET /api/projekty?page=0&size=20&sort=
2025-06-23 17:46:20.820 [http-nio-8081-exec-115] INFO  c.project.service.ProjektServiceImpl.getProjekty(84) - REQUEST -> GET /api/projekty?page=0&size=20&sort=
2025-06-23 17:46:20.822 [http-nio-8081-exec-116] INFO  c.project.service.ProjektServiceImpl.getProjekty(84) - REQUEST -> GET /api/projekty?page=0&size=20&sort=
2025-06-23 17:46:20.825 [http-nio-8081-exec-117] INFO  c.project.service.ProjektServiceImpl.getProjekty(84) - REQUEST -> GET /api/projekty?page=0&size=20&sort=
2025-06-23 17:46:20.828 [http-nio-8081-exec-118] INFO  c.project.service.ProjektServiceImpl.getProjekty(84) - REQUEST -> GET /api/projekty?page=0&size=20&sort=
2025-06-23 17:46:20.831 [http-nio-8081-exec-119] INFO  c.project.service.ProjektServiceImpl.getProjekty(84) - REQUEST -> GET /api/projekty?page=0&size=20&sort=
2025-06-23 17:46:20.834 [http-nio-8081-exec-120] INFO  c.project.service.ProjektServiceImpl.getProjekty(84) - REQUEST -> GET /api/projekty?page=0&size=20&sort=
2025-06-23 17:46:20.837 [http-nio-8081-exec-121] INFO  c.project.service.ProjektServiceImpl.getProjekty(84) - REQUEST -> GET /api/projekty?page=0&size=20&sort=
2025-06-23 17:46:20.840 [http-nio-8081-exec-122] INFO  c.project.service.ProjektServiceImpl.getProjekty(84) - REQUEST -> GET /api/projekty?page=0&size=20&sort=
2025-06-23 17:46:20.843 [http-nio-8081-exec-123] INFO  c.project.service.ProjektServiceImpl.getProjekty(84) - REQUEST -> GET /api/projekty?page=0&size=20&sort=
2025-06-23 17:46:20.846 [http-nio-8081-exec-124] INFO  c.project.service.ProjektServiceImpl.getProjekty(84) - REQUEST -> GET /api/projekty?page=0&size=20&sort=
2025-06-23 17:46:20.849 [http-nio-8081-exec-125] INFO  c.project.service.ProjektServiceImpl.getProjekty(84) - REQUEST -> GET /api/projekty?page=0&size=20&sort=
2025-06-23 17:46:20.852 [http-nio-8081-exec-126] INFO  c.project.service.ProjektServiceImpl.getProjekty(84) - REQUEST -> GET /api/projekty?page=0&size=20&sort=
2025-06-23 17:46:20.856 [http-nio-8081-exec-127] INFO  c.project.service.ProjektServiceImpl.getProjekty(84) - REQUEST -> GET /api/projekty?page=0&size=20&sort=
2025-06-23 17:46:20.867 [http-nio-8081-exec-128] INFO  c.project.service.ProjektServiceImpl.getProjekty(84) - REQUEST -> GET /api/projekty?page=0&size=20&sort=
2025-06-23 17:46:20.875 [http-nio-8081-exec-129] INFO  c.project.service.ProjektServiceImpl.getProjekty(84) - REQUEST -> GET /api/projekty?page=0&size=20&sort=
2025-06-23 17:46:20.879 [http-nio-8081-exec-130] INFO  c.project.service.ProjektServiceImpl.getProjekty(84) - REQUEST -> GET /api/projekty?page=0&size=20&sort=
2025-06-23 17:46:20.882 [http-nio-8081-exec-131] INFO  c.project.service.ProjektServiceImpl.getProjekty(84) - REQUEST -> GET /api/projekty?page=0&size=20&sort=
2025-06-23 17:46:20.889 [http-nio-8081-exec-132] INFO  c.project.service.ProjektServiceImpl.getProjekty(84) - REQUEST -> GET /api/projekty?page=0&size=20&sort=
2025-06-23 17:46:20.895 [http-nio-8081-exec-133] INFO  c.project.service.ProjektServiceImpl.getProjekty(84) - REQUEST -> GET /api/projekty?page=0&size=20&sort=
2025-06-23 17:46:20.898 [http-nio-8081-exec-134] INFO  c.project.service.ProjektServiceImpl.getProjekty(84) - REQUEST -> GET /api/projekty?page=0&size=20&sort=
2025-06-23 17:46:20.901 [http-nio-8081-exec-135] INFO  c.project.service.ProjektServiceImpl.getProjekty(84) - REQUEST -> GET /api/projekty?page=0&size=20&sort=
2025-06-23 17:46:20.903 [http-nio-8081-exec-136] INFO  c.project.service.ProjektServiceImpl.getProjekty(84) - REQUEST -> GET /api/projekty?page=0&size=20&sort=
2025-06-23 17:46:20.906 [http-nio-8081-exec-137] INFO  c.project.service.ProjektServiceImpl.getProjekty(84) - REQUEST -> GET /api/projekty?page=0&size=20&sort=
2025-06-23 17:46:20.909 [http-nio-8081-exec-138] INFO  c.project.service.ProjektServiceImpl.getProjekty(84) - REQUEST -> GET /api/projekty?page=0&size=20&sort=
2025-06-23 17:46:20.912 [http-nio-8081-exec-139] INFO  c.project.service.ProjektServiceImpl.getProjekty(84) - REQUEST -> GET /api/projekty?page=0&size=20&sort=
2025-06-23 17:46:20.915 [http-nio-8081-exec-140] INFO  c.project.service.ProjektServiceImpl.getProjekty(84) - REQUEST -> GET /api/projekty?page=0&size=20&sort=
2025-06-23 17:46:20.917 [http-nio-8081-exec-141] INFO  c.project.service.ProjektServiceImpl.getProjekty(84) - REQUEST -> GET /api/projekty?page=0&size=20&sort=
2025-06-23 17:46:20.920 [http-nio-8081-exec-142] INFO  c.project.service.ProjektServiceImpl.getProjekty(84) - REQUEST -> GET /api/projekty?page=0&size=20&sort=
2025-06-23 17:46:20.923 [http-nio-8081-exec-143] INFO  c.project.service.ProjektServiceImpl.getProjekty(84) - REQUEST -> GET /api/projekty?page=0&size=20&sort=
2025-06-23 17:46:20.926 [http-nio-8081-exec-144] INFO  c.project.service.ProjektServiceImpl.getProjekty(84) - REQUEST -> GET /api/projekty?page=0&size=20&sort=
2025-06-23 17:46:20.929 [http-nio-8081-exec-145] INFO  c.project.service.ProjektServiceImpl.getProjekty(84) - REQUEST -> GET /api/projekty?page=0&size=20&sort=
2025-06-23 17:46:20.931 [http-nio-8081-exec-146] INFO  c.project.service.ProjektServiceImpl.getProjekty(84) - REQUEST -> GET /api/projekty?page=0&size=20&sort=
2025-06-23 17:46:20.934 [http-nio-8081-exec-147] INFO  c.project.service.ProjektServiceImpl.getProjekty(84) - REQUEST -> GET /api/projekty?page=0&size=20&sort=
2025-06-23 17:46:20.937 [http-nio-8081-exec-148] INFO  c.project.service.ProjektServiceImpl.getProjekty(84) - REQUEST -> GET /api/projekty?page=0&size=20&sort=
2025-06-23 17:46:20.940 [http-nio-8081-exec-149] INFO  c.project.service.ProjektServiceImpl.getProjekty(84) - REQUEST -> GET /api/projekty?page=0&size=20&sort=
2025-06-23 17:46:20.942 [http-nio-8081-exec-150] INFO  c.project.service.ProjektServiceImpl.getProjekty(84) - REQUEST -> GET /api/projekty?page=0&size=20&sort=
2025-06-23 17:46:20.944 [http-nio-8081-exec-151] INFO  c.project.service.ProjektServiceImpl.getProjekty(84) - REQUEST -> GET /api/projekty?page=0&size=20&sort=
2025-06-23 17:46:20.946 [http-nio-8081-exec-152] INFO  c.project.service.ProjektServiceImpl.getProjekty(84) - REQUEST -> GET /api/projekty?page=0&size=20&sort=
2025-06-23 17:46:20.948 [http-nio-8081-exec-153] INFO  c.project.service.ProjektServiceImpl.getProjekty(84) - REQUEST -> GET /api/projekty?page=0&size=20&sort=
2025-06-23 17:46:20.949 [http-nio-8081-exec-154] INFO  c.project.service.ProjektServiceImpl.getProjekty(84) - REQUEST -> GET /api/projekty?page=0&size=20&sort=
2025-06-23 17:46:20.951 [http-nio-8081-exec-155] INFO  c.project.service.ProjektServiceImpl.getProjekty(84) - REQUEST -> GET /api/projekty?page=0&size=20&sort=
2025-06-23 17:46:20.953 [http-nio-8081-exec-156] INFO  c.project.service.ProjektServiceImpl.getProjekty(84) - REQUEST -> GET /api/projekty?page=0&size=20&sort=
2025-06-23 17:46:20.954 [http-nio-8081-exec-157] INFO  c.project.service.ProjektServiceImpl.getProjekty(84) - REQUEST -> GET /api/projekty?page=0&size=20&sort=
2025-06-23 17:46:20.955 [http-nio-8081-exec-158] INFO  c.project.service.ProjektServiceImpl.getProjekty(84) - REQUEST -> GET /api/projekty?page=0&size=20&sort=
2025-06-23 17:46:20.958 [http-nio-8081-exec-159] INFO  c.project.service.ProjektServiceImpl.getProjekty(84) - REQUEST -> GET /api/projekty?page=0&size=20&sort=
2025-06-23 17:46:20.959 [http-nio-8081-exec-160] INFO  c.project.service.ProjektServiceImpl.getProjekty(84) - REQUEST -> GET /api/projekty?page=0&size=20&sort=
2025-06-23 17:46:20.961 [http-nio-8081-exec-161] INFO  c.project.service.ProjektServiceImpl.getProjekty(84) - REQUEST -> GET /api/projekty?page=0&size=20&sort=
2025-06-23 17:46:20.963 [http-nio-8081-exec-162] INFO  c.project.service.ProjektServiceImpl.getProjekty(84) - REQUEST -> GET /api/projekty?page=0&size=20&sort=
2025-06-23 17:46:20.964 [http-nio-8081-exec-163] INFO  c.project.service.ProjektServiceImpl.getProjekty(84) - REQUEST -> GET /api/projekty?page=0&size=20&sort=
2025-06-23 17:46:20.965 [http-nio-8081-exec-164] INFO  c.project.service.ProjektServiceImpl.getProjekty(84) - REQUEST -> GET /api/projekty?page=0&size=20&sort=
2025-06-23 17:46:20.968 [http-nio-8081-exec-165] INFO  c.project.service.ProjektServiceImpl.getProjekty(84) - REQUEST -> GET /api/projekty?page=0&size=20&sort=
2025-06-23 17:46:20.969 [http-nio-8081-exec-166] INFO  c.project.service.ProjektServiceImpl.getProjekty(84) - REQUEST -> GET /api/projekty?page=0&size=20&sort=
2025-06-23 17:46:20.970 [http-nio-8081-exec-167] INFO  c.project.service.ProjektServiceImpl.getProjekty(84) - REQUEST -> GET /api/projekty?page=0&size=20&sort=
2025-06-23 17:46:20.971 [http-nio-8081-exec-168] INFO  c.project.service.ProjektServiceImpl.getProjekty(84) - REQUEST -> GET /api/projekty?page=0&size=20&sort=
2025-06-23 17:46:20.974 [http-nio-8081-exec-169] INFO  c.project.service.ProjektServiceImpl.getProjekty(84) - REQUEST -> GET /api/projekty?page=0&size=20&sort=
2025-06-23 17:46:20.976 [http-nio-8081-exec-170] INFO  c.project.service.ProjektServiceImpl.getProjekty(84) - REQUEST -> GET /api/projekty?page=0&size=20&sort=
2025-06-23 17:46:20.978 [http-nio-8081-exec-171] INFO  c.project.service.ProjektServiceImpl.getProjekty(84) - REQUEST -> GET /api/projekty?page=0&size=20&sort=
2025-06-23 17:46:20.980 [http-nio-8081-exec-172] INFO  c.project.service.ProjektServiceImpl.getProjekty(84) - REQUEST -> GET /api/projekty?page=0&size=20&sort=
2025-06-23 17:46:20.981 [http-nio-8081-exec-173] INFO  c.project.service.ProjektServiceImpl.getProjekty(84) - REQUEST -> GET /api/projekty?page=0&size=20&sort=
2025-06-23 17:46:20.983 [http-nio-8081-exec-174] INFO  c.project.service.ProjektServiceImpl.getProjekty(84) - REQUEST -> GET /api/projekty?page=0&size=20&sort=
2025-06-23 17:46:20.985 [http-nio-8081-exec-175] INFO  c.project.service.ProjektServiceImpl.getProjekty(84) - REQUEST -> GET /api/projekty?page=0&size=20&sort=
2025-06-23 17:46:20.986 [http-nio-8081-exec-176] INFO  c.project.service.ProjektServiceImpl.getProjekty(84) - REQUEST -> GET /api/projekty?page=0&size=20&sort=
2025-06-23 17:46:20.989 [http-nio-8081-exec-177] INFO  c.project.service.ProjektServiceImpl.getProjekty(84) - REQUEST -> GET /api/projekty?page=0&size=20&sort=
2025-06-23 17:46:20.990 [http-nio-8081-exec-178] INFO  c.project.service.ProjektServiceImpl.getProjekty(84) - REQUEST -> GET /api/projekty?page=0&size=20&sort=
2025-06-23 17:46:20.991 [http-nio-8081-exec-179] INFO  c.project.service.ProjektServiceImpl.getProjekty(84) - REQUEST -> GET /api/projekty?page=0&size=20&sort=
2025-06-23 17:46:20.992 [http-nio-8081-exec-180] INFO  c.project.service.ProjektServiceImpl.getProjekty(84) - REQUEST -> GET /api/projekty?page=0&size=20&sort=
2025-06-23 17:46:20.995 [http-nio-8081-exec-181] INFO  c.project.service.ProjektServiceImpl.getProjekty(84) - REQUEST -> GET /api/projekty?page=0&size=20&sort=
2025-06-23 17:46:20.996 [http-nio-8081-exec-182] INFO  c.project.service.ProjektServiceImpl.getProjekty(84) - REQUEST -> GET /api/projekty?page=0&size=20&sort=
2025-06-23 17:46:20.998 [http-nio-8081-exec-183] INFO  c.project.service.ProjektServiceImpl.getProjekty(84) - REQUEST -> GET /api/projekty?page=0&size=20&sort=
2025-06-23 17:46:21.000 [http-nio-8081-exec-184] INFO  c.project.service.ProjektServiceImpl.getProjekty(84) - REQUEST -> GET /api/projekty?page=0&size=20&sort=
2025-06-23 17:46:21.001 [http-nio-8081-exec-185] INFO  c.project.service.ProjektServiceImpl.getProjekty(84) - REQUEST -> GET /api/projekty?page=0&size=20&sort=
2025-06-23 17:46:21.003 [http-nio-8081-exec-186] INFO  c.project.service.ProjektServiceImpl.getProjekty(84) - REQUEST -> GET /api/projekty?page=0&size=20&sort=
2025-06-23 17:46:21.005 [http-nio-8081-exec-187] INFO  c.project.service.ProjektServiceImpl.getProjekty(84) - REQUEST -> GET /api/projekty?page=0&size=20&sort=
2025-06-23 17:46:21.007 [http-nio-8081-exec-188] INFO  c.project.service.ProjektServiceImpl.getProjekty(84) - REQUEST -> GET /api/projekty?page=0&size=20&sort=
2025-06-23 17:46:21.009 [http-nio-8081-exec-189] INFO  c.project.service.ProjektServiceImpl.getProjekty(84) - REQUEST -> GET /api/projekty?page=0&size=20&sort=
2025-06-23 17:46:21.011 [http-nio-8081-exec-190] INFO  c.project.service.ProjektServiceImpl.getProjekty(84) - REQUEST -> GET /api/projekty?page=0&size=20&sort=
2025-06-23 17:46:21.013 [http-nio-8081-exec-191] INFO  c.project.service.ProjektServiceImpl.getProjekty(84) - REQUEST -> GET /api/projekty?page=0&size=20&sort=
2025-06-23 17:46:21.017 [http-nio-8081-exec-192] INFO  c.project.service.ProjektServiceImpl.getProjekty(84) - REQUEST -> GET /api/projekty?page=0&size=20&sort=
2025-06-23 17:46:21.020 [http-nio-8081-exec-193] INFO  c.project.service.ProjektServiceImpl.getProjekty(84) - REQUEST -> GET /api/projekty?page=0&size=20&sort=
2025-06-23 17:46:21.023 [http-nio-8081-exec-194] INFO  c.project.service.ProjektServiceImpl.getProjekty(84) - REQUEST -> GET /api/projekty?page=0&size=20&sort=
2025-06-23 17:46:21.025 [http-nio-8081-exec-195] INFO  c.project.service.ProjektServiceImpl.getProjekty(84) - REQUEST -> GET /api/projekty?page=0&size=20&sort=
2025-06-23 17:46:21.027 [http-nio-8081-exec-196] INFO  c.project.service.ProjektServiceImpl.getProjekty(84) - REQUEST -> GET /api/projekty?page=0&size=20&sort=
2025-06-23 17:46:21.028 [http-nio-8081-exec-197] INFO  c.project.service.ProjektServiceImpl.getProjekty(84) - REQUEST -> GET /api/projekty?page=0&size=20&sort=
2025-06-23 17:46:21.030 [http-nio-8081-exec-198] INFO  c.project.service.ProjektServiceImpl.getProjekty(84) - REQUEST -> GET /api/projekty?page=0&size=20&sort=
2025-06-23 17:46:21.035 [http-nio-8081-exec-199] INFO  c.project.service.ProjektServiceImpl.getProjekty(84) - REQUEST -> GET /api/projekty?page=0&size=20&sort=
2025-06-23 17:46:21.037 [http-nio-8081-exec-200] INFO  c.project.service.ProjektServiceImpl.getProjekty(84) - REQUEST -> GET /api/projekty?page=0&size=20&sort=
2025-06-23 17:46:31.587 [restartedMain] INFO  c.project.ProjectRestApiApplication.logStarting(53) - Starting ProjectRestApiApplication using Java 23.0.2 with PID 2244 (C:\Users\miche\Downloads\project-rest-api\build\classes\java\main started by miche in C:\Users\miche\Downloads\project-rest-api)
2025-06-23 17:46:31.588 [restartedMain] INFO  c.project.ProjectRestApiApplication.logStartupProfileInfo(652) - No active profile set, falling back to 1 default profile: "default"
2025-06-23 17:46:36.773 [restartedMain] INFO  c.project.ProjectRestApiApplication.logStarted(59) - Started ProjectRestApiApplication in 5.627 seconds (process running for 6.166)
2025-06-23 17:46:48.141 [restartedMain] INFO  c.project.ProjectRestApiApplication.logStarting(53) - Starting ProjectRestApiApplication using Java 23.0.2 with PID 11848 (C:\Users\miche\Downloads\project-rest-api\build\classes\java\main started by miche in C:\Users\miche\Downloads\project-rest-api)
2025-06-23 17:46:48.142 [restartedMain] INFO  c.project.ProjectRestApiApplication.logStartupProfileInfo(652) - No active profile set, falling back to 1 default profile: "default"
2025-06-23 17:46:53.396 [restartedMain] INFO  c.project.ProjectRestApiApplication.logStarted(59) - Started ProjectRestApiApplication in 5.735 seconds (process running for 6.332)
2025-06-23 17:47:03.453 [restartedMain] INFO  c.project.ProjectRestApiApplication.logStarting(53) - Starting ProjectRestApiApplication using Java 23.0.2 with PID 22976 (C:\Users\miche\Downloads\project-rest-api\build\classes\java\main started by miche in C:\Users\miche\Downloads\project-rest-api)
2025-06-23 17:47:03.454 [restartedMain] INFO  c.project.ProjectRestApiApplication.logStartupProfileInfo(652) - No active profile set, falling back to 1 default profile: "default"
2025-06-23 17:47:08.606 [restartedMain] INFO  c.project.ProjectRestApiApplication.logStarted(59) - Started ProjectRestApiApplication in 5.57 seconds (process running for 6.163)
2025-06-23 17:47:08.790 [http-nio-8081-exec-1] INFO  c.project.service.ProjektServiceImpl.getProjekty(84) - REQUEST -> GET /api/projekty?page=0&size=20&sort=
2025-06-23 17:47:08.836 [http-nio-8081-exec-3] INFO  c.project.service.ProjektServiceImpl.getProjekty(84) - REQUEST -> GET /api/projekty?page=0&size=20&sort=
2025-06-23 17:47:08.838 [http-nio-8081-exec-2] INFO  c.project.service.ProjektServiceImpl.getProjekty(84) - REQUEST -> GET /api/projekty?page=0&size=20&sort=
2025-06-23 17:47:08.841 [http-nio-8081-exec-4] INFO  c.project.service.ProjektServiceImpl.getProjekty(84) - REQUEST -> GET /api/projekty?page=0&size=20&sort=
2025-06-23 17:47:08.844 [http-nio-8081-exec-7] INFO  c.project.service.ProjektServiceImpl.getProjekty(84) - REQUEST -> GET /api/projekty?page=0&size=20&sort=
2025-06-23 17:47:08.847 [http-nio-8081-exec-6] INFO  c.project.service.ProjektServiceImpl.getProjekty(84) - REQUEST -> GET /api/projekty?page=0&size=20&sort=
2025-06-23 17:47:08.849 [http-nio-8081-exec-5] INFO  c.project.service.ProjektServiceImpl.getProjekty(84) - REQUEST -> GET /api/projekty?page=0&size=20&sort=
2025-06-23 17:47:08.851 [http-nio-8081-exec-8] INFO  c.project.service.ProjektServiceImpl.getProjekty(84) - REQUEST -> GET /api/projekty?page=0&size=20&sort=
2025-06-23 17:47:08.853 [http-nio-8081-exec-9] INFO  c.project.service.ProjektServiceImpl.getProjekty(84) - REQUEST -> GET /api/projekty?page=0&size=20&sort=
2025-06-23 17:47:08.855 [http-nio-8081-exec-10] INFO  c.project.service.ProjektServiceImpl.getProjekty(84) - REQUEST -> GET /api/projekty?page=0&size=20&sort=
2025-06-23 17:47:08.859 [http-nio-8081-exec-11] INFO  c.project.service.ProjektServiceImpl.getProjekty(84) - REQUEST -> GET /api/projekty?page=0&size=20&sort=
2025-06-23 17:47:08.861 [http-nio-8081-exec-12] INFO  c.project.service.ProjektServiceImpl.getProjekty(84) - REQUEST -> GET /api/projekty?page=0&size=20&sort=
2025-06-23 17:47:08.864 [http-nio-8081-exec-13] INFO  c.project.service.ProjektServiceImpl.getProjekty(84) - REQUEST -> GET /api/projekty?page=0&size=20&sort=
2025-06-23 17:47:08.866 [http-nio-8081-exec-14] INFO  c.project.service.ProjektServiceImpl.getProjekty(84) - REQUEST -> GET /api/projekty?page=0&size=20&sort=
2025-06-23 17:47:08.870 [http-nio-8081-exec-15] INFO  c.project.service.ProjektServiceImpl.getProjekty(84) - REQUEST -> GET /api/projekty?page=0&size=20&sort=
2025-06-23 17:47:08.872 [http-nio-8081-exec-16] INFO  c.project.service.ProjektServiceImpl.getProjekty(84) - REQUEST -> GET /api/projekty?page=0&size=20&sort=
2025-06-23 17:47:08.874 [http-nio-8081-exec-17] INFO  c.project.service.ProjektServiceImpl.getProjekty(84) - REQUEST -> GET /api/projekty?page=0&size=20&sort=
2025-06-23 17:47:08.876 [http-nio-8081-exec-18] INFO  c.project.service.ProjektServiceImpl.getProjekty(84) - REQUEST -> GET /api/projekty?page=0&size=20&sort=
2025-06-23 17:47:08.879 [http-nio-8081-exec-19] INFO  c.project.service.ProjektServiceImpl.getProjekty(84) - REQUEST -> GET /api/projekty?page=0&size=20&sort=
2025-06-23 17:47:08.881 [http-nio-8081-exec-20] INFO  c.project.service.ProjektServiceImpl.getProjekty(84) - REQUEST -> GET /api/projekty?page=0&size=20&sort=
2025-06-23 17:47:08.883 [http-nio-8081-exec-21] INFO  c.project.service.ProjektServiceImpl.getProjekty(84) - REQUEST -> GET /api/projekty?page=0&size=20&sort=
2025-06-23 17:47:08.886 [http-nio-8081-exec-22] INFO  c.project.service.ProjektServiceImpl.getProjekty(84) - REQUEST -> GET /api/projekty?page=0&size=20&sort=
2025-06-23 17:47:08.888 [http-nio-8081-exec-23] INFO  c.project.service.ProjektServiceImpl.getProjekty(84) - REQUEST -> GET /api/projekty?page=0&size=20&sort=
2025-06-23 17:47:08.892 [http-nio-8081-exec-24] INFO  c.project.service.ProjektServiceImpl.getProjekty(84) - REQUEST -> GET /api/projekty?page=0&size=20&sort=
2025-06-23 17:47:08.894 [http-nio-8081-exec-25] INFO  c.project.service.ProjektServiceImpl.getProjekty(84) - REQUEST -> GET /api/projekty?page=0&size=20&sort=
2025-06-23 17:47:08.896 [http-nio-8081-exec-26] INFO  c.project.service.ProjektServiceImpl.getProjekty(84) - REQUEST -> GET /api/projekty?page=0&size=20&sort=
2025-06-23 17:47:08.899 [http-nio-8081-exec-27] INFO  c.project.service.ProjektServiceImpl.getProjekty(84) - REQUEST -> GET /api/projekty?page=0&size=20&sort=
2025-06-23 17:47:08.901 [http-nio-8081-exec-28] INFO  c.project.service.ProjektServiceImpl.getProjekty(84) - REQUEST -> GET /api/projekty?page=0&size=20&sort=
2025-06-23 17:47:08.903 [http-nio-8081-exec-29] INFO  c.project.service.ProjektServiceImpl.getProjekty(84) - REQUEST -> GET /api/projekty?page=0&size=20&sort=
2025-06-23 17:47:08.906 [http-nio-8081-exec-30] INFO  c.project.service.ProjektServiceImpl.getProjekty(84) - REQUEST -> GET /api/projekty?page=0&size=20&sort=
2025-06-23 17:47:08.908 [http-nio-8081-exec-31] INFO  c.project.service.ProjektServiceImpl.getProjekty(84) - REQUEST -> GET /api/projekty?page=0&size=20&sort=
2025-06-23 17:47:08.911 [http-nio-8081-exec-32] INFO  c.project.service.ProjektServiceImpl.getProjekty(84) - REQUEST -> GET /api/projekty?page=0&size=20&sort=
2025-06-23 17:47:08.913 [http-nio-8081-exec-33] INFO  c.project.service.ProjektServiceImpl.getProjekty(84) - REQUEST -> GET /api/projekty?page=0&size=20&sort=
2025-06-23 17:47:08.916 [http-nio-8081-exec-34] INFO  c.project.service.ProjektServiceImpl.getProjekty(84) - REQUEST -> GET /api/projekty?page=0&size=20&sort=
2025-06-23 17:47:08.920 [http-nio-8081-exec-35] INFO  c.project.service.ProjektServiceImpl.getProjekty(84) - REQUEST -> GET /api/projekty?page=0&size=20&sort=
2025-06-23 17:47:08.923 [http-nio-8081-exec-36] INFO  c.project.service.ProjektServiceImpl.getProjekty(84) - REQUEST -> GET /api/projekty?page=0&size=20&sort=
2025-06-23 17:47:08.925 [http-nio-8081-exec-37] INFO  c.project.service.ProjektServiceImpl.getProjekty(84) - REQUEST -> GET /api/projekty?page=0&size=20&sort=
2025-06-23 17:47:08.928 [http-nio-8081-exec-38] INFO  c.project.service.ProjektServiceImpl.getProjekty(84) - REQUEST -> GET /api/projekty?page=0&size=20&sort=
2025-06-23 17:47:08.930 [http-nio-8081-exec-39] INFO  c.project.service.ProjektServiceImpl.getProjekty(84) - REQUEST -> GET /api/projekty?page=0&size=20&sort=
2025-06-23 17:47:08.932 [http-nio-8081-exec-40] INFO  c.project.service.ProjektServiceImpl.getProjekty(84) - REQUEST -> GET /api/projekty?page=0&size=20&sort=
2025-06-23 17:47:08.935 [http-nio-8081-exec-41] INFO  c.project.service.ProjektServiceImpl.getProjekty(84) - REQUEST -> GET /api/projekty?page=0&size=20&sort=
2025-06-23 17:47:08.938 [http-nio-8081-exec-42] INFO  c.project.service.ProjektServiceImpl.getProjekty(84) - REQUEST -> GET /api/projekty?page=0&size=20&sort=
2025-06-23 17:47:08.940 [http-nio-8081-exec-43] INFO  c.project.service.ProjektServiceImpl.getProjekty(84) - REQUEST -> GET /api/projekty?page=0&size=20&sort=
2025-06-23 17:47:08.943 [http-nio-8081-exec-44] INFO  c.project.service.ProjektServiceImpl.getProjekty(84) - REQUEST -> GET /api/projekty?page=0&size=20&sort=
2025-06-23 17:47:08.946 [http-nio-8081-exec-45] INFO  c.project.service.ProjektServiceImpl.getProjekty(84) - REQUEST -> GET /api/projekty?page=0&size=20&sort=
2025-06-23 17:47:08.948 [http-nio-8081-exec-46] INFO  c.project.service.ProjektServiceImpl.getProjekty(84) - REQUEST -> GET /api/projekty?page=0&size=20&sort=
2025-06-23 17:47:08.950 [http-nio-8081-exec-47] INFO  c.project.service.ProjektServiceImpl.getProjekty(84) - REQUEST -> GET /api/projekty?page=0&size=20&sort=
2025-06-23 17:47:08.952 [http-nio-8081-exec-48] INFO  c.project.service.ProjektServiceImpl.getProjekty(84) - REQUEST -> GET /api/projekty?page=0&size=20&sort=
2025-06-23 17:47:08.954 [http-nio-8081-exec-49] INFO  c.project.service.ProjektServiceImpl.getProjekty(84) - REQUEST -> GET /api/projekty?page=0&size=20&sort=
2025-06-23 17:47:08.956 [http-nio-8081-exec-50] INFO  c.project.service.ProjektServiceImpl.getProjekty(84) - REQUEST -> GET /api/projekty?page=0&size=20&sort=
2025-06-23 17:47:08.959 [http-nio-8081-exec-51] INFO  c.project.service.ProjektServiceImpl.getProjekty(84) - REQUEST -> GET /api/projekty?page=0&size=20&sort=
2025-06-23 17:47:08.962 [http-nio-8081-exec-52] INFO  c.project.service.ProjektServiceImpl.getProjekty(84) - REQUEST -> GET /api/projekty?page=0&size=20&sort=
2025-06-23 17:47:08.965 [http-nio-8081-exec-53] INFO  c.project.service.ProjektServiceImpl.getProjekty(84) - REQUEST -> GET /api/projekty?page=0&size=20&sort=
2025-06-23 17:47:08.968 [http-nio-8081-exec-54] INFO  c.project.service.ProjektServiceImpl.getProjekty(84) - REQUEST -> GET /api/projekty?page=0&size=20&sort=
2025-06-23 17:47:08.970 [http-nio-8081-exec-55] INFO  c.project.service.ProjektServiceImpl.getProjekty(84) - REQUEST -> GET /api/projekty?page=0&size=20&sort=
2025-06-23 17:47:08.972 [http-nio-8081-exec-56] INFO  c.project.service.ProjektServiceImpl.getProjekty(84) - REQUEST -> GET /api/projekty?page=0&size=20&sort=
2025-06-23 17:47:08.973 [http-nio-8081-exec-57] INFO  c.project.service.ProjektServiceImpl.getProjekty(84) - REQUEST -> GET /api/projekty?page=0&size=20&sort=
2025-06-23 17:47:08.975 [http-nio-8081-exec-58] INFO  c.project.service.ProjektServiceImpl.getProjekty(84) - REQUEST -> GET /api/projekty?page=0&size=20&sort=
2025-06-23 17:47:08.977 [http-nio-8081-exec-59] INFO  c.project.service.ProjektServiceImpl.getProjekty(84) - REQUEST -> GET /api/projekty?page=0&size=20&sort=
2025-06-23 17:47:08.979 [http-nio-8081-exec-60] INFO  c.project.service.ProjektServiceImpl.getProjekty(84) - REQUEST -> GET /api/projekty?page=0&size=20&sort=
2025-06-23 17:47:08.981 [http-nio-8081-exec-61] INFO  c.project.service.ProjektServiceImpl.getProjekty(84) - REQUEST -> GET /api/projekty?page=0&size=20&sort=
2025-06-23 17:47:08.983 [http-nio-8081-exec-62] INFO  c.project.service.ProjektServiceImpl.getProjekty(84) - REQUEST -> GET /api/projekty?page=0&size=20&sort=
2025-06-23 17:47:08.984 [http-nio-8081-exec-63] INFO  c.project.service.ProjektServiceImpl.getProjekty(84) - REQUEST -> GET /api/projekty?page=0&size=20&sort=
2025-06-23 17:47:08.987 [http-nio-8081-exec-64] INFO  c.project.service.ProjektServiceImpl.getProjekty(84) - REQUEST -> GET /api/projekty?page=0&size=20&sort=
2025-06-23 17:47:08.991 [http-nio-8081-exec-65] INFO  c.project.service.ProjektServiceImpl.getProjekty(84) - REQUEST -> GET /api/projekty?page=0&size=20&sort=
2025-06-23 17:47:08.993 [http-nio-8081-exec-66] INFO  c.project.service.ProjektServiceImpl.getProjekty(84) - REQUEST -> GET /api/projekty?page=0&size=20&sort=
2025-06-23 17:47:08.996 [http-nio-8081-exec-67] INFO  c.project.service.ProjektServiceImpl.getProjekty(84) - REQUEST -> GET /api/projekty?page=0&size=20&sort=
2025-06-23 17:47:08.999 [http-nio-8081-exec-68] INFO  c.project.service.ProjektServiceImpl.getProjekty(84) - REQUEST -> GET /api/projekty?page=0&size=20&sort=
2025-06-23 17:47:09.002 [http-nio-8081-exec-69] INFO  c.project.service.ProjektServiceImpl.getProjekty(84) - REQUEST -> GET /api/projekty?page=0&size=20&sort=
2025-06-23 17:47:09.005 [http-nio-8081-exec-70] INFO  c.project.service.ProjektServiceImpl.getProjekty(84) - REQUEST -> GET /api/projekty?page=0&size=20&sort=
2025-06-23 17:47:09.008 [http-nio-8081-exec-71] INFO  c.project.service.ProjektServiceImpl.getProjekty(84) - REQUEST -> GET /api/projekty?page=0&size=20&sort=
2025-06-23 17:47:09.011 [http-nio-8081-exec-72] INFO  c.project.service.ProjektServiceImpl.getProjekty(84) - REQUEST -> GET /api/projekty?page=0&size=20&sort=
2025-06-23 17:47:09.014 [http-nio-8081-exec-73] INFO  c.project.service.ProjektServiceImpl.getProjekty(84) - REQUEST -> GET /api/projekty?page=0&size=20&sort=
2025-06-23 17:47:09.017 [http-nio-8081-exec-74] INFO  c.project.service.ProjektServiceImpl.getProjekty(84) - REQUEST -> GET /api/projekty?page=0&size=20&sort=
2025-06-23 17:47:09.021 [http-nio-8081-exec-75] INFO  c.project.service.ProjektServiceImpl.getProjekty(84) - REQUEST -> GET /api/projekty?page=0&size=20&sort=
2025-06-23 17:47:09.025 [http-nio-8081-exec-76] INFO  c.project.service.ProjektServiceImpl.getProjekty(84) - REQUEST -> GET /api/projekty?page=0&size=20&sort=
2025-06-23 17:47:09.029 [http-nio-8081-exec-77] INFO  c.project.service.ProjektServiceImpl.getProjekty(84) - REQUEST -> GET /api/projekty?page=0&size=20&sort=
2025-06-23 17:47:09.033 [http-nio-8081-exec-78] INFO  c.project.service.ProjektServiceImpl.getProjekty(84) - REQUEST -> GET /api/projekty?page=0&size=20&sort=
2025-06-23 17:47:09.037 [http-nio-8081-exec-79] INFO  c.project.service.ProjektServiceImpl.getProjekty(84) - REQUEST -> GET /api/projekty?page=0&size=20&sort=
2025-06-23 17:47:09.041 [http-nio-8081-exec-80] INFO  c.project.service.ProjektServiceImpl.getProjekty(84) - REQUEST -> GET /api/projekty?page=0&size=20&sort=
2025-06-23 17:47:09.045 [http-nio-8081-exec-81] INFO  c.project.service.ProjektServiceImpl.getProjekty(84) - REQUEST -> GET /api/projekty?page=0&size=20&sort=
2025-06-23 17:47:09.048 [http-nio-8081-exec-82] INFO  c.project.service.ProjektServiceImpl.getProjekty(84) - REQUEST -> GET /api/projekty?page=0&size=20&sort=
2025-06-23 17:47:09.052 [http-nio-8081-exec-83] INFO  c.project.service.ProjektServiceImpl.getProjekty(84) - REQUEST -> GET /api/projekty?page=0&size=20&sort=
2025-06-23 17:47:09.056 [http-nio-8081-exec-84] INFO  c.project.service.ProjektServiceImpl.getProjekty(84) - REQUEST -> GET /api/projekty?page=0&size=20&sort=
2025-06-23 17:47:09.062 [http-nio-8081-exec-85] INFO  c.project.service.ProjektServiceImpl.getProjekty(84) - REQUEST -> GET /api/projekty?page=0&size=20&sort=
2025-06-23 17:47:09.070 [http-nio-8081-exec-86] INFO  c.project.service.ProjektServiceImpl.getProjekty(84) - REQUEST -> GET /api/projekty?page=0&size=20&sort=
2025-06-23 17:47:09.076 [http-nio-8081-exec-87] INFO  c.project.service.ProjektServiceImpl.getProjekty(84) - REQUEST -> GET /api/projekty?page=0&size=20&sort=
2025-06-23 17:47:09.081 [http-nio-8081-exec-88] INFO  c.project.service.ProjektServiceImpl.getProjekty(84) - REQUEST -> GET /api/projekty?page=0&size=20&sort=
2025-06-23 17:47:09.084 [http-nio-8081-exec-89] INFO  c.project.service.ProjektServiceImpl.getProjekty(84) - REQUEST -> GET /api/projekty?page=0&size=20&sort=
2025-06-23 17:47:09.088 [http-nio-8081-exec-90] INFO  c.project.service.ProjektServiceImpl.getProjekty(84) - REQUEST -> GET /api/projekty?page=0&size=20&sort=
2025-06-23 17:47:09.093 [http-nio-8081-exec-91] INFO  c.project.service.ProjektServiceImpl.getProjekty(84) - REQUEST -> GET /api/projekty?page=0&size=20&sort=
2025-06-23 17:47:09.096 [http-nio-8081-exec-92] INFO  c.project.service.ProjektServiceImpl.getProjekty(84) - REQUEST -> GET /api/projekty?page=0&size=20&sort=
2025-06-23 17:47:09.098 [http-nio-8081-exec-93] INFO  c.project.service.ProjektServiceImpl.getProjekty(84) - REQUEST -> GET /api/projekty?page=0&size=20&sort=
2025-06-23 17:47:09.101 [http-nio-8081-exec-94] INFO  c.project.service.ProjektServiceImpl.getProjekty(84) - REQUEST -> GET /api/projekty?page=0&size=20&sort=
2025-06-23 17:47:09.104 [http-nio-8081-exec-95] INFO  c.project.service.ProjektServiceImpl.getProjekty(84) - REQUEST -> GET /api/projekty?page=0&size=20&sort=
2025-06-23 17:47:09.107 [http-nio-8081-exec-96] INFO  c.project.service.ProjektServiceImpl.getProjekty(84) - REQUEST -> GET /api/projekty?page=0&size=20&sort=
2025-06-23 17:47:09.111 [http-nio-8081-exec-97] INFO  c.project.service.ProjektServiceImpl.getProjekty(84) - REQUEST -> GET /api/projekty?page=0&size=20&sort=
2025-06-23 17:47:09.115 [http-nio-8081-exec-98] INFO  c.project.service.ProjektServiceImpl.getProjekty(84) - REQUEST -> GET /api/projekty?page=0&size=20&sort=
2025-06-23 17:47:09.119 [http-nio-8081-exec-99] INFO  c.project.service.ProjektServiceImpl.getProjekty(84) - REQUEST -> GET /api/projekty?page=0&size=20&sort=
2025-06-23 17:47:09.123 [http-nio-8081-exec-100] INFO  c.project.service.ProjektServiceImpl.getProjekty(84) - REQUEST -> GET /api/projekty?page=0&size=20&sort=
2025-06-23 17:47:09.127 [http-nio-8081-exec-101] INFO  c.project.service.ProjektServiceImpl.getProjekty(84) - REQUEST -> GET /api/projekty?page=0&size=20&sort=
2025-06-23 17:47:09.308 [http-nio-8081-exec-102] INFO  c.project.service.ProjektServiceImpl.getProjekty(84) - REQUEST -> GET /api/projekty?page=0&size=20&sort=
2025-06-23 17:47:09.312 [http-nio-8081-exec-103] INFO  c.project.service.ProjektServiceImpl.getProjekty(84) - REQUEST -> GET /api/projekty?page=0&size=20&sort=
2025-06-23 17:47:09.317 [http-nio-8081-exec-104] INFO  c.project.service.ProjektServiceImpl.getProjekty(84) - REQUEST -> GET /api/projekty?page=0&size=20&sort=
2025-06-23 17:47:09.325 [http-nio-8081-exec-105] INFO  c.project.service.ProjektServiceImpl.getProjekty(84) - REQUEST -> GET /api/projekty?page=0&size=20&sort=
2025-06-23 17:47:09.329 [http-nio-8081-exec-106] INFO  c.project.service.ProjektServiceImpl.getProjekty(84) - REQUEST -> GET /api/projekty?page=0&size=20&sort=
2025-06-23 17:47:09.332 [http-nio-8081-exec-107] INFO  c.project.service.ProjektServiceImpl.getProjekty(84) - REQUEST -> GET /api/projekty?page=0&size=20&sort=
2025-06-23 17:47:09.334 [http-nio-8081-exec-108] INFO  c.project.service.ProjektServiceImpl.getProjekty(84) - REQUEST -> GET /api/projekty?page=0&size=20&sort=
2025-06-23 17:47:09.339 [http-nio-8081-exec-109] INFO  c.project.service.ProjektServiceImpl.getProjekty(84) - REQUEST -> GET /api/projekty?page=0&size=20&sort=
2025-06-23 17:47:09.342 [http-nio-8081-exec-110] INFO  c.project.service.ProjektServiceImpl.getProjekty(84) - REQUEST -> GET /api/projekty?page=0&size=20&sort=
2025-06-23 17:47:09.345 [http-nio-8081-exec-111] INFO  c.project.service.ProjektServiceImpl.getProjekty(84) - REQUEST -> GET /api/projekty?page=0&size=20&sort=
2025-06-23 17:47:09.348 [http-nio-8081-exec-112] INFO  c.project.service.ProjektServiceImpl.getProjekty(84) - REQUEST -> GET /api/projekty?page=0&size=20&sort=
2025-06-23 17:47:09.352 [http-nio-8081-exec-113] INFO  c.project.service.ProjektServiceImpl.getProjekty(84) - REQUEST -> GET /api/projekty?page=0&size=20&sort=
2025-06-23 17:47:09.355 [http-nio-8081-exec-114] INFO  c.project.service.ProjektServiceImpl.getProjekty(84) - REQUEST -> GET /api/projekty?page=0&size=20&sort=
2025-06-23 17:47:09.357 [http-nio-8081-exec-115] INFO  c.project.service.ProjektServiceImpl.getProjekty(84) - REQUEST -> GET /api/projekty?page=0&size=20&sort=
2025-06-23 17:47:09.361 [http-nio-8081-exec-116] INFO  c.project.service.ProjektServiceImpl.getProjekty(84) - REQUEST -> GET /api/projekty?page=0&size=20&sort=
2025-06-23 17:47:09.364 [http-nio-8081-exec-117] INFO  c.project.service.ProjektServiceImpl.getProjekty(84) - REQUEST -> GET /api/projekty?page=0&size=20&sort=
2025-06-23 17:47:09.367 [http-nio-8081-exec-118] INFO  c.project.service.ProjektServiceImpl.getProjekty(84) - REQUEST -> GET /api/projekty?page=0&size=20&sort=
2025-06-23 17:47:09.370 [http-nio-8081-exec-119] INFO  c.project.service.ProjektServiceImpl.getProjekty(84) - REQUEST -> GET /api/projekty?page=0&size=20&sort=
2025-06-23 17:47:09.373 [http-nio-8081-exec-120] INFO  c.project.service.ProjektServiceImpl.getProjekty(84) - REQUEST -> GET /api/projekty?page=0&size=20&sort=
2025-06-23 17:47:09.376 [http-nio-8081-exec-121] INFO  c.project.service.ProjektServiceImpl.getProjekty(84) - REQUEST -> GET /api/projekty?page=0&size=20&sort=
2025-06-23 17:47:09.379 [http-nio-8081-exec-122] INFO  c.project.service.ProjektServiceImpl.getProjekty(84) - REQUEST -> GET /api/projekty?page=0&size=20&sort=
2025-06-23 17:47:09.381 [http-nio-8081-exec-123] INFO  c.project.service.ProjektServiceImpl.getProjekty(84) - REQUEST -> GET /api/projekty?page=0&size=20&sort=
2025-06-23 17:47:09.384 [http-nio-8081-exec-124] INFO  c.project.service.ProjektServiceImpl.getProjekty(84) - REQUEST -> GET /api/projekty?page=0&size=20&sort=
2025-06-23 17:47:09.387 [http-nio-8081-exec-125] INFO  c.project.service.ProjektServiceImpl.getProjekty(84) - REQUEST -> GET /api/projekty?page=0&size=20&sort=
2025-06-23 17:47:09.390 [http-nio-8081-exec-126] INFO  c.project.service.ProjektServiceImpl.getProjekty(84) - REQUEST -> GET /api/projekty?page=0&size=20&sort=
2025-06-23 17:47:09.393 [http-nio-8081-exec-127] INFO  c.project.service.ProjektServiceImpl.getProjekty(84) - REQUEST -> GET /api/projekty?page=0&size=20&sort=
2025-06-23 17:47:09.406 [http-nio-8081-exec-128] INFO  c.project.service.ProjektServiceImpl.getProjekty(84) - REQUEST -> GET /api/projekty?page=0&size=20&sort=
2025-06-23 17:47:09.413 [http-nio-8081-exec-129] INFO  c.project.service.ProjektServiceImpl.getProjekty(84) - REQUEST -> GET /api/projekty?page=0&size=20&sort=
2025-06-23 17:47:09.416 [http-nio-8081-exec-130] INFO  c.project.service.ProjektServiceImpl.getProjekty(84) - REQUEST -> GET /api/projekty?page=0&size=20&sort=
2025-06-23 17:47:09.419 [http-nio-8081-exec-131] INFO  c.project.service.ProjektServiceImpl.getProjekty(84) - REQUEST -> GET /api/projekty?page=0&size=20&sort=
2025-06-23 17:47:09.425 [http-nio-8081-exec-132] INFO  c.project.service.ProjektServiceImpl.getProjekty(84) - REQUEST -> GET /api/projekty?page=0&size=20&sort=
2025-06-23 17:47:09.428 [http-nio-8081-exec-133] INFO  c.project.service.ProjektServiceImpl.getProjekty(84) - REQUEST -> GET /api/projekty?page=0&size=20&sort=
2025-06-23 17:47:09.431 [http-nio-8081-exec-134] INFO  c.project.service.ProjektServiceImpl.getProjekty(84) - REQUEST -> GET /api/projekty?page=0&size=20&sort=
2025-06-23 17:47:09.433 [http-nio-8081-exec-135] INFO  c.project.service.ProjektServiceImpl.getProjekty(84) - REQUEST -> GET /api/projekty?page=0&size=20&sort=
2025-06-23 17:47:09.435 [http-nio-8081-exec-136] INFO  c.project.service.ProjektServiceImpl.getProjekty(84) - REQUEST -> GET /api/projekty?page=0&size=20&sort=
2025-06-23 17:47:09.438 [http-nio-8081-exec-137] INFO  c.project.service.ProjektServiceImpl.getProjekty(84) - REQUEST -> GET /api/projekty?page=0&size=20&sort=
2025-06-23 17:47:09.440 [http-nio-8081-exec-138] INFO  c.project.service.ProjektServiceImpl.getProjekty(84) - REQUEST -> GET /api/projekty?page=0&size=20&sort=
2025-06-23 17:47:09.441 [http-nio-8081-exec-139] INFO  c.project.service.ProjektServiceImpl.getProjekty(84) - REQUEST -> GET /api/projekty?page=0&size=20&sort=
2025-06-23 17:47:09.443 [http-nio-8081-exec-140] INFO  c.project.service.ProjektServiceImpl.getProjekty(84) - REQUEST -> GET /api/projekty?page=0&size=20&sort=
2025-06-23 17:47:09.446 [http-nio-8081-exec-141] INFO  c.project.service.ProjektServiceImpl.getProjekty(84) - REQUEST -> GET /api/projekty?page=0&size=20&sort=
2025-06-23 17:47:09.448 [http-nio-8081-exec-142] INFO  c.project.service.ProjektServiceImpl.getProjekty(84) - REQUEST -> GET /api/projekty?page=0&size=20&sort=
2025-06-23 17:47:09.450 [http-nio-8081-exec-143] INFO  c.project.service.ProjektServiceImpl.getProjekty(84) - REQUEST -> GET /api/projekty?page=0&size=20&sort=
2025-06-23 17:47:09.453 [http-nio-8081-exec-144] INFO  c.project.service.ProjektServiceImpl.getProjekty(84) - REQUEST -> GET /api/projekty?page=0&size=20&sort=
2025-06-23 17:47:09.454 [http-nio-8081-exec-145] INFO  c.project.service.ProjektServiceImpl.getProjekty(84) - REQUEST -> GET /api/projekty?page=0&size=20&sort=
2025-06-23 17:47:09.456 [http-nio-8081-exec-146] INFO  c.project.service.ProjektServiceImpl.getProjekty(84) - REQUEST -> GET /api/projekty?page=0&size=20&sort=
2025-06-23 17:47:09.458 [http-nio-8081-exec-147] INFO  c.project.service.ProjektServiceImpl.getProjekty(84) - REQUEST -> GET /api/projekty?page=0&size=20&sort=
2025-06-23 17:47:09.460 [http-nio-8081-exec-148] INFO  c.project.service.ProjektServiceImpl.getProjekty(84) - REQUEST -> GET /api/projekty?page=0&size=20&sort=
2025-06-23 17:47:09.462 [http-nio-8081-exec-149] INFO  c.project.service.ProjektServiceImpl.getProjekty(84) - REQUEST -> GET /api/projekty?page=0&size=20&sort=
2025-06-23 17:47:09.464 [http-nio-8081-exec-150] INFO  c.project.service.ProjektServiceImpl.getProjekty(84) - REQUEST -> GET /api/projekty?page=0&size=20&sort=
2025-06-23 17:47:09.466 [http-nio-8081-exec-151] INFO  c.project.service.ProjektServiceImpl.getProjekty(84) - REQUEST -> GET /api/projekty?page=0&size=20&sort=
2025-06-23 17:47:09.468 [http-nio-8081-exec-152] INFO  c.project.service.ProjektServiceImpl.getProjekty(84) - REQUEST -> GET /api/projekty?page=0&size=20&sort=
2025-06-23 17:47:09.470 [http-nio-8081-exec-153] INFO  c.project.service.ProjektServiceImpl.getProjekty(84) - REQUEST -> GET /api/projekty?page=0&size=20&sort=
2025-06-23 17:47:09.471 [http-nio-8081-exec-154] INFO  c.project.service.ProjektServiceImpl.getProjekty(84) - REQUEST -> GET /api/projekty?page=0&size=20&sort=
2025-06-23 17:47:09.473 [http-nio-8081-exec-155] INFO  c.project.service.ProjektServiceImpl.getProjekty(84) - REQUEST -> GET /api/projekty?page=0&size=20&sort=
2025-06-23 17:47:09.475 [http-nio-8081-exec-156] INFO  c.project.service.ProjektServiceImpl.getProjekty(84) - REQUEST -> GET /api/projekty?page=0&size=20&sort=
2025-06-23 17:47:09.476 [http-nio-8081-exec-157] INFO  c.project.service.ProjektServiceImpl.getProjekty(84) - REQUEST -> GET /api/projekty?page=0&size=20&sort=
2025-06-23 17:47:09.478 [http-nio-8081-exec-158] INFO  c.project.service.ProjektServiceImpl.getProjekty(84) - REQUEST -> GET /api/projekty?page=0&size=20&sort=
2025-06-23 17:47:09.480 [http-nio-8081-exec-159] INFO  c.project.service.ProjektServiceImpl.getProjekty(84) - REQUEST -> GET /api/projekty?page=0&size=20&sort=
2025-06-23 17:47:09.482 [http-nio-8081-exec-160] INFO  c.project.service.ProjektServiceImpl.getProjekty(84) - REQUEST -> GET /api/projekty?page=0&size=20&sort=
2025-06-23 17:47:09.484 [http-nio-8081-exec-161] INFO  c.project.service.ProjektServiceImpl.getProjekty(84) - REQUEST -> GET /api/projekty?page=0&size=20&sort=
2025-06-23 17:47:09.486 [http-nio-8081-exec-162] INFO  c.project.service.ProjektServiceImpl.getProjekty(84) - REQUEST -> GET /api/projekty?page=0&size=20&sort=
2025-06-23 17:47:09.488 [http-nio-8081-exec-163] INFO  c.project.service.ProjektServiceImpl.getProjekty(84) - REQUEST -> GET /api/projekty?page=0&size=20&sort=
2025-06-23 17:47:09.489 [http-nio-8081-exec-164] INFO  c.project.service.ProjektServiceImpl.getProjekty(84) - REQUEST -> GET /api/projekty?page=0&size=20&sort=
2025-06-23 17:47:09.491 [http-nio-8081-exec-165] INFO  c.project.service.ProjektServiceImpl.getProjekty(84) - REQUEST -> GET /api/projekty?page=0&size=20&sort=
2025-06-23 17:47:09.492 [http-nio-8081-exec-166] INFO  c.project.service.ProjektServiceImpl.getProjekty(84) - REQUEST -> GET /api/projekty?page=0&size=20&sort=
2025-06-23 17:47:09.494 [http-nio-8081-exec-167] INFO  c.project.service.ProjektServiceImpl.getProjekty(84) - REQUEST -> GET /api/projekty?page=0&size=20&sort=
2025-06-23 17:47:09.495 [http-nio-8081-exec-168] INFO  c.project.service.ProjektServiceImpl.getProjekty(84) - REQUEST -> GET /api/projekty?page=0&size=20&sort=
2025-06-23 17:47:09.497 [http-nio-8081-exec-169] INFO  c.project.service.ProjektServiceImpl.getProjekty(84) - REQUEST -> GET /api/projekty?page=0&size=20&sort=
2025-06-23 17:47:09.498 [http-nio-8081-exec-170] INFO  c.project.service.ProjektServiceImpl.getProjekty(84) - REQUEST -> GET /api/projekty?page=0&size=20&sort=
2025-06-23 17:47:09.499 [http-nio-8081-exec-171] INFO  c.project.service.ProjektServiceImpl.getProjekty(84) - REQUEST -> GET /api/projekty?page=0&size=20&sort=
2025-06-23 17:47:09.501 [http-nio-8081-exec-172] INFO  c.project.service.ProjektServiceImpl.getProjekty(84) - REQUEST -> GET /api/projekty?page=0&size=20&sort=
2025-06-23 17:47:09.503 [http-nio-8081-exec-173] INFO  c.project.service.ProjektServiceImpl.getProjekty(84) - REQUEST -> GET /api/projekty?page=0&size=20&sort=
2025-06-23 17:47:09.504 [http-nio-8081-exec-174] INFO  c.project.service.ProjektServiceImpl.getProjekty(84) - REQUEST -> GET /api/projekty?page=0&size=20&sort=
2025-06-23 17:47:09.506 [http-nio-8081-exec-175] INFO  c.project.service.ProjektServiceImpl.getProjekty(84) - REQUEST -> GET /api/projekty?page=0&size=20&sort=
2025-06-23 17:47:09.508 [http-nio-8081-exec-176] INFO  c.project.service.ProjektServiceImpl.getProjekty(84) - REQUEST -> GET /api/projekty?page=0&size=20&sort=
2025-06-23 17:47:09.510 [http-nio-8081-exec-177] INFO  c.project.service.ProjektServiceImpl.getProjekty(84) - REQUEST -> GET /api/projekty?page=0&size=20&sort=
2025-06-23 17:47:09.512 [http-nio-8081-exec-178] INFO  c.project.service.ProjektServiceImpl.getProjekty(84) - REQUEST -> GET /api/projekty?page=0&size=20&sort=
2025-06-23 17:47:09.514 [http-nio-8081-exec-179] INFO  c.project.service.ProjektServiceImpl.getProjekty(84) - REQUEST -> GET /api/projekty?page=0&size=20&sort=
2025-06-23 17:47:09.515 [http-nio-8081-exec-180] INFO  c.project.service.ProjektServiceImpl.getProjekty(84) - REQUEST -> GET /api/projekty?page=0&size=20&sort=
2025-06-23 17:47:09.518 [http-nio-8081-exec-181] INFO  c.project.service.ProjektServiceImpl.getProjekty(84) - REQUEST -> GET /api/projekty?page=0&size=20&sort=
2025-06-23 17:47:09.521 [http-nio-8081-exec-182] INFO  c.project.service.ProjektServiceImpl.getProjekty(84) - REQUEST -> GET /api/projekty?page=0&size=20&sort=
2025-06-23 17:47:09.524 [http-nio-8081-exec-183] INFO  c.project.service.ProjektServiceImpl.getProjekty(84) - REQUEST -> GET /api/projekty?page=0&size=20&sort=
2025-06-23 17:47:09.526 [http-nio-8081-exec-184] INFO  c.project.service.ProjektServiceImpl.getProjekty(84) - REQUEST -> GET /api/projekty?page=0&size=20&sort=
2025-06-23 17:47:09.530 [http-nio-8081-exec-185] INFO  c.project.service.ProjektServiceImpl.getProjekty(84) - REQUEST -> GET /api/projekty?page=0&size=20&sort=
2025-06-23 17:47:09.532 [http-nio-8081-exec-186] INFO  c.project.service.ProjektServiceImpl.getProjekty(84) - REQUEST -> GET /api/projekty?page=0&size=20&sort=
2025-06-23 17:47:09.534 [http-nio-8081-exec-187] INFO  c.project.service.ProjektServiceImpl.getProjekty(84) - REQUEST -> GET /api/projekty?page=0&size=20&sort=
2025-06-23 17:47:09.537 [http-nio-8081-exec-188] INFO  c.project.service.ProjektServiceImpl.getProjekty(84) - REQUEST -> GET /api/projekty?page=0&size=20&sort=
2025-06-23 17:47:09.540 [http-nio-8081-exec-189] INFO  c.project.service.ProjektServiceImpl.getProjekty(84) - REQUEST -> GET /api/projekty?page=0&size=20&sort=
2025-06-23 17:47:09.543 [http-nio-8081-exec-190] INFO  c.project.service.ProjektServiceImpl.getProjekty(84) - REQUEST -> GET /api/projekty?page=0&size=20&sort=
2025-06-23 17:47:09.546 [http-nio-8081-exec-191] INFO  c.project.service.ProjektServiceImpl.getProjekty(84) - REQUEST -> GET /api/projekty?page=0&size=20&sort=
2025-06-23 17:47:09.550 [http-nio-8081-exec-192] INFO  c.project.service.ProjektServiceImpl.getProjekty(84) - REQUEST -> GET /api/projekty?page=0&size=20&sort=
2025-06-23 17:47:09.553 [http-nio-8081-exec-193] INFO  c.project.service.ProjektServiceImpl.getProjekty(84) - REQUEST -> GET /api/projekty?page=0&size=20&sort=
2025-06-23 17:47:09.557 [http-nio-8081-exec-194] INFO  c.project.service.ProjektServiceImpl.getProjekty(84) - REQUEST -> GET /api/projekty?page=0&size=20&sort=
2025-06-23 17:47:09.560 [http-nio-8081-exec-195] INFO  c.project.service.ProjektServiceImpl.getProjekty(84) - REQUEST -> GET /api/projekty?page=0&size=20&sort=
2025-06-23 17:47:09.563 [http-nio-8081-exec-196] INFO  c.project.service.ProjektServiceImpl.getProjekty(84) - REQUEST -> GET /api/projekty?page=0&size=20&sort=
2025-06-23 17:47:09.565 [http-nio-8081-exec-197] INFO  c.project.service.ProjektServiceImpl.getProjekty(84) - REQUEST -> GET /api/projekty?page=0&size=20&sort=
2025-06-23 17:47:09.568 [http-nio-8081-exec-198] INFO  c.project.service.ProjektServiceImpl.getProjekty(84) - REQUEST -> GET /api/projekty?page=0&size=20&sort=
2025-06-23 17:47:09.571 [http-nio-8081-exec-199] INFO  c.project.service.ProjektServiceImpl.getProjekty(84) - REQUEST -> GET /api/projekty?page=0&size=20&sort=
2025-06-23 17:47:09.573 [http-nio-8081-exec-200] INFO  c.project.service.ProjektServiceImpl.getProjekty(84) - REQUEST -> GET /api/projekty?page=0&size=20&sort=
2025-06-23 17:47:31.608 [restartedMain] INFO  c.project.ProjectRestApiApplication.logStarting(53) - Starting ProjectRestApiApplication using Java 23.0.2 with PID 8316 (C:\Users\miche\Downloads\project-rest-api\build\classes\java\main started by miche in C:\Users\miche\Downloads\project-rest-api)
2025-06-23 17:47:31.608 [restartedMain] INFO  c.project.ProjectRestApiApplication.logStartupProfileInfo(652) - No active profile set, falling back to 1 default profile: "default"
2025-06-23 17:47:36.539 [restartedMain] INFO  c.project.ProjectRestApiApplication.logStarted(59) - Started ProjectRestApiApplication in 5.338 seconds (process running for 5.877)
2025-06-23 17:47:50.463 [restartedMain] INFO  c.project.ProjectRestApiApplication.logStarting(53) - Starting ProjectRestApiApplication using Java 23.0.2 with PID 15456 (C:\Users\miche\Downloads\project-rest-api\build\classes\java\main started by miche in C:\Users\miche\Downloads\project-rest-api)
2025-06-23 17:47:50.464 [restartedMain] INFO  c.project.ProjectRestApiApplication.logStartupProfileInfo(652) - No active profile set, falling back to 1 default profile: "default"
2025-06-23 17:47:55.541 [restartedMain] INFO  c.project.ProjectRestApiApplication.logStarted(59) - Started ProjectRestApiApplication in 5.586 seconds (process running for 6.145)
2025-06-23 17:47:55.700 [http-nio-8081-exec-1] INFO  c.project.service.ProjektServiceImpl.getProjekty(84) - REQUEST -> GET /api/projekty?page=0&size=20&sort=
2025-06-23 17:47:55.746 [http-nio-8081-exec-4] INFO  c.project.service.ProjektServiceImpl.getProjekty(84) - REQUEST -> GET /api/projekty?page=0&size=20&sort=
2025-06-23 17:47:55.750 [http-nio-8081-exec-3] INFO  c.project.service.ProjektServiceImpl.getProjekty(84) - REQUEST -> GET /api/projekty?page=0&size=20&sort=
2025-06-23 17:47:55.753 [http-nio-8081-exec-2] INFO  c.project.service.ProjektServiceImpl.getProjekty(84) - REQUEST -> GET /api/projekty?page=0&size=20&sort=
2025-06-23 17:47:55.756 [http-nio-8081-exec-5] INFO  c.project.service.ProjektServiceImpl.getProjekty(84) - REQUEST -> GET /api/projekty?page=0&size=20&sort=
2025-06-23 17:47:55.759 [http-nio-8081-exec-7] INFO  c.project.service.ProjektServiceImpl.getProjekty(84) - REQUEST -> GET /api/projekty?page=0&size=20&sort=
2025-06-23 17:47:55.762 [http-nio-8081-exec-6] INFO  c.project.service.ProjektServiceImpl.getProjekty(84) - REQUEST -> GET /api/projekty?page=0&size=20&sort=
2025-06-23 17:47:55.765 [http-nio-8081-exec-9] INFO  c.project.service.ProjektServiceImpl.getProjekty(84) - REQUEST -> GET /api/projekty?page=0&size=20&sort=
2025-06-23 17:47:55.769 [http-nio-8081-exec-8] INFO  c.project.service.ProjektServiceImpl.getProjekty(84) - REQUEST -> GET /api/projekty?page=0&size=20&sort=
2025-06-23 17:47:55.770 [http-nio-8081-exec-10] INFO  c.project.service.ProjektServiceImpl.getProjekty(84) - REQUEST -> GET /api/projekty?page=0&size=20&sort=
2025-06-23 17:47:55.774 [http-nio-8081-exec-11] INFO  c.project.service.ProjektServiceImpl.getProjekty(84) - REQUEST -> GET /api/projekty?page=0&size=20&sort=
2025-06-23 17:47:55.777 [http-nio-8081-exec-12] INFO  c.project.service.ProjektServiceImpl.getProjekty(84) - REQUEST -> GET /api/projekty?page=0&size=20&sort=
2025-06-23 17:47:55.781 [http-nio-8081-exec-13] INFO  c.project.service.ProjektServiceImpl.getProjekty(84) - REQUEST -> GET /api/projekty?page=0&size=20&sort=
2025-06-23 17:47:55.784 [http-nio-8081-exec-14] INFO  c.project.service.ProjektServiceImpl.getProjekty(84) - REQUEST -> GET /api/projekty?page=0&size=20&sort=
2025-06-23 17:47:55.786 [http-nio-8081-exec-15] INFO  c.project.service.ProjektServiceImpl.getProjekty(84) - REQUEST -> GET /api/projekty?page=0&size=20&sort=
2025-06-23 17:47:55.790 [http-nio-8081-exec-16] INFO  c.project.service.ProjektServiceImpl.getProjekty(84) - REQUEST -> GET /api/projekty?page=0&size=20&sort=
2025-06-23 17:47:55.792 [http-nio-8081-exec-17] INFO  c.project.service.ProjektServiceImpl.getProjekty(84) - REQUEST -> GET /api/projekty?page=0&size=20&sort=
2025-06-23 17:47:55.795 [http-nio-8081-exec-18] INFO  c.project.service.ProjektServiceImpl.getProjekty(84) - REQUEST -> GET /api/projekty?page=0&size=20&sort=
2025-06-23 17:47:55.798 [http-nio-8081-exec-19] INFO  c.project.service.ProjektServiceImpl.getProjekty(84) - REQUEST -> GET /api/projekty?page=0&size=20&sort=
2025-06-23 17:47:55.801 [http-nio-8081-exec-20] INFO  c.project.service.ProjektServiceImpl.getProjekty(84) - REQUEST -> GET /api/projekty?page=0&size=20&sort=
2025-06-23 17:47:55.803 [http-nio-8081-exec-21] INFO  c.project.service.ProjektServiceImpl.getProjekty(84) - REQUEST -> GET /api/projekty?page=0&size=20&sort=
2025-06-23 17:47:55.805 [http-nio-8081-exec-22] INFO  c.project.service.ProjektServiceImpl.getProjekty(84) - REQUEST -> GET /api/projekty?page=0&size=20&sort=
2025-06-23 17:47:55.808 [http-nio-8081-exec-23] INFO  c.project.service.ProjektServiceImpl.getProjekty(84) - REQUEST -> GET /api/projekty?page=0&size=20&sort=
2025-06-23 17:47:55.810 [http-nio-8081-exec-24] INFO  c.project.service.ProjektServiceImpl.getProjekty(84) - REQUEST -> GET /api/projekty?page=0&size=20&sort=
2025-06-23 17:47:55.812 [http-nio-8081-exec-25] INFO  c.project.service.ProjektServiceImpl.getProjekty(84) - REQUEST -> GET /api/projekty?page=0&size=20&sort=
2025-06-23 17:47:55.815 [http-nio-8081-exec-26] INFO  c.project.service.ProjektServiceImpl.getProjekty(84) - REQUEST -> GET /api/projekty?page=0&size=20&sort=
2025-06-23 17:47:55.817 [http-nio-8081-exec-27] INFO  c.project.service.ProjektServiceImpl.getProjekty(84) - REQUEST -> GET /api/projekty?page=0&size=20&sort=
2025-06-23 17:47:55.820 [http-nio-8081-exec-28] INFO  c.project.service.ProjektServiceImpl.getProjekty(84) - REQUEST -> GET /api/projekty?page=0&size=20&sort=
2025-06-23 17:47:55.823 [http-nio-8081-exec-29] INFO  c.project.service.ProjektServiceImpl.getProjekty(84) - REQUEST -> GET /api/projekty?page=0&size=20&sort=
2025-06-23 17:47:55.826 [http-nio-8081-exec-30] INFO  c.project.service.ProjektServiceImpl.getProjekty(84) - REQUEST -> GET /api/projekty?page=0&size=20&sort=
2025-06-23 17:47:55.829 [http-nio-8081-exec-31] INFO  c.project.service.ProjektServiceImpl.getProjekty(84) - REQUEST -> GET /api/projekty?page=0&size=20&sort=
2025-06-23 17:47:55.832 [http-nio-8081-exec-32] INFO  c.project.service.ProjektServiceImpl.getProjekty(84) - REQUEST -> GET /api/projekty?page=0&size=20&sort=
2025-06-23 17:47:55.835 [http-nio-8081-exec-33] INFO  c.project.service.ProjektServiceImpl.getProjekty(84) - REQUEST -> GET /api/projekty?page=0&size=20&sort=
2025-06-23 17:47:55.837 [http-nio-8081-exec-34] INFO  c.project.service.ProjektServiceImpl.getProjekty(84) - REQUEST -> GET /api/projekty?page=0&size=20&sort=
2025-06-23 17:47:55.840 [http-nio-8081-exec-35] INFO  c.project.service.ProjektServiceImpl.getProjekty(84) - REQUEST -> GET /api/projekty?page=0&size=20&sort=
2025-06-23 17:47:55.842 [http-nio-8081-exec-36] INFO  c.project.service.ProjektServiceImpl.getProjekty(84) - REQUEST -> GET /api/projekty?page=0&size=20&sort=
2025-06-23 17:47:55.845 [http-nio-8081-exec-37] INFO  c.project.service.ProjektServiceImpl.getProjekty(84) - REQUEST -> GET /api/projekty?page=0&size=20&sort=
2025-06-23 17:47:55.847 [http-nio-8081-exec-38] INFO  c.project.service.ProjektServiceImpl.getProjekty(84) - REQUEST -> GET /api/projekty?page=0&size=20&sort=
2025-06-23 17:47:55.849 [http-nio-8081-exec-39] INFO  c.project.service.ProjektServiceImpl.getProjekty(84) - REQUEST -> GET /api/projekty?page=0&size=20&sort=
2025-06-23 17:47:55.852 [http-nio-8081-exec-40] INFO  c.project.service.ProjektServiceImpl.getProjekty(84) - REQUEST -> GET /api/projekty?page=0&size=20&sort=
2025-06-23 17:47:55.854 [http-nio-8081-exec-41] INFO  c.project.service.ProjektServiceImpl.getProjekty(84) - REQUEST -> GET /api/projekty?page=0&size=20&sort=
2025-06-23 17:47:55.856 [http-nio-8081-exec-42] INFO  c.project.service.ProjektServiceImpl.getProjekty(84) - REQUEST -> GET /api/projekty?page=0&size=20&sort=
2025-06-23 17:47:55.859 [http-nio-8081-exec-43] INFO  c.project.service.ProjektServiceImpl.getProjekty(84) - REQUEST -> GET /api/projekty?page=0&size=20&sort=
2025-06-23 17:47:55.862 [http-nio-8081-exec-44] INFO  c.project.service.ProjektServiceImpl.getProjekty(84) - REQUEST -> GET /api/projekty?page=0&size=20&sort=
2025-06-23 17:47:55.865 [http-nio-8081-exec-45] INFO  c.project.service.ProjektServiceImpl.getProjekty(84) - REQUEST -> GET /api/projekty?page=0&size=20&sort=
2025-06-23 17:47:55.867 [http-nio-8081-exec-46] INFO  c.project.service.ProjektServiceImpl.getProjekty(84) - REQUEST -> GET /api/projekty?page=0&size=20&sort=
2025-06-23 17:47:55.869 [http-nio-8081-exec-47] INFO  c.project.service.ProjektServiceImpl.getProjekty(84) - REQUEST -> GET /api/projekty?page=0&size=20&sort=
2025-06-23 17:47:55.871 [http-nio-8081-exec-48] INFO  c.project.service.ProjektServiceImpl.getProjekty(84) - REQUEST -> GET /api/projekty?page=0&size=20&sort=
2025-06-23 17:47:55.875 [http-nio-8081-exec-49] INFO  c.project.service.ProjektServiceImpl.getProjekty(84) - REQUEST -> GET /api/projekty?page=0&size=20&sort=
2025-06-23 17:47:55.877 [http-nio-8081-exec-50] INFO  c.project.service.ProjektServiceImpl.getProjekty(84) - REQUEST -> GET /api/projekty?page=0&size=20&sort=
2025-06-23 17:47:55.880 [http-nio-8081-exec-51] INFO  c.project.service.ProjektServiceImpl.getProjekty(84) - REQUEST -> GET /api/projekty?page=0&size=20&sort=
2025-06-23 17:47:55.883 [http-nio-8081-exec-52] INFO  c.project.service.ProjektServiceImpl.getProjekty(84) - REQUEST -> GET /api/projekty?page=0&size=20&sort=
2025-06-23 17:47:55.886 [http-nio-8081-exec-53] INFO  c.project.service.ProjektServiceImpl.getProjekty(84) - REQUEST -> GET /api/projekty?page=0&size=20&sort=
2025-06-23 17:47:55.889 [http-nio-8081-exec-54] INFO  c.project.service.ProjektServiceImpl.getProjekty(84) - REQUEST -> GET /api/projekty?page=0&size=20&sort=
2025-06-23 17:47:55.892 [http-nio-8081-exec-55] INFO  c.project.service.ProjektServiceImpl.getProjekty(84) - REQUEST -> GET /api/projekty?page=0&size=20&sort=
2025-06-23 17:47:55.895 [http-nio-8081-exec-56] INFO  c.project.service.ProjektServiceImpl.getProjekty(84) - REQUEST -> GET /api/projekty?page=0&size=20&sort=
2025-06-23 17:47:55.898 [http-nio-8081-exec-57] INFO  c.project.service.ProjektServiceImpl.getProjekty(84) - REQUEST -> GET /api/projekty?page=0&size=20&sort=
2025-06-23 17:47:55.900 [http-nio-8081-exec-58] INFO  c.project.service.ProjektServiceImpl.getProjekty(84) - REQUEST -> GET /api/projekty?page=0&size=20&sort=
2025-06-23 17:47:55.901 [http-nio-8081-exec-59] INFO  c.project.service.ProjektServiceImpl.getProjekty(84) - REQUEST -> GET /api/projekty?page=0&size=20&sort=
2025-06-23 17:47:55.905 [http-nio-8081-exec-60] INFO  c.project.service.ProjektServiceImpl.getProjekty(84) - REQUEST -> GET /api/projekty?page=0&size=20&sort=
2025-06-23 17:47:55.907 [http-nio-8081-exec-61] INFO  c.project.service.ProjektServiceImpl.getProjekty(84) - REQUEST -> GET /api/projekty?page=0&size=20&sort=
2025-06-23 17:47:55.909 [http-nio-8081-exec-62] INFO  c.project.service.ProjektServiceImpl.getProjekty(84) - REQUEST -> GET /api/projekty?page=0&size=20&sort=
2025-06-23 17:47:55.911 [http-nio-8081-exec-63] INFO  c.project.service.ProjektServiceImpl.getProjekty(84) - REQUEST -> GET /api/projekty?page=0&size=20&sort=
2025-06-23 17:47:55.914 [http-nio-8081-exec-64] INFO  c.project.service.ProjektServiceImpl.getProjekty(84) - REQUEST -> GET /api/projekty?page=0&size=20&sort=
2025-06-23 17:47:55.917 [http-nio-8081-exec-65] INFO  c.project.service.ProjektServiceImpl.getProjekty(84) - REQUEST -> GET /api/projekty?page=0&size=20&sort=
2025-06-23 17:47:55.919 [http-nio-8081-exec-66] INFO  c.project.service.ProjektServiceImpl.getProjekty(84) - REQUEST -> GET /api/projekty?page=0&size=20&sort=
2025-06-23 17:47:55.921 [http-nio-8081-exec-67] INFO  c.project.service.ProjektServiceImpl.getProjekty(84) - REQUEST -> GET /api/projekty?page=0&size=20&sort=
2025-06-23 17:47:55.923 [http-nio-8081-exec-68] INFO  c.project.service.ProjektServiceImpl.getProjekty(84) - REQUEST -> GET /api/projekty?page=0&size=20&sort=
2025-06-23 17:47:55.925 [http-nio-8081-exec-69] INFO  c.project.service.ProjektServiceImpl.getProjekty(84) - REQUEST -> GET /api/projekty?page=0&size=20&sort=
2025-06-23 17:47:55.928 [http-nio-8081-exec-70] INFO  c.project.service.ProjektServiceImpl.getProjekty(84) - REQUEST -> GET /api/projekty?page=0&size=20&sort=
2025-06-23 17:47:55.930 [http-nio-8081-exec-71] INFO  c.project.service.ProjektServiceImpl.getProjekty(84) - REQUEST -> GET /api/projekty?page=0&size=20&sort=
2025-06-23 17:47:55.933 [http-nio-8081-exec-72] INFO  c.project.service.ProjektServiceImpl.getProjekty(84) - REQUEST -> GET /api/projekty?page=0&size=20&sort=
2025-06-23 17:47:55.935 [http-nio-8081-exec-73] INFO  c.project.service.ProjektServiceImpl.getProjekty(84) - REQUEST -> GET /api/projekty?page=0&size=20&sort=
2025-06-23 17:47:55.937 [http-nio-8081-exec-74] INFO  c.project.service.ProjektServiceImpl.getProjekty(84) - REQUEST -> GET /api/projekty?page=0&size=20&sort=
2025-06-23 17:47:55.941 [http-nio-8081-exec-75] INFO  c.project.service.ProjektServiceImpl.getProjekty(84) - REQUEST -> GET /api/projekty?page=0&size=20&sort=
2025-06-23 17:47:55.944 [http-nio-8081-exec-76] INFO  c.project.service.ProjektServiceImpl.getProjekty(84) - REQUEST -> GET /api/projekty?page=0&size=20&sort=
2025-06-23 17:47:55.946 [http-nio-8081-exec-77] INFO  c.project.service.ProjektServiceImpl.getProjekty(84) - REQUEST -> GET /api/projekty?page=0&size=20&sort=
2025-06-23 17:47:55.948 [http-nio-8081-exec-78] INFO  c.project.service.ProjektServiceImpl.getProjekty(84) - REQUEST -> GET /api/projekty?page=0&size=20&sort=
2025-06-23 17:47:55.950 [http-nio-8081-exec-79] INFO  c.project.service.ProjektServiceImpl.getProjekty(84) - REQUEST -> GET /api/projekty?page=0&size=20&sort=
2025-06-23 17:47:55.953 [http-nio-8081-exec-80] INFO  c.project.service.ProjektServiceImpl.getProjekty(84) - REQUEST -> GET /api/projekty?page=0&size=20&sort=
2025-06-23 17:47:55.956 [http-nio-8081-exec-81] INFO  c.project.service.ProjektServiceImpl.getProjekty(84) - REQUEST -> GET /api/projekty?page=0&size=20&sort=
2025-06-23 17:47:55.959 [http-nio-8081-exec-82] INFO  c.project.service.ProjektServiceImpl.getProjekty(84) - REQUEST -> GET /api/projekty?page=0&size=20&sort=
2025-06-23 17:47:55.961 [http-nio-8081-exec-83] INFO  c.project.service.ProjektServiceImpl.getProjekty(84) - REQUEST -> GET /api/projekty?page=0&size=20&sort=
2025-06-23 17:47:55.964 [http-nio-8081-exec-84] INFO  c.project.service.ProjektServiceImpl.getProjekty(84) - REQUEST -> GET /api/projekty?page=0&size=20&sort=
2025-06-23 17:47:55.967 [http-nio-8081-exec-85] INFO  c.project.service.ProjektServiceImpl.getProjekty(84) - REQUEST -> GET /api/projekty?page=0&size=20&sort=
2025-06-23 17:47:55.972 [http-nio-8081-exec-86] INFO  c.project.service.ProjektServiceImpl.getProjekty(84) - REQUEST -> GET /api/projekty?page=0&size=20&sort=
2025-06-23 17:47:55.975 [http-nio-8081-exec-87] INFO  c.project.service.ProjektServiceImpl.getProjekty(84) - REQUEST -> GET /api/projekty?page=0&size=20&sort=
2025-06-23 17:47:55.978 [http-nio-8081-exec-88] INFO  c.project.service.ProjektServiceImpl.getProjekty(84) - REQUEST -> GET /api/projekty?page=0&size=20&sort=
2025-06-23 17:47:55.980 [http-nio-8081-exec-89] INFO  c.project.service.ProjektServiceImpl.getProjekty(84) - REQUEST -> GET /api/projekty?page=0&size=20&sort=
2025-06-23 17:47:55.982 [http-nio-8081-exec-90] INFO  c.project.service.ProjektServiceImpl.getProjekty(84) - REQUEST -> GET /api/projekty?page=0&size=20&sort=
2025-06-23 17:47:55.987 [http-nio-8081-exec-91] INFO  c.project.service.ProjektServiceImpl.getProjekty(84) - REQUEST -> GET /api/projekty?page=0&size=20&sort=
2025-06-23 17:47:55.990 [http-nio-8081-exec-92] INFO  c.project.service.ProjektServiceImpl.getProjekty(84) - REQUEST -> GET /api/projekty?page=0&size=20&sort=
2025-06-23 17:47:55.992 [http-nio-8081-exec-93] INFO  c.project.service.ProjektServiceImpl.getProjekty(84) - REQUEST -> GET /api/projekty?page=0&size=20&sort=
2025-06-23 17:47:55.995 [http-nio-8081-exec-94] INFO  c.project.service.ProjektServiceImpl.getProjekty(84) - REQUEST -> GET /api/projekty?page=0&size=20&sort=
2025-06-23 17:47:55.998 [http-nio-8081-exec-95] INFO  c.project.service.ProjektServiceImpl.getProjekty(84) - REQUEST -> GET /api/projekty?page=0&size=20&sort=
2025-06-23 17:47:56.000 [http-nio-8081-exec-96] INFO  c.project.service.ProjektServiceImpl.getProjekty(84) - REQUEST -> GET /api/projekty?page=0&size=20&sort=
2025-06-23 17:47:56.002 [http-nio-8081-exec-97] INFO  c.project.service.ProjektServiceImpl.getProjekty(84) - REQUEST -> GET /api/projekty?page=0&size=20&sort=
2025-06-23 17:47:56.005 [http-nio-8081-exec-98] INFO  c.project.service.ProjektServiceImpl.getProjekty(84) - REQUEST -> GET /api/projekty?page=0&size=20&sort=
2025-06-23 17:47:56.009 [http-nio-8081-exec-99] INFO  c.project.service.ProjektServiceImpl.getProjekty(84) - REQUEST -> GET /api/projekty?page=0&size=20&sort=
2025-06-23 17:47:56.012 [http-nio-8081-exec-100] INFO  c.project.service.ProjektServiceImpl.getProjekty(84) - REQUEST -> GET /api/projekty?page=0&size=20&sort=
2025-06-23 17:47:56.014 [http-nio-8081-exec-101] INFO  c.project.service.ProjektServiceImpl.getProjekty(84) - REQUEST -> GET /api/projekty?page=0&size=20&sort=
2025-06-23 17:47:56.016 [http-nio-8081-exec-102] INFO  c.project.service.ProjektServiceImpl.getProjekty(84) - REQUEST -> GET /api/projekty?page=0&size=20&sort=
2025-06-23 17:47:56.019 [http-nio-8081-exec-103] INFO  c.project.service.ProjektServiceImpl.getProjekty(84) - REQUEST -> GET /api/projekty?page=0&size=20&sort=
2025-06-23 17:47:56.021 [http-nio-8081-exec-104] INFO  c.project.service.ProjektServiceImpl.getProjekty(84) - REQUEST -> GET /api/projekty?page=0&size=20&sort=
2025-06-23 17:47:56.024 [http-nio-8081-exec-105] INFO  c.project.service.ProjektServiceImpl.getProjekty(84) - REQUEST -> GET /api/projekty?page=0&size=20&sort=
2025-06-23 17:47:56.026 [http-nio-8081-exec-106] INFO  c.project.service.ProjektServiceImpl.getProjekty(84) - REQUEST -> GET /api/projekty?page=0&size=20&sort=
2025-06-23 17:47:56.029 [http-nio-8081-exec-107] INFO  c.project.service.ProjektServiceImpl.getProjekty(84) - REQUEST -> GET /api/projekty?page=0&size=20&sort=
2025-06-23 17:47:56.031 [http-nio-8081-exec-108] INFO  c.project.service.ProjektServiceImpl.getProjekty(84) - REQUEST -> GET /api/projekty?page=0&size=20&sort=
2025-06-23 17:47:56.040 [http-nio-8081-exec-109] INFO  c.project.service.ProjektServiceImpl.getProjekty(84) - REQUEST -> GET /api/projekty?page=0&size=20&sort=
2025-06-23 17:47:56.044 [http-nio-8081-exec-110] INFO  c.project.service.ProjektServiceImpl.getProjekty(84) - REQUEST -> GET /api/projekty?page=0&size=20&sort=
2025-06-23 17:47:56.047 [http-nio-8081-exec-111] INFO  c.project.service.ProjektServiceImpl.getProjekty(84) - REQUEST -> GET /api/projekty?page=0&size=20&sort=
2025-06-23 17:47:56.050 [http-nio-8081-exec-112] INFO  c.project.service.ProjektServiceImpl.getProjekty(84) - REQUEST -> GET /api/projekty?page=0&size=20&sort=
2025-06-23 17:47:56.052 [http-nio-8081-exec-113] INFO  c.project.service.ProjektServiceImpl.getProjekty(84) - REQUEST -> GET /api/projekty?page=0&size=20&sort=
2025-06-23 17:47:56.054 [http-nio-8081-exec-114] INFO  c.project.service.ProjektServiceImpl.getProjekty(84) - REQUEST -> GET /api/projekty?page=0&size=20&sort=
2025-06-23 17:47:56.056 [http-nio-8081-exec-115] INFO  c.project.service.ProjektServiceImpl.getProjekty(84) - REQUEST -> GET /api/projekty?page=0&size=20&sort=
2025-06-23 17:47:56.058 [http-nio-8081-exec-116] INFO  c.project.service.ProjektServiceImpl.getProjekty(84) - REQUEST -> GET /api/projekty?page=0&size=20&sort=
2025-06-23 17:47:56.061 [http-nio-8081-exec-117] INFO  c.project.service.ProjektServiceImpl.getProjekty(84) - REQUEST -> GET /api/projekty?page=0&size=20&sort=
2025-06-23 17:47:56.063 [http-nio-8081-exec-118] INFO  c.project.service.ProjektServiceImpl.getProjekty(84) - REQUEST -> GET /api/projekty?page=0&size=20&sort=
2025-06-23 17:47:56.066 [http-nio-8081-exec-119] INFO  c.project.service.ProjektServiceImpl.getProjekty(84) - REQUEST -> GET /api/projekty?page=0&size=20&sort=
2025-06-23 17:47:56.068 [http-nio-8081-exec-120] INFO  c.project.service.ProjektServiceImpl.getProjekty(84) - REQUEST -> GET /api/projekty?page=0&size=20&sort=
2025-06-23 17:47:56.070 [http-nio-8081-exec-121] INFO  c.project.service.ProjektServiceImpl.getProjekty(84) - REQUEST -> GET /api/projekty?page=0&size=20&sort=
2025-06-23 17:47:56.072 [http-nio-8081-exec-122] INFO  c.project.service.ProjektServiceImpl.getProjekty(84) - REQUEST -> GET /api/projekty?page=0&size=20&sort=
2025-06-23 17:47:56.075 [http-nio-8081-exec-123] INFO  c.project.service.ProjektServiceImpl.getProjekty(84) - REQUEST -> GET /api/projekty?page=0&size=20&sort=
2025-06-23 17:47:56.077 [http-nio-8081-exec-124] INFO  c.project.service.ProjektServiceImpl.getProjekty(84) - REQUEST -> GET /api/projekty?page=0&size=20&sort=
2025-06-23 17:47:56.080 [http-nio-8081-exec-125] INFO  c.project.service.ProjektServiceImpl.getProjekty(84) - REQUEST -> GET /api/projekty?page=0&size=20&sort=
2025-06-23 17:47:56.082 [http-nio-8081-exec-126] INFO  c.project.service.ProjektServiceImpl.getProjekty(84) - REQUEST -> GET /api/projekty?page=0&size=20&sort=
2025-06-23 17:47:56.085 [http-nio-8081-exec-127] INFO  c.project.service.ProjektServiceImpl.getProjekty(84) - REQUEST -> GET /api/projekty?page=0&size=20&sort=
2025-06-23 17:47:56.092 [http-nio-8081-exec-128] INFO  c.project.service.ProjektServiceImpl.getProjekty(84) - REQUEST -> GET /api/projekty?page=0&size=20&sort=
2025-06-23 17:47:56.099 [http-nio-8081-exec-129] INFO  c.project.service.ProjektServiceImpl.getProjekty(84) - REQUEST -> GET /api/projekty?page=0&size=20&sort=
2025-06-23 17:47:56.102 [http-nio-8081-exec-130] INFO  c.project.service.ProjektServiceImpl.getProjekty(84) - REQUEST -> GET /api/projekty?page=0&size=20&sort=
2025-06-23 17:47:56.105 [http-nio-8081-exec-131] INFO  c.project.service.ProjektServiceImpl.getProjekty(84) - REQUEST -> GET /api/projekty?page=0&size=20&sort=
2025-06-23 17:47:56.111 [http-nio-8081-exec-132] INFO  c.project.service.ProjektServiceImpl.getProjekty(84) - REQUEST -> GET /api/projekty?page=0&size=20&sort=
2025-06-23 17:47:56.115 [http-nio-8081-exec-133] INFO  c.project.service.ProjektServiceImpl.getProjekty(84) - REQUEST -> GET /api/projekty?page=0&size=20&sort=
2025-06-23 17:47:56.117 [http-nio-8081-exec-134] INFO  c.project.service.ProjektServiceImpl.getProjekty(84) - REQUEST -> GET /api/projekty?page=0&size=20&sort=
2025-06-23 17:47:56.119 [http-nio-8081-exec-135] INFO  c.project.service.ProjektServiceImpl.getProjekty(84) - REQUEST -> GET /api/projekty?page=0&size=20&sort=
2025-06-23 17:47:56.121 [http-nio-8081-exec-136] INFO  c.project.service.ProjektServiceImpl.getProjekty(84) - REQUEST -> GET /api/projekty?page=0&size=20&sort=
2025-06-23 17:47:56.122 [http-nio-8081-exec-137] INFO  c.project.service.ProjektServiceImpl.getProjekty(84) - REQUEST -> GET /api/projekty?page=0&size=20&sort=
2025-06-23 17:47:56.124 [http-nio-8081-exec-138] INFO  c.project.service.ProjektServiceImpl.getProjekty(84) - REQUEST -> GET /api/projekty?page=0&size=20&sort=
2025-06-23 17:47:56.125 [http-nio-8081-exec-139] INFO  c.project.service.ProjektServiceImpl.getProjekty(84) - REQUEST -> GET /api/projekty?page=0&size=20&sort=
2025-06-23 17:47:56.126 [http-nio-8081-exec-140] INFO  c.project.service.ProjektServiceImpl.getProjekty(84) - REQUEST -> GET /api/projekty?page=0&size=20&sort=
2025-06-23 17:47:56.129 [http-nio-8081-exec-141] INFO  c.project.service.ProjektServiceImpl.getProjekty(84) - REQUEST -> GET /api/projekty?page=0&size=20&sort=
2025-06-23 17:47:56.130 [http-nio-8081-exec-142] INFO  c.project.service.ProjektServiceImpl.getProjekty(84) - REQUEST -> GET /api/projekty?page=0&size=20&sort=
2025-06-23 17:47:56.131 [http-nio-8081-exec-143] INFO  c.project.service.ProjektServiceImpl.getProjekty(84) - REQUEST -> GET /api/projekty?page=0&size=20&sort=
2025-06-23 17:47:56.133 [http-nio-8081-exec-144] INFO  c.project.service.ProjektServiceImpl.getProjekty(84) - REQUEST -> GET /api/projekty?page=0&size=20&sort=
2025-06-23 17:47:56.135 [http-nio-8081-exec-145] INFO  c.project.service.ProjektServiceImpl.getProjekty(84) - REQUEST -> GET /api/projekty?page=0&size=20&sort=
2025-06-23 17:47:56.136 [http-nio-8081-exec-146] INFO  c.project.service.ProjektServiceImpl.getProjekty(84) - REQUEST -> GET /api/projekty?page=0&size=20&sort=
2025-06-23 17:47:56.139 [http-nio-8081-exec-147] INFO  c.project.service.ProjektServiceImpl.getProjekty(84) - REQUEST -> GET /api/projekty?page=0&size=20&sort=
2025-06-23 17:47:56.141 [http-nio-8081-exec-148] INFO  c.project.service.ProjektServiceImpl.getProjekty(84) - REQUEST -> GET /api/projekty?page=0&size=20&sort=
2025-06-23 17:47:56.142 [http-nio-8081-exec-149] INFO  c.project.service.ProjektServiceImpl.getProjekty(84) - REQUEST -> GET /api/projekty?page=0&size=20&sort=
2025-06-23 17:47:56.144 [http-nio-8081-exec-150] INFO  c.project.service.ProjektServiceImpl.getProjekty(84) - REQUEST -> GET /api/projekty?page=0&size=20&sort=
2025-06-23 17:47:56.145 [http-nio-8081-exec-151] INFO  c.project.service.ProjektServiceImpl.getProjekty(84) - REQUEST -> GET /api/projekty?page=0&size=20&sort=
2025-06-23 17:47:56.147 [http-nio-8081-exec-152] INFO  c.project.service.ProjektServiceImpl.getProjekty(84) - REQUEST -> GET /api/projekty?page=0&size=20&sort=
2025-06-23 17:47:56.149 [http-nio-8081-exec-153] INFO  c.project.service.ProjektServiceImpl.getProjekty(84) - REQUEST -> GET /api/projekty?page=0&size=20&sort=
2025-06-23 17:47:56.152 [http-nio-8081-exec-154] INFO  c.project.service.ProjektServiceImpl.getProjekty(84) - REQUEST -> GET /api/projekty?page=0&size=20&sort=
2025-06-23 17:47:56.154 [http-nio-8081-exec-155] INFO  c.project.service.ProjektServiceImpl.getProjekty(84) - REQUEST -> GET /api/projekty?page=0&size=20&sort=
2025-06-23 17:47:56.156 [http-nio-8081-exec-156] INFO  c.project.service.ProjektServiceImpl.getProjekty(84) - REQUEST -> GET /api/projekty?page=0&size=20&sort=
2025-06-23 17:47:56.158 [http-nio-8081-exec-157] INFO  c.project.service.ProjektServiceImpl.getProjekty(84) - REQUEST -> GET /api/projekty?page=0&size=20&sort=
2025-06-23 17:47:56.161 [http-nio-8081-exec-158] INFO  c.project.service.ProjektServiceImpl.getProjekty(84) - REQUEST -> GET /api/projekty?page=0&size=20&sort=
2025-06-23 17:47:56.163 [http-nio-8081-exec-159] INFO  c.project.service.ProjektServiceImpl.getProjekty(84) - REQUEST -> GET /api/projekty?page=0&size=20&sort=
2025-06-23 17:47:56.165 [http-nio-8081-exec-160] INFO  c.project.service.ProjektServiceImpl.getProjekty(84) - REQUEST -> GET /api/projekty?page=0&size=20&sort=
2025-06-23 17:47:56.168 [http-nio-8081-exec-161] INFO  c.project.service.ProjektServiceImpl.getProjekty(84) - REQUEST -> GET /api/projekty?page=0&size=20&sort=
2025-06-23 17:47:56.171 [http-nio-8081-exec-162] INFO  c.project.service.ProjektServiceImpl.getProjekty(84) - REQUEST -> GET /api/projekty?page=0&size=20&sort=
2025-06-23 17:47:56.173 [http-nio-8081-exec-163] INFO  c.project.service.ProjektServiceImpl.getProjekty(84) - REQUEST -> GET /api/projekty?page=0&size=20&sort=
2025-06-23 17:47:56.175 [http-nio-8081-exec-164] INFO  c.project.service.ProjektServiceImpl.getProjekty(84) - REQUEST -> GET /api/projekty?page=0&size=20&sort=
2025-06-23 17:47:56.178 [http-nio-8081-exec-165] INFO  c.project.service.ProjektServiceImpl.getProjekty(84) - REQUEST -> GET /api/projekty?page=0&size=20&sort=
2025-06-23 17:47:56.180 [http-nio-8081-exec-166] INFO  c.project.service.ProjektServiceImpl.getProjekty(84) - REQUEST -> GET /api/projekty?page=0&size=20&sort=
2025-06-23 17:47:56.182 [http-nio-8081-exec-167] INFO  c.project.service.ProjektServiceImpl.getProjekty(84) - REQUEST -> GET /api/projekty?page=0&size=20&sort=
2025-06-23 17:47:56.185 [http-nio-8081-exec-168] INFO  c.project.service.ProjektServiceImpl.getProjekty(84) - REQUEST -> GET /api/projekty?page=0&size=20&sort=
2025-06-23 17:47:56.187 [http-nio-8081-exec-169] INFO  c.project.service.ProjektServiceImpl.getProjekty(84) - REQUEST -> GET /api/projekty?page=0&size=20&sort=
2025-06-23 17:47:56.190 [http-nio-8081-exec-170] INFO  c.project.service.ProjektServiceImpl.getProjekty(84) - REQUEST -> GET /api/projekty?page=0&size=20&sort=
2025-06-23 17:47:56.192 [http-nio-8081-exec-171] INFO  c.project.service.ProjektServiceImpl.getProjekty(84) - REQUEST -> GET /api/projekty?page=0&size=20&sort=
2025-06-23 17:47:56.194 [http-nio-8081-exec-172] INFO  c.project.service.ProjektServiceImpl.getProjekty(84) - REQUEST -> GET /api/projekty?page=0&size=20&sort=
2025-06-23 17:47:56.196 [http-nio-8081-exec-173] INFO  c.project.service.ProjektServiceImpl.getProjekty(84) - REQUEST -> GET /api/projekty?page=0&size=20&sort=
2025-06-23 17:47:56.197 [http-nio-8081-exec-174] INFO  c.project.service.ProjektServiceImpl.getProjekty(84) - REQUEST -> GET /api/projekty?page=0&size=20&sort=
2025-06-23 17:47:56.199 [http-nio-8081-exec-175] INFO  c.project.service.ProjektServiceImpl.getProjekty(84) - REQUEST -> GET /api/projekty?page=0&size=20&sort=
2025-06-23 17:47:56.201 [http-nio-8081-exec-176] INFO  c.project.service.ProjektServiceImpl.getProjekty(84) - REQUEST -> GET /api/projekty?page=0&size=20&sort=
2025-06-23 17:47:56.202 [http-nio-8081-exec-177] INFO  c.project.service.ProjektServiceImpl.getProjekty(84) - REQUEST -> GET /api/projekty?page=0&size=20&sort=
2025-06-23 17:47:56.205 [http-nio-8081-exec-178] INFO  c.project.service.ProjektServiceImpl.getProjekty(84) - REQUEST -> GET /api/projekty?page=0&size=20&sort=
2025-06-23 17:47:56.207 [http-nio-8081-exec-179] INFO  c.project.service.ProjektServiceImpl.getProjekty(84) - REQUEST -> GET /api/projekty?page=0&size=20&sort=
2025-06-23 17:47:56.210 [http-nio-8081-exec-180] INFO  c.project.service.ProjektServiceImpl.getProjekty(84) - REQUEST -> GET /api/projekty?page=0&size=20&sort=
2025-06-23 17:47:56.212 [http-nio-8081-exec-181] INFO  c.project.service.ProjektServiceImpl.getProjekty(84) - REQUEST -> GET /api/projekty?page=0&size=20&sort=
2025-06-23 17:47:56.215 [http-nio-8081-exec-182] INFO  c.project.service.ProjektServiceImpl.getProjekty(84) - REQUEST -> GET /api/projekty?page=0&size=20&sort=
2025-06-23 17:47:56.218 [http-nio-8081-exec-183] INFO  c.project.service.ProjektServiceImpl.getProjekty(84) - REQUEST -> GET /api/projekty?page=0&size=20&sort=
2025-06-23 17:47:56.219 [http-nio-8081-exec-184] INFO  c.project.service.ProjektServiceImpl.getProjekty(84) - REQUEST -> GET /api/projekty?page=0&size=20&sort=
2025-06-23 17:47:56.220 [http-nio-8081-exec-185] INFO  c.project.service.ProjektServiceImpl.getProjekty(84) - REQUEST -> GET /api/projekty?page=0&size=20&sort=
2025-06-23 17:47:56.222 [http-nio-8081-exec-186] INFO  c.project.service.ProjektServiceImpl.getProjekty(84) - REQUEST -> GET /api/projekty?page=0&size=20&sort=
2025-06-23 17:47:56.225 [http-nio-8081-exec-187] INFO  c.project.service.ProjektServiceImpl.getProjekty(84) - REQUEST -> GET /api/projekty?page=0&size=20&sort=
2025-06-23 17:47:56.227 [http-nio-8081-exec-188] INFO  c.project.service.ProjektServiceImpl.getProjekty(84) - REQUEST -> GET /api/projekty?page=0&size=20&sort=
2025-06-23 17:47:56.230 [http-nio-8081-exec-189] INFO  c.project.service.ProjektServiceImpl.getProjekty(84) - REQUEST -> GET /api/projekty?page=0&size=20&sort=
2025-06-23 17:47:56.233 [http-nio-8081-exec-190] INFO  c.project.service.ProjektServiceImpl.getProjekty(84) - REQUEST -> GET /api/projekty?page=0&size=20&sort=
2025-06-23 17:47:56.235 [http-nio-8081-exec-191] INFO  c.project.service.ProjektServiceImpl.getProjekty(84) - REQUEST -> GET /api/projekty?page=0&size=20&sort=
2025-06-23 17:47:56.238 [http-nio-8081-exec-192] INFO  c.project.service.ProjektServiceImpl.getProjekty(84) - REQUEST -> GET /api/projekty?page=0&size=20&sort=
2025-06-23 17:47:56.242 [http-nio-8081-exec-193] INFO  c.project.service.ProjektServiceImpl.getProjekty(84) - REQUEST -> GET /api/projekty?page=0&size=20&sort=
2025-06-23 17:47:56.245 [http-nio-8081-exec-194] INFO  c.project.service.ProjektServiceImpl.getProjekty(84) - REQUEST -> GET /api/projekty?page=0&size=20&sort=
2025-06-23 17:47:56.247 [http-nio-8081-exec-195] INFO  c.project.service.ProjektServiceImpl.getProjekty(84) - REQUEST -> GET /api/projekty?page=0&size=20&sort=
2025-06-23 17:47:56.251 [http-nio-8081-exec-196] INFO  c.project.service.ProjektServiceImpl.getProjekty(84) - REQUEST -> GET /api/projekty?page=0&size=20&sort=
2025-06-23 17:47:56.252 [http-nio-8081-exec-197] INFO  c.project.service.ProjektServiceImpl.getProjekty(84) - REQUEST -> GET /api/projekty?page=0&size=20&sort=
2025-06-23 17:47:56.254 [http-nio-8081-exec-198] INFO  c.project.service.ProjektServiceImpl.getProjekty(84) - REQUEST -> GET /api/projekty?page=0&size=20&sort=
2025-06-23 17:47:56.255 [http-nio-8081-exec-199] INFO  c.project.service.ProjektServiceImpl.getProjekty(84) - REQUEST -> GET /api/projekty?page=0&size=20&sort=
2025-06-23 17:47:56.258 [http-nio-8081-exec-200] INFO  c.project.service.ProjektServiceImpl.getProjekty(84) - REQUEST -> GET /api/projekty?page=0&size=20&sort=
2025-06-23 17:49:45.780 [restartedMain] INFO  c.project.ProjectRestApiApplication.logStarting(53) - Starting ProjectRestApiApplication using Java 23.0.2 with PID 15508 (C:\Users\miche\Downloads\project-rest-api\build\classes\java\main started by miche in C:\Users\miche\Downloads\project-rest-api)
2025-06-23 17:49:45.781 [restartedMain] INFO  c.project.ProjectRestApiApplication.logStartupProfileInfo(652) - No active profile set, falling back to 1 default profile: "default"
2025-06-23 17:49:50.949 [restartedMain] INFO  c.project.ProjectRestApiApplication.logStarted(59) - Started ProjectRestApiApplication in 5.744 seconds (process running for 6.375)
2025-06-23 17:50:02.980 [restartedMain] INFO  c.project.ProjectRestApiApplication.logStarting(53) - Starting ProjectRestApiApplication using Java 23.0.2 with PID 22472 (C:\Users\miche\Downloads\project-rest-api\build\classes\java\main started by miche in C:\Users\miche\Downloads\project-rest-api)
2025-06-23 17:50:02.981 [restartedMain] INFO  c.project.ProjectRestApiApplication.logStartupProfileInfo(652) - No active profile set, falling back to 1 default profile: "default"
2025-06-23 17:50:08.160 [restartedMain] INFO  c.project.ProjectRestApiApplication.logStarted(59) - Started ProjectRestApiApplication in 5.6 seconds (process running for 6.134)
2025-06-23 17:50:17.430 [http-nio-8081-exec-4] INFO  c.project.service.ProjektServiceImpl.setProjekt(64) - Creating new project
2025-06-23 17:54:49.767 [restartedMain] INFO  c.project.ProjectRestApiApplication.logStarting(53) - Starting ProjectRestApiApplication using Java 23.0.2 with PID 24248 (C:\Users\miche\Downloads\project-rest-api\build\classes\java\main started by miche in C:\Users\miche\Downloads\project-rest-api)
2025-06-23 17:54:49.768 [restartedMain] INFO  c.project.ProjectRestApiApplication.logStartupProfileInfo(652) - No active profile set, falling back to 1 default profile: "default"
2025-06-23 17:54:54.877 [restartedMain] INFO  c.project.ProjectRestApiApplication.logStarted(59) - Started ProjectRestApiApplication in 5.525 seconds (process running for 6.067)
2025-06-23 17:54:55.111 [http-nio-8081-exec-1] INFO  c.project.service.ProjektServiceImpl.getProjekty(105) - Pobieranie wszystkich projektów z bazy danych
2025-06-23 17:54:57.685 [http-nio-8081-exec-2] INFO  c.project.service.ProjektServiceImpl.getProjekty(105) - Pobieranie wszystkich projektów z bazy danych
2025-06-23 17:55:50.798 [restartedMain] INFO  c.project.ProjectRestApiApplication.logStarting(53) - Starting ProjectRestApiApplication using Java 23.0.2 with PID 15764 (C:\Users\miche\Downloads\project-rest-api\build\classes\java\main started by miche in C:\Users\miche\Downloads\project-rest-api)
2025-06-23 17:55:50.799 [restartedMain] INFO  c.project.ProjectRestApiApplication.logStartupProfileInfo(652) - No active profile set, falling back to 1 default profile: "default"
2025-06-23 17:55:55.840 [restartedMain] INFO  c.project.ProjectRestApiApplication.logStarted(59) - Started ProjectRestApiApplication in 5.472 seconds (process running for 5.998)
2025-06-23 17:56:34.988 [http-nio-8081-exec-5] INFO  c.project.service.ProjektServiceImpl.getProjekty(105) - Pobieranie wszystkich projektów z bazy danych
2025-06-23 17:56:42.483 [http-nio-8081-exec-8] INFO  c.project.service.ProjektServiceImpl.getProjekty(105) - Pobieranie wszystkich projektów z bazy danych
2025-06-23 17:57:28.957 [restartedMain] INFO  c.project.ProjectRestApiApplication.logStarting(53) - Starting ProjectRestApiApplication using Java 23.0.2 with PID 17576 (C:\Users\miche\Downloads\project-rest-api\build\classes\java\main started by miche in C:\Users\miche\Downloads\project-rest-api)
2025-06-23 17:57:28.958 [restartedMain] INFO  c.project.ProjectRestApiApplication.logStartupProfileInfo(652) - No active profile set, falling back to 1 default profile: "default"
2025-06-23 17:57:34.140 [restartedMain] INFO  c.project.ProjectRestApiApplication.logStarted(59) - Started ProjectRestApiApplication in 5.61 seconds (process running for 6.173)
2025-06-23 17:57:34.295 [http-nio-8081-exec-1] INFO  c.project.service.ProjektServiceImpl.getProjekty(105) - Pobieranie wszystkich projektów z bazy danych
2025-06-23 17:57:37.307 [http-nio-8081-exec-2] INFO  c.project.service.ProjektServiceImpl.deleteProjekt(72) - REQUEST -> DELETE /api/projekty/1
2025-06-23 17:57:44.772 [http-nio-8081-exec-5] INFO  c.project.service.ProjektServiceImpl.getProjekt(45) - REQUEST -> GET /api/projekty/2
2025-06-23 18:00:01.409 [restartedMain] INFO  c.project.ProjectRestApiApplication.logStarting(53) - Starting ProjectRestApiApplication using Java 23.0.2 with PID 16108 (C:\Users\miche\Downloads\project-rest-api\build\classes\java\main started by miche in C:\Users\miche\Downloads\project-rest-api)
2025-06-23 18:00:01.410 [restartedMain] INFO  c.project.ProjectRestApiApplication.logStartupProfileInfo(652) - No active profile set, falling back to 1 default profile: "default"
2025-06-23 18:00:06.351 [restartedMain] INFO  c.project.ProjectRestApiApplication.logStarted(59) - Started ProjectRestApiApplication in 5.355 seconds (process running for 5.903)
2025-06-23 18:00:13.905 [http-nio-8081-exec-1] INFO  c.project.service.ProjektServiceImpl.getProjekty(105) - Pobieranie wszystkich projektów z bazy danych
2025-06-23 18:00:15.588 [http-nio-8081-exec-3] INFO  c.project.service.ProjektServiceImpl.getProjekt(45) - REQUEST -> GET /api/projekty/1
2025-06-23 18:01:55.679 [restartedMain] INFO  c.project.ProjectRestApiApplication.logStarting(53) - Starting ProjectRestApiApplication using Java 23.0.2 with PID 7008 (C:\Users\miche\Downloads\project-rest-api\build\classes\java\main started by miche in C:\Users\miche\Downloads\project-rest-api)
2025-06-23 18:01:55.680 [restartedMain] INFO  c.project.ProjectRestApiApplication.logStartupProfileInfo(652) - No active profile set, falling back to 1 default profile: "default"
2025-06-23 18:02:00.956 [restartedMain] INFO  c.project.ProjectRestApiApplication.logStarted(59) - Started ProjectRestApiApplication in 5.702 seconds (process running for 6.301)
2025-06-23 18:02:02.477 [http-nio-8081-exec-1] INFO  c.project.service.ProjektServiceImpl.getProjekty(105) - Pobieranie wszystkich projektów z bazy danych
2025-06-23 18:02:04.075 [http-nio-8081-exec-2] INFO  c.project.service.ProjektServiceImpl.getProjekt(45) - REQUEST -> GET /api/projekty/1
2025-06-23 18:02:04.124 [http-nio-8081-exec-4] INFO  c.project.service.ProjektServiceImpl.getProjekt(45) - REQUEST -> GET /api/projekty/1
2025-06-23 18:02:04.128 [http-nio-8081-exec-3] INFO  c.project.service.ProjektServiceImpl.getProjekt(45) - REQUEST -> GET /api/projekty/1
2025-06-23 18:02:04.132 [http-nio-8081-exec-5] INFO  c.project.service.ProjektServiceImpl.getProjekt(45) - REQUEST -> GET /api/projekty/1
2025-06-23 18:02:04.135 [http-nio-8081-exec-6] INFO  c.project.service.ProjektServiceImpl.getProjekt(45) - REQUEST -> GET /api/projekty/1
2025-06-23 18:02:04.137 [http-nio-8081-exec-7] INFO  c.project.service.ProjektServiceImpl.getProjekt(45) - REQUEST -> GET /api/projekty/1
2025-06-23 18:02:04.141 [http-nio-8081-exec-8] INFO  c.project.service.ProjektServiceImpl.getProjekt(45) - REQUEST -> GET /api/projekty/1
2025-06-23 18:02:04.144 [http-nio-8081-exec-9] INFO  c.project.service.ProjektServiceImpl.getProjekt(45) - REQUEST -> GET /api/projekty/1
2025-06-23 18:02:04.147 [http-nio-8081-exec-10] INFO  c.project.service.ProjektServiceImpl.getProjekt(45) - REQUEST -> GET /api/projekty/1
2025-06-23 18:02:04.149 [http-nio-8081-exec-1] INFO  c.project.service.ProjektServiceImpl.getProjekt(45) - REQUEST -> GET /api/projekty/1
2025-06-23 18:02:04.154 [http-nio-8081-exec-11] INFO  c.project.service.ProjektServiceImpl.getProjekt(45) - REQUEST -> GET /api/projekty/1
2025-06-23 18:02:04.157 [http-nio-8081-exec-12] INFO  c.project.service.ProjektServiceImpl.getProjekt(45) - REQUEST -> GET /api/projekty/1
2025-06-23 18:02:04.160 [http-nio-8081-exec-13] INFO  c.project.service.ProjektServiceImpl.getProjekt(45) - REQUEST -> GET /api/projekty/1
2025-06-23 18:02:04.164 [http-nio-8081-exec-14] INFO  c.project.service.ProjektServiceImpl.getProjekt(45) - REQUEST -> GET /api/projekty/1
2025-06-23 18:02:04.167 [http-nio-8081-exec-15] INFO  c.project.service.ProjektServiceImpl.getProjekt(45) - REQUEST -> GET /api/projekty/1
2025-06-23 18:02:04.171 [http-nio-8081-exec-16] INFO  c.project.service.ProjektServiceImpl.getProjekt(45) - REQUEST -> GET /api/projekty/1
2025-06-23 18:02:04.175 [http-nio-8081-exec-17] INFO  c.project.service.ProjektServiceImpl.getProjekt(45) - REQUEST -> GET /api/projekty/1
2025-06-23 18:02:04.178 [http-nio-8081-exec-18] INFO  c.project.service.ProjektServiceImpl.getProjekt(45) - REQUEST -> GET /api/projekty/1
2025-06-23 18:02:04.181 [http-nio-8081-exec-19] INFO  c.project.service.ProjektServiceImpl.getProjekt(45) - REQUEST -> GET /api/projekty/1
2025-06-23 18:02:04.184 [http-nio-8081-exec-20] INFO  c.project.service.ProjektServiceImpl.getProjekt(45) - REQUEST -> GET /api/projekty/1
2025-06-23 18:02:04.186 [http-nio-8081-exec-21] INFO  c.project.service.ProjektServiceImpl.getProjekt(45) - REQUEST -> GET /api/projekty/1
2025-06-23 18:02:04.189 [http-nio-8081-exec-22] INFO  c.project.service.ProjektServiceImpl.getProjekt(45) - REQUEST -> GET /api/projekty/1
2025-06-23 18:02:04.191 [http-nio-8081-exec-23] INFO  c.project.service.ProjektServiceImpl.getProjekt(45) - REQUEST -> GET /api/projekty/1
2025-06-23 18:02:04.194 [http-nio-8081-exec-24] INFO  c.project.service.ProjektServiceImpl.getProjekt(45) - REQUEST -> GET /api/projekty/1
2025-06-23 18:02:04.197 [http-nio-8081-exec-25] INFO  c.project.service.ProjektServiceImpl.getProjekt(45) - REQUEST -> GET /api/projekty/1
2025-06-23 18:02:04.199 [http-nio-8081-exec-26] INFO  c.project.service.ProjektServiceImpl.getProjekt(45) - REQUEST -> GET /api/projekty/1
2025-06-23 18:02:04.202 [http-nio-8081-exec-27] INFO  c.project.service.ProjektServiceImpl.getProjekt(45) - REQUEST -> GET /api/projekty/1
2025-06-23 18:02:04.205 [http-nio-8081-exec-28] INFO  c.project.service.ProjektServiceImpl.getProjekt(45) - REQUEST -> GET /api/projekty/1
2025-06-23 18:02:04.208 [http-nio-8081-exec-29] INFO  c.project.service.ProjektServiceImpl.getProjekt(45) - REQUEST -> GET /api/projekty/1
2025-06-23 18:02:04.211 [http-nio-8081-exec-30] INFO  c.project.service.ProjektServiceImpl.getProjekt(45) - REQUEST -> GET /api/projekty/1
2025-06-23 18:02:04.214 [http-nio-8081-exec-31] INFO  c.project.service.ProjektServiceImpl.getProjekt(45) - REQUEST -> GET /api/projekty/1
2025-06-23 18:02:04.216 [http-nio-8081-exec-32] INFO  c.project.service.ProjektServiceImpl.getProjekt(45) - REQUEST -> GET /api/projekty/1
2025-06-23 18:02:04.219 [http-nio-8081-exec-33] INFO  c.project.service.ProjektServiceImpl.getProjekt(45) - REQUEST -> GET /api/projekty/1
2025-06-23 18:02:04.222 [http-nio-8081-exec-34] INFO  c.project.service.ProjektServiceImpl.getProjekt(45) - REQUEST -> GET /api/projekty/1
2025-06-23 18:02:04.224 [http-nio-8081-exec-35] INFO  c.project.service.ProjektServiceImpl.getProjekt(45) - REQUEST -> GET /api/projekty/1
2025-06-23 18:02:04.227 [http-nio-8081-exec-36] INFO  c.project.service.ProjektServiceImpl.getProjekt(45) - REQUEST -> GET /api/projekty/1
2025-06-23 18:02:04.231 [http-nio-8081-exec-37] INFO  c.project.service.ProjektServiceImpl.getProjekt(45) - REQUEST -> GET /api/projekty/1
2025-06-23 18:02:04.234 [http-nio-8081-exec-38] INFO  c.project.service.ProjektServiceImpl.getProjekt(45) - REQUEST -> GET /api/projekty/1
2025-06-23 18:02:04.237 [http-nio-8081-exec-39] INFO  c.project.service.ProjektServiceImpl.getProjekt(45) - REQUEST -> GET /api/projekty/1
2025-06-23 18:02:04.240 [http-nio-8081-exec-40] INFO  c.project.service.ProjektServiceImpl.getProjekt(45) - REQUEST -> GET /api/projekty/1
2025-06-23 18:02:04.243 [http-nio-8081-exec-41] INFO  c.project.service.ProjektServiceImpl.getProjekt(45) - REQUEST -> GET /api/projekty/1
2025-06-23 18:02:04.245 [http-nio-8081-exec-42] INFO  c.project.service.ProjektServiceImpl.getProjekt(45) - REQUEST -> GET /api/projekty/1
2025-06-23 18:02:04.248 [http-nio-8081-exec-43] INFO  c.project.service.ProjektServiceImpl.getProjekt(45) - REQUEST -> GET /api/projekty/1
2025-06-23 18:02:04.251 [http-nio-8081-exec-44] INFO  c.project.service.ProjektServiceImpl.getProjekt(45) - REQUEST -> GET /api/projekty/1
2025-06-23 18:02:04.254 [http-nio-8081-exec-45] INFO  c.project.service.ProjektServiceImpl.getProjekt(45) - REQUEST -> GET /api/projekty/1
2025-06-23 18:02:04.257 [http-nio-8081-exec-46] INFO  c.project.service.ProjektServiceImpl.getProjekt(45) - REQUEST -> GET /api/projekty/1
2025-06-23 18:02:04.259 [http-nio-8081-exec-47] INFO  c.project.service.ProjektServiceImpl.getProjekt(45) - REQUEST -> GET /api/projekty/1
2025-06-23 18:02:04.262 [http-nio-8081-exec-48] INFO  c.project.service.ProjektServiceImpl.getProjekt(45) - REQUEST -> GET /api/projekty/1
2025-06-23 18:02:04.264 [http-nio-8081-exec-49] INFO  c.project.service.ProjektServiceImpl.getProjekt(45) - REQUEST -> GET /api/projekty/1
2025-06-23 18:02:04.266 [http-nio-8081-exec-50] INFO  c.project.service.ProjektServiceImpl.getProjekt(45) - REQUEST -> GET /api/projekty/1
2025-06-23 18:02:04.269 [http-nio-8081-exec-51] INFO  c.project.service.ProjektServiceImpl.getProjekt(45) - REQUEST -> GET /api/projekty/1
2025-06-23 18:02:04.271 [http-nio-8081-exec-52] INFO  c.project.service.ProjektServiceImpl.getProjekt(45) - REQUEST -> GET /api/projekty/1
2025-06-23 18:02:04.274 [http-nio-8081-exec-53] INFO  c.project.service.ProjektServiceImpl.getProjekt(45) - REQUEST -> GET /api/projekty/1
2025-06-23 18:02:04.276 [http-nio-8081-exec-54] INFO  c.project.service.ProjektServiceImpl.getProjekt(45) - REQUEST -> GET /api/projekty/1
2025-06-23 18:02:04.279 [http-nio-8081-exec-55] INFO  c.project.service.ProjektServiceImpl.getProjekt(45) - REQUEST -> GET /api/projekty/1
2025-06-23 18:02:04.282 [http-nio-8081-exec-56] INFO  c.project.service.ProjektServiceImpl.getProjekt(45) - REQUEST -> GET /api/projekty/1
2025-06-23 18:02:04.285 [http-nio-8081-exec-57] INFO  c.project.service.ProjektServiceImpl.getProjekt(45) - REQUEST -> GET /api/projekty/1
2025-06-23 18:02:04.288 [http-nio-8081-exec-58] INFO  c.project.service.ProjektServiceImpl.getProjekt(45) - REQUEST -> GET /api/projekty/1
2025-06-23 18:02:04.291 [http-nio-8081-exec-59] INFO  c.project.service.ProjektServiceImpl.getProjekt(45) - REQUEST -> GET /api/projekty/1
2025-06-23 18:02:04.295 [http-nio-8081-exec-60] INFO  c.project.service.ProjektServiceImpl.getProjekt(45) - REQUEST -> GET /api/projekty/1
2025-06-23 18:02:04.298 [http-nio-8081-exec-61] INFO  c.project.service.ProjektServiceImpl.getProjekt(45) - REQUEST -> GET /api/projekty/1
2025-06-23 18:02:04.302 [http-nio-8081-exec-62] INFO  c.project.service.ProjektServiceImpl.getProjekt(45) - REQUEST -> GET /api/projekty/1
2025-06-23 18:02:04.307 [http-nio-8081-exec-63] INFO  c.project.service.ProjektServiceImpl.getProjekt(45) - REQUEST -> GET /api/projekty/1
2025-06-23 18:02:04.310 [http-nio-8081-exec-64] INFO  c.project.service.ProjektServiceImpl.getProjekt(45) - REQUEST -> GET /api/projekty/1
2025-06-23 18:02:04.315 [http-nio-8081-exec-65] INFO  c.project.service.ProjektServiceImpl.getProjekt(45) - REQUEST -> GET /api/projekty/1
2025-06-23 18:02:04.318 [http-nio-8081-exec-66] INFO  c.project.service.ProjektServiceImpl.getProjekt(45) - REQUEST -> GET /api/projekty/1
2025-06-23 18:02:04.323 [http-nio-8081-exec-67] INFO  c.project.service.ProjektServiceImpl.getProjekt(45) - REQUEST -> GET /api/projekty/1
2025-06-23 18:02:04.326 [http-nio-8081-exec-68] INFO  c.project.service.ProjektServiceImpl.getProjekt(45) - REQUEST -> GET /api/projekty/1
2025-06-23 18:02:04.329 [http-nio-8081-exec-69] INFO  c.project.service.ProjektServiceImpl.getProjekt(45) - REQUEST -> GET /api/projekty/1
2025-06-23 18:02:04.333 [http-nio-8081-exec-70] INFO  c.project.service.ProjektServiceImpl.getProjekt(45) - REQUEST -> GET /api/projekty/1
2025-06-23 18:02:04.336 [http-nio-8081-exec-71] INFO  c.project.service.ProjektServiceImpl.getProjekt(45) - REQUEST -> GET /api/projekty/1
2025-06-23 18:02:04.339 [http-nio-8081-exec-72] INFO  c.project.service.ProjektServiceImpl.getProjekt(45) - REQUEST -> GET /api/projekty/1
2025-06-23 18:02:04.343 [http-nio-8081-exec-73] INFO  c.project.service.ProjektServiceImpl.getProjekt(45) - REQUEST -> GET /api/projekty/1
2025-06-23 18:02:04.346 [http-nio-8081-exec-74] INFO  c.project.service.ProjektServiceImpl.getProjekt(45) - REQUEST -> GET /api/projekty/1
2025-06-23 18:02:04.349 [http-nio-8081-exec-75] INFO  c.project.service.ProjektServiceImpl.getProjekt(45) - REQUEST -> GET /api/projekty/1
2025-06-23 18:02:04.352 [http-nio-8081-exec-76] INFO  c.project.service.ProjektServiceImpl.getProjekt(45) - REQUEST -> GET /api/projekty/1
2025-06-23 18:02:04.355 [http-nio-8081-exec-77] INFO  c.project.service.ProjektServiceImpl.getProjekt(45) - REQUEST -> GET /api/projekty/1
2025-06-23 18:02:04.358 [http-nio-8081-exec-78] INFO  c.project.service.ProjektServiceImpl.getProjekt(45) - REQUEST -> GET /api/projekty/1
2025-06-23 18:02:04.361 [http-nio-8081-exec-79] INFO  c.project.service.ProjektServiceImpl.getProjekt(45) - REQUEST -> GET /api/projekty/1
2025-06-23 18:02:04.364 [http-nio-8081-exec-80] INFO  c.project.service.ProjektServiceImpl.getProjekt(45) - REQUEST -> GET /api/projekty/1
2025-06-23 18:02:04.368 [http-nio-8081-exec-81] INFO  c.project.service.ProjektServiceImpl.getProjekt(45) - REQUEST -> GET /api/projekty/1
2025-06-23 18:02:04.371 [http-nio-8081-exec-82] INFO  c.project.service.ProjektServiceImpl.getProjekt(45) - REQUEST -> GET /api/projekty/1
2025-06-23 18:02:04.375 [http-nio-8081-exec-83] INFO  c.project.service.ProjektServiceImpl.getProjekt(45) - REQUEST -> GET /api/projekty/1
2025-06-23 18:02:04.378 [http-nio-8081-exec-84] INFO  c.project.service.ProjektServiceImpl.getProjekt(45) - REQUEST -> GET /api/projekty/1
2025-06-23 18:02:04.382 [http-nio-8081-exec-85] INFO  c.project.service.ProjektServiceImpl.getProjekt(45) - REQUEST -> GET /api/projekty/1
2025-06-23 18:02:04.385 [http-nio-8081-exec-86] INFO  c.project.service.ProjektServiceImpl.getProjekt(45) - REQUEST -> GET /api/projekty/1
2025-06-23 18:02:04.389 [http-nio-8081-exec-87] INFO  c.project.service.ProjektServiceImpl.getProjekt(45) - REQUEST -> GET /api/projekty/1
2025-06-23 18:02:04.392 [http-nio-8081-exec-88] INFO  c.project.service.ProjektServiceImpl.getProjekt(45) - REQUEST -> GET /api/projekty/1
2025-06-23 18:02:04.395 [http-nio-8081-exec-89] INFO  c.project.service.ProjektServiceImpl.getProjekt(45) - REQUEST -> GET /api/projekty/1
2025-06-23 18:02:04.397 [http-nio-8081-exec-90] INFO  c.project.service.ProjektServiceImpl.getProjekt(45) - REQUEST -> GET /api/projekty/1
2025-06-23 18:02:04.399 [http-nio-8081-exec-91] INFO  c.project.service.ProjektServiceImpl.getProjekt(45) - REQUEST -> GET /api/projekty/1
2025-06-23 18:02:04.401 [http-nio-8081-exec-92] INFO  c.project.service.ProjektServiceImpl.getProjekt(45) - REQUEST -> GET /api/projekty/1
2025-06-23 18:02:04.403 [http-nio-8081-exec-93] INFO  c.project.service.ProjektServiceImpl.getProjekt(45) - REQUEST -> GET /api/projekty/1
2025-06-23 18:02:04.405 [http-nio-8081-exec-94] INFO  c.project.service.ProjektServiceImpl.getProjekt(45) - REQUEST -> GET /api/projekty/1
2025-06-23 18:02:04.407 [http-nio-8081-exec-95] INFO  c.project.service.ProjektServiceImpl.getProjekt(45) - REQUEST -> GET /api/projekty/1
2025-06-23 18:02:04.409 [http-nio-8081-exec-96] INFO  c.project.service.ProjektServiceImpl.getProjekt(45) - REQUEST -> GET /api/projekty/1
2025-06-23 18:02:04.411 [http-nio-8081-exec-97] INFO  c.project.service.ProjektServiceImpl.getProjekt(45) - REQUEST -> GET /api/projekty/1
2025-06-23 18:02:04.413 [http-nio-8081-exec-98] INFO  c.project.service.ProjektServiceImpl.getProjekt(45) - REQUEST -> GET /api/projekty/1
2025-06-23 18:02:04.415 [http-nio-8081-exec-99] INFO  c.project.service.ProjektServiceImpl.getProjekt(45) - REQUEST -> GET /api/projekty/1
2025-06-23 18:02:04.416 [http-nio-8081-exec-100] INFO  c.project.service.ProjektServiceImpl.getProjekt(45) - REQUEST -> GET /api/projekty/1
2025-06-23 18:02:04.418 [http-nio-8081-exec-101] INFO  c.project.service.ProjektServiceImpl.getProjekt(45) - REQUEST -> GET /api/projekty/1
2025-06-23 18:02:04.421 [http-nio-8081-exec-102] INFO  c.project.service.ProjektServiceImpl.getProjekt(45) - REQUEST -> GET /api/projekty/1
2025-06-23 18:02:04.423 [http-nio-8081-exec-103] INFO  c.project.service.ProjektServiceImpl.getProjekt(45) - REQUEST -> GET /api/projekty/1
2025-06-23 18:02:04.426 [http-nio-8081-exec-104] INFO  c.project.service.ProjektServiceImpl.getProjekt(45) - REQUEST -> GET /api/projekty/1
2025-06-23 18:02:04.429 [http-nio-8081-exec-105] INFO  c.project.service.ProjektServiceImpl.getProjekt(45) - REQUEST -> GET /api/projekty/1
2025-06-23 18:02:04.431 [http-nio-8081-exec-106] INFO  c.project.service.ProjektServiceImpl.getProjekt(45) - REQUEST -> GET /api/projekty/1
2025-06-23 18:02:04.433 [http-nio-8081-exec-107] INFO  c.project.service.ProjektServiceImpl.getProjekt(45) - REQUEST -> GET /api/projekty/1
2025-06-23 18:02:04.435 [http-nio-8081-exec-108] INFO  c.project.service.ProjektServiceImpl.getProjekt(45) - REQUEST -> GET /api/projekty/1
2025-06-23 18:02:04.437 [http-nio-8081-exec-109] INFO  c.project.service.ProjektServiceImpl.getProjekt(45) - REQUEST -> GET /api/projekty/1
2025-06-23 18:02:04.438 [http-nio-8081-exec-110] INFO  c.project.service.ProjektServiceImpl.getProjekt(45) - REQUEST -> GET /api/projekty/1
2025-06-23 18:02:04.441 [http-nio-8081-exec-111] INFO  c.project.service.ProjektServiceImpl.getProjekt(45) - REQUEST -> GET /api/projekty/1
2025-06-23 18:02:04.443 [http-nio-8081-exec-112] INFO  c.project.service.ProjektServiceImpl.getProjekt(45) - REQUEST -> GET /api/projekty/1
2025-06-23 18:02:04.445 [http-nio-8081-exec-113] INFO  c.project.service.ProjektServiceImpl.getProjekt(45) - REQUEST -> GET /api/projekty/1
2025-06-23 18:02:04.447 [http-nio-8081-exec-114] INFO  c.project.service.ProjektServiceImpl.getProjekt(45) - REQUEST -> GET /api/projekty/1
2025-06-23 18:02:04.448 [http-nio-8081-exec-115] INFO  c.project.service.ProjektServiceImpl.getProjekt(45) - REQUEST -> GET /api/projekty/1
2025-06-23 18:02:04.450 [http-nio-8081-exec-116] INFO  c.project.service.ProjektServiceImpl.getProjekt(45) - REQUEST -> GET /api/projekty/1
2025-06-23 18:02:04.451 [http-nio-8081-exec-117] INFO  c.project.service.ProjektServiceImpl.getProjekt(45) - REQUEST -> GET /api/projekty/1
2025-06-23 18:02:04.453 [http-nio-8081-exec-118] INFO  c.project.service.ProjektServiceImpl.getProjekt(45) - REQUEST -> GET /api/projekty/1
2025-06-23 18:02:04.457 [http-nio-8081-exec-119] INFO  c.project.service.ProjektServiceImpl.getProjekt(45) - REQUEST -> GET /api/projekty/1
2025-06-23 18:02:04.459 [http-nio-8081-exec-120] INFO  c.project.service.ProjektServiceImpl.getProjekt(45) - REQUEST -> GET /api/projekty/1
2025-06-23 18:02:04.462 [http-nio-8081-exec-121] INFO  c.project.service.ProjektServiceImpl.getProjekt(45) - REQUEST -> GET /api/projekty/1
2025-06-23 18:02:04.464 [http-nio-8081-exec-122] INFO  c.project.service.ProjektServiceImpl.getProjekt(45) - REQUEST -> GET /api/projekty/1
2025-06-23 18:02:04.467 [http-nio-8081-exec-123] INFO  c.project.service.ProjektServiceImpl.getProjekt(45) - REQUEST -> GET /api/projekty/1
2025-06-23 18:02:04.469 [http-nio-8081-exec-124] INFO  c.project.service.ProjektServiceImpl.getProjekt(45) - REQUEST -> GET /api/projekty/1
2025-06-23 18:02:04.471 [http-nio-8081-exec-125] INFO  c.project.service.ProjektServiceImpl.getProjekt(45) - REQUEST -> GET /api/projekty/1
2025-06-23 18:02:04.473 [http-nio-8081-exec-126] INFO  c.project.service.ProjektServiceImpl.getProjekt(45) - REQUEST -> GET /api/projekty/1
2025-06-23 18:02:04.477 [http-nio-8081-exec-127] INFO  c.project.service.ProjektServiceImpl.getProjekt(45) - REQUEST -> GET /api/projekty/1
2025-06-23 18:02:04.493 [http-nio-8081-exec-128] INFO  c.project.service.ProjektServiceImpl.getProjekt(45) - REQUEST -> GET /api/projekty/1
2025-06-23 18:02:04.500 [http-nio-8081-exec-129] INFO  c.project.service.ProjektServiceImpl.getProjekt(45) - REQUEST -> GET /api/projekty/1
2025-06-23 18:02:04.504 [http-nio-8081-exec-130] INFO  c.project.service.ProjektServiceImpl.getProjekt(45) - REQUEST -> GET /api/projekty/1
2025-06-23 18:02:04.507 [http-nio-8081-exec-131] INFO  c.project.service.ProjektServiceImpl.getProjekt(45) - REQUEST -> GET /api/projekty/1
2025-06-23 18:02:04.514 [http-nio-8081-exec-132] INFO  c.project.service.ProjektServiceImpl.getProjekt(45) - REQUEST -> GET /api/projekty/1
2025-06-23 18:02:04.518 [http-nio-8081-exec-133] INFO  c.project.service.ProjektServiceImpl.getProjekt(45) - REQUEST -> GET /api/projekty/1
2025-06-23 18:02:04.521 [http-nio-8081-exec-134] INFO  c.project.service.ProjektServiceImpl.getProjekt(45) - REQUEST -> GET /api/projekty/1
2025-06-23 18:02:04.524 [http-nio-8081-exec-135] INFO  c.project.service.ProjektServiceImpl.getProjekt(45) - REQUEST -> GET /api/projekty/1
2025-06-23 18:02:04.526 [http-nio-8081-exec-136] INFO  c.project.service.ProjektServiceImpl.getProjekt(45) - REQUEST -> GET /api/projekty/1
2025-06-23 18:02:04.529 [http-nio-8081-exec-137] INFO  c.project.service.ProjektServiceImpl.getProjekt(45) - REQUEST -> GET /api/projekty/1
2025-06-23 18:02:04.532 [http-nio-8081-exec-138] INFO  c.project.service.ProjektServiceImpl.getProjekt(45) - REQUEST -> GET /api/projekty/1
2025-06-23 18:02:04.535 [http-nio-8081-exec-139] INFO  c.project.service.ProjektServiceImpl.getProjekt(45) - REQUEST -> GET /api/projekty/1
2025-06-23 18:02:04.538 [http-nio-8081-exec-140] INFO  c.project.service.ProjektServiceImpl.getProjekt(45) - REQUEST -> GET /api/projekty/1
2025-06-23 18:02:04.540 [http-nio-8081-exec-141] INFO  c.project.service.ProjektServiceImpl.getProjekt(45) - REQUEST -> GET /api/projekty/1
2025-06-23 18:02:04.543 [http-nio-8081-exec-142] INFO  c.project.service.ProjektServiceImpl.getProjekt(45) - REQUEST -> GET /api/projekty/1
2025-06-23 18:02:04.546 [http-nio-8081-exec-143] INFO  c.project.service.ProjektServiceImpl.getProjekt(45) - REQUEST -> GET /api/projekty/1
2025-06-23 18:02:04.549 [http-nio-8081-exec-144] INFO  c.project.service.ProjektServiceImpl.getProjekt(45) - REQUEST -> GET /api/projekty/1
2025-06-23 18:02:04.552 [http-nio-8081-exec-145] INFO  c.project.service.ProjektServiceImpl.getProjekt(45) - REQUEST -> GET /api/projekty/1
2025-06-23 18:02:04.555 [http-nio-8081-exec-146] INFO  c.project.service.ProjektServiceImpl.getProjekt(45) - REQUEST -> GET /api/projekty/1
2025-06-23 18:02:04.558 [http-nio-8081-exec-147] INFO  c.project.service.ProjektServiceImpl.getProjekt(45) - REQUEST -> GET /api/projekty/1
2025-06-23 18:02:04.561 [http-nio-8081-exec-148] INFO  c.project.service.ProjektServiceImpl.getProjekt(45) - REQUEST -> GET /api/projekty/1
2025-06-23 18:02:04.563 [http-nio-8081-exec-149] INFO  c.project.service.ProjektServiceImpl.getProjekt(45) - REQUEST -> GET /api/projekty/1
2025-06-23 18:02:04.566 [http-nio-8081-exec-150] INFO  c.project.service.ProjektServiceImpl.getProjekt(45) - REQUEST -> GET /api/projekty/1
2025-06-23 18:02:04.569 [http-nio-8081-exec-151] INFO  c.project.service.ProjektServiceImpl.getProjekt(45) - REQUEST -> GET /api/projekty/1
2025-06-23 18:02:04.572 [http-nio-8081-exec-152] INFO  c.project.service.ProjektServiceImpl.getProjekt(45) - REQUEST -> GET /api/projekty/1
2025-06-23 18:02:04.575 [http-nio-8081-exec-153] INFO  c.project.service.ProjektServiceImpl.getProjekt(45) - REQUEST -> GET /api/projekty/1
2025-06-23 18:02:04.577 [http-nio-8081-exec-154] INFO  c.project.service.ProjektServiceImpl.getProjekt(45) - REQUEST -> GET /api/projekty/1
2025-06-23 18:02:04.580 [http-nio-8081-exec-155] INFO  c.project.service.ProjektServiceImpl.getProjekt(45) - REQUEST -> GET /api/projekty/1
2025-06-23 18:02:04.583 [http-nio-8081-exec-156] INFO  c.project.service.ProjektServiceImpl.getProjekt(45) - REQUEST -> GET /api/projekty/1
2025-06-23 18:02:04.586 [http-nio-8081-exec-157] INFO  c.project.service.ProjektServiceImpl.getProjekt(45) - REQUEST -> GET /api/projekty/1
2025-06-23 18:02:04.589 [http-nio-8081-exec-158] INFO  c.project.service.ProjektServiceImpl.getProjekt(45) - REQUEST -> GET /api/projekty/1
2025-06-23 18:02:04.591 [http-nio-8081-exec-159] INFO  c.project.service.ProjektServiceImpl.getProjekt(45) - REQUEST -> GET /api/projekty/1
2025-06-23 18:02:04.593 [http-nio-8081-exec-160] INFO  c.project.service.ProjektServiceImpl.getProjekt(45) - REQUEST -> GET /api/projekty/1
2025-06-23 18:02:04.595 [http-nio-8081-exec-161] INFO  c.project.service.ProjektServiceImpl.getProjekt(45) - REQUEST -> GET /api/projekty/1
2025-06-23 18:02:04.597 [http-nio-8081-exec-162] INFO  c.project.service.ProjektServiceImpl.getProjekt(45) - REQUEST -> GET /api/projekty/1
2025-06-23 18:02:04.599 [http-nio-8081-exec-163] INFO  c.project.service.ProjektServiceImpl.getProjekt(45) - REQUEST -> GET /api/projekty/1
2025-06-23 18:02:04.602 [http-nio-8081-exec-164] INFO  c.project.service.ProjektServiceImpl.getProjekt(45) - REQUEST -> GET /api/projekty/1
2025-06-23 18:02:04.604 [http-nio-8081-exec-165] INFO  c.project.service.ProjektServiceImpl.getProjekt(45) - REQUEST -> GET /api/projekty/1
2025-06-23 18:02:04.605 [http-nio-8081-exec-166] INFO  c.project.service.ProjektServiceImpl.getProjekt(45) - REQUEST -> GET /api/projekty/1
2025-06-23 18:02:04.607 [http-nio-8081-exec-167] INFO  c.project.service.ProjektServiceImpl.getProjekt(45) - REQUEST -> GET /api/projekty/1
2025-06-23 18:02:04.609 [http-nio-8081-exec-168] INFO  c.project.service.ProjektServiceImpl.getProjekt(45) - REQUEST -> GET /api/projekty/1
2025-06-23 18:02:04.611 [http-nio-8081-exec-169] INFO  c.project.service.ProjektServiceImpl.getProjekt(45) - REQUEST -> GET /api/projekty/1
2025-06-23 18:02:04.614 [http-nio-8081-exec-170] INFO  c.project.service.ProjektServiceImpl.getProjekt(45) - REQUEST -> GET /api/projekty/1
2025-06-23 18:02:04.616 [http-nio-8081-exec-171] INFO  c.project.service.ProjektServiceImpl.getProjekt(45) - REQUEST -> GET /api/projekty/1
2025-06-23 18:02:04.620 [http-nio-8081-exec-172] INFO  c.project.service.ProjektServiceImpl.getProjekt(45) - REQUEST -> GET /api/projekty/1
2025-06-23 18:02:04.622 [http-nio-8081-exec-173] INFO  c.project.service.ProjektServiceImpl.getProjekt(45) - REQUEST -> GET /api/projekty/1
2025-06-23 18:02:04.624 [http-nio-8081-exec-174] INFO  c.project.service.ProjektServiceImpl.getProjekt(45) - REQUEST -> GET /api/projekty/1
2025-06-23 18:02:04.626 [http-nio-8081-exec-175] INFO  c.project.service.ProjektServiceImpl.getProjekt(45) - REQUEST -> GET /api/projekty/1
2025-06-23 18:02:04.627 [http-nio-8081-exec-176] INFO  c.project.service.ProjektServiceImpl.getProjekt(45) - REQUEST -> GET /api/projekty/1
2025-06-23 18:02:04.629 [http-nio-8081-exec-177] INFO  c.project.service.ProjektServiceImpl.getProjekt(45) - REQUEST -> GET /api/projekty/1
2025-06-23 18:02:04.631 [http-nio-8081-exec-178] INFO  c.project.service.ProjektServiceImpl.getProjekt(45) - REQUEST -> GET /api/projekty/1
2025-06-23 18:02:04.633 [http-nio-8081-exec-179] INFO  c.project.service.ProjektServiceImpl.getProjekt(45) - REQUEST -> GET /api/projekty/1
2025-06-23 18:02:04.636 [http-nio-8081-exec-180] INFO  c.project.service.ProjektServiceImpl.getProjekt(45) - REQUEST -> GET /api/projekty/1
2025-06-23 18:02:04.638 [http-nio-8081-exec-181] INFO  c.project.service.ProjektServiceImpl.getProjekt(45) - REQUEST -> GET /api/projekty/1
2025-06-23 18:02:04.642 [http-nio-8081-exec-182] INFO  c.project.service.ProjektServiceImpl.getProjekt(45) - REQUEST -> GET /api/projekty/1
2025-06-23 18:02:04.644 [http-nio-8081-exec-183] INFO  c.project.service.ProjektServiceImpl.getProjekt(45) - REQUEST -> GET /api/projekty/1
2025-06-23 18:02:04.646 [http-nio-8081-exec-184] INFO  c.project.service.ProjektServiceImpl.getProjekt(45) - REQUEST -> GET /api/projekty/1
2025-06-23 18:02:04.648 [http-nio-8081-exec-185] INFO  c.project.service.ProjektServiceImpl.getProjekt(45) - REQUEST -> GET /api/projekty/1
2025-06-23 18:02:04.650 [http-nio-8081-exec-186] INFO  c.project.service.ProjektServiceImpl.getProjekt(45) - REQUEST -> GET /api/projekty/1
2025-06-23 18:02:04.651 [http-nio-8081-exec-187] INFO  c.project.service.ProjektServiceImpl.getProjekt(45) - REQUEST -> GET /api/projekty/1
2025-06-23 18:02:04.653 [http-nio-8081-exec-188] INFO  c.project.service.ProjektServiceImpl.getProjekt(45) - REQUEST -> GET /api/projekty/1
2025-06-23 18:02:04.655 [http-nio-8081-exec-189] INFO  c.project.service.ProjektServiceImpl.getProjekt(45) - REQUEST -> GET /api/projekty/1
2025-06-23 18:02:04.657 [http-nio-8081-exec-190] INFO  c.project.service.ProjektServiceImpl.getProjekt(45) - REQUEST -> GET /api/projekty/1
2025-06-23 18:02:04.659 [http-nio-8081-exec-191] INFO  c.project.service.ProjektServiceImpl.getProjekt(45) - REQUEST -> GET /api/projekty/1
2025-06-23 18:02:04.661 [http-nio-8081-exec-192] INFO  c.project.service.ProjektServiceImpl.getProjekt(45) - REQUEST -> GET /api/projekty/1
2025-06-23 18:02:04.665 [http-nio-8081-exec-193] INFO  c.project.service.ProjektServiceImpl.getProjekt(45) - REQUEST -> GET /api/projekty/1
2025-06-23 18:02:04.668 [http-nio-8081-exec-194] INFO  c.project.service.ProjektServiceImpl.getProjekt(45) - REQUEST -> GET /api/projekty/1
2025-06-23 18:02:04.670 [http-nio-8081-exec-195] INFO  c.project.service.ProjektServiceImpl.getProjekt(45) - REQUEST -> GET /api/projekty/1
2025-06-23 18:02:04.672 [http-nio-8081-exec-196] INFO  c.project.service.ProjektServiceImpl.getProjekt(45) - REQUEST -> GET /api/projekty/1
2025-06-23 18:02:04.676 [http-nio-8081-exec-197] INFO  c.project.service.ProjektServiceImpl.getProjekt(45) - REQUEST -> GET /api/projekty/1
2025-06-23 18:02:04.679 [http-nio-8081-exec-198] INFO  c.project.service.ProjektServiceImpl.getProjekt(45) - REQUEST -> GET /api/projekty/1
2025-06-23 18:02:04.681 [http-nio-8081-exec-199] INFO  c.project.service.ProjektServiceImpl.getProjekt(45) - REQUEST -> GET /api/projekty/1
2025-06-23 18:02:04.683 [http-nio-8081-exec-200] INFO  c.project.service.ProjektServiceImpl.getProjekt(45) - REQUEST -> GET /api/projekty/1
2025-06-23 18:02:19.713 [restartedMain] INFO  c.project.ProjectRestApiApplication.logStarting(53) - Starting ProjectRestApiApplication using Java 23.0.2 with PID 13028 (C:\Users\miche\Downloads\project-rest-api\build\classes\java\main started by miche in C:\Users\miche\Downloads\project-rest-api)
2025-06-23 18:02:19.714 [restartedMain] INFO  c.project.ProjectRestApiApplication.logStartupProfileInfo(652) - No active profile set, falling back to 1 default profile: "default"
2025-06-23 18:02:24.780 [restartedMain] INFO  c.project.ProjectRestApiApplication.logStarted(59) - Started ProjectRestApiApplication in 5.494 seconds (process running for 6.042)
2025-06-23 18:02:24.888 [http-nio-8081-exec-1] INFO  c.project.service.ProjektServiceImpl.getProjekty(105) - Pobieranie wszystkich projektów z bazy danych
2025-06-23 18:02:28.137 [http-nio-8081-exec-2] INFO  c.project.service.ProjektServiceImpl.deleteProjekt(72) - REQUEST -> DELETE /api/projekty/1
2025-06-23 18:02:28.181 [http-nio-8081-exec-3] INFO  c.project.service.ProjektServiceImpl.getProjekt(45) - REQUEST -> GET /api/projekty/1
2025-06-23 18:02:28.184 [http-nio-8081-exec-4] INFO  c.project.service.ProjektServiceImpl.getProjekt(45) - REQUEST -> GET /api/projekty/1
2025-06-23 18:02:28.187 [http-nio-8081-exec-5] INFO  c.project.service.ProjektServiceImpl.getProjekt(45) - REQUEST -> GET /api/projekty/1
2025-06-23 18:02:28.189 [http-nio-8081-exec-6] INFO  c.project.service.ProjektServiceImpl.getProjekt(45) - REQUEST -> GET /api/projekty/1
2025-06-23 18:02:28.192 [http-nio-8081-exec-7] INFO  c.project.service.ProjektServiceImpl.getProjekt(45) - REQUEST -> GET /api/projekty/1
2025-06-23 18:02:28.194 [http-nio-8081-exec-8] INFO  c.project.service.ProjektServiceImpl.getProjekt(45) - REQUEST -> GET /api/projekty/1
2025-06-23 18:02:28.196 [http-nio-8081-exec-9] INFO  c.project.service.ProjektServiceImpl.getProjekt(45) - REQUEST -> GET /api/projekty/1
2025-06-23 18:02:28.199 [http-nio-8081-exec-10] INFO  c.project.service.ProjektServiceImpl.getProjekt(45) - REQUEST -> GET /api/projekty/1
2025-06-23 18:02:28.202 [http-nio-8081-exec-1] INFO  c.project.service.ProjektServiceImpl.getProjekt(45) - REQUEST -> GET /api/projekty/1
2025-06-23 18:02:28.204 [http-nio-8081-exec-11] INFO  c.project.service.ProjektServiceImpl.getProjekt(45) - REQUEST -> GET /api/projekty/1
2025-06-23 18:02:28.207 [http-nio-8081-exec-12] INFO  c.project.service.ProjektServiceImpl.getProjekt(45) - REQUEST -> GET /api/projekty/1
2025-06-23 18:02:28.209 [http-nio-8081-exec-13] INFO  c.project.service.ProjektServiceImpl.getProjekt(45) - REQUEST -> GET /api/projekty/1
2025-06-23 18:02:28.211 [http-nio-8081-exec-14] INFO  c.project.service.ProjektServiceImpl.getProjekt(45) - REQUEST -> GET /api/projekty/1
2025-06-23 18:02:28.214 [http-nio-8081-exec-15] INFO  c.project.service.ProjektServiceImpl.getProjekt(45) - REQUEST -> GET /api/projekty/1
2025-06-23 18:02:28.217 [http-nio-8081-exec-16] INFO  c.project.service.ProjektServiceImpl.getProjekt(45) - REQUEST -> GET /api/projekty/1
2025-06-23 18:02:28.219 [http-nio-8081-exec-17] INFO  c.project.service.ProjektServiceImpl.getProjekt(45) - REQUEST -> GET /api/projekty/1
2025-06-23 18:02:28.223 [http-nio-8081-exec-18] INFO  c.project.service.ProjektServiceImpl.getProjekt(45) - REQUEST -> GET /api/projekty/1
2025-06-23 18:02:28.225 [http-nio-8081-exec-19] INFO  c.project.service.ProjektServiceImpl.getProjekt(45) - REQUEST -> GET /api/projekty/1
2025-06-23 18:02:28.228 [http-nio-8081-exec-20] INFO  c.project.service.ProjektServiceImpl.getProjekt(45) - REQUEST -> GET /api/projekty/1
2025-06-23 18:02:28.231 [http-nio-8081-exec-21] INFO  c.project.service.ProjektServiceImpl.getProjekt(45) - REQUEST -> GET /api/projekty/1
2025-06-23 18:02:28.234 [http-nio-8081-exec-22] INFO  c.project.service.ProjektServiceImpl.getProjekt(45) - REQUEST -> GET /api/projekty/1
2025-06-23 18:02:28.237 [http-nio-8081-exec-23] INFO  c.project.service.ProjektServiceImpl.getProjekt(45) - REQUEST -> GET /api/projekty/1
2025-06-23 18:02:28.239 [http-nio-8081-exec-24] INFO  c.project.service.ProjektServiceImpl.getProjekt(45) - REQUEST -> GET /api/projekty/1
2025-06-23 18:02:28.242 [http-nio-8081-exec-25] INFO  c.project.service.ProjektServiceImpl.getProjekt(45) - REQUEST -> GET /api/projekty/1
2025-06-23 18:02:28.244 [http-nio-8081-exec-26] INFO  c.project.service.ProjektServiceImpl.getProjekt(45) - REQUEST -> GET /api/projekty/1
2025-06-23 18:02:28.246 [http-nio-8081-exec-27] INFO  c.project.service.ProjektServiceImpl.getProjekt(45) - REQUEST -> GET /api/projekty/1
2025-06-23 18:02:28.249 [http-nio-8081-exec-28] INFO  c.project.service.ProjektServiceImpl.getProjekt(45) - REQUEST -> GET /api/projekty/1
2025-06-23 18:02:28.252 [http-nio-8081-exec-29] INFO  c.project.service.ProjektServiceImpl.getProjekt(45) - REQUEST -> GET /api/projekty/1
2025-06-23 18:02:28.255 [http-nio-8081-exec-30] INFO  c.project.service.ProjektServiceImpl.getProjekt(45) - REQUEST -> GET /api/projekty/1
2025-06-23 18:02:28.257 [http-nio-8081-exec-31] INFO  c.project.service.ProjektServiceImpl.getProjekt(45) - REQUEST -> GET /api/projekty/1
2025-06-23 18:02:28.259 [http-nio-8081-exec-32] INFO  c.project.service.ProjektServiceImpl.getProjekt(45) - REQUEST -> GET /api/projekty/1
2025-06-23 18:02:28.262 [http-nio-8081-exec-33] INFO  c.project.service.ProjektServiceImpl.getProjekt(45) - REQUEST -> GET /api/projekty/1
2025-06-23 18:02:28.265 [http-nio-8081-exec-34] INFO  c.project.service.ProjektServiceImpl.getProjekt(45) - REQUEST -> GET /api/projekty/1
2025-06-23 18:02:28.268 [http-nio-8081-exec-35] INFO  c.project.service.ProjektServiceImpl.getProjekt(45) - REQUEST -> GET /api/projekty/1
2025-06-23 18:02:28.270 [http-nio-8081-exec-36] INFO  c.project.service.ProjektServiceImpl.getProjekt(45) - REQUEST -> GET /api/projekty/1
2025-06-23 18:02:28.274 [http-nio-8081-exec-37] INFO  c.project.service.ProjektServiceImpl.getProjekt(45) - REQUEST -> GET /api/projekty/1
2025-06-23 18:02:28.276 [http-nio-8081-exec-38] INFO  c.project.service.ProjektServiceImpl.getProjekt(45) - REQUEST -> GET /api/projekty/1
2025-06-23 18:02:28.278 [http-nio-8081-exec-39] INFO  c.project.service.ProjektServiceImpl.getProjekt(45) - REQUEST -> GET /api/projekty/1
2025-06-23 18:02:28.280 [http-nio-8081-exec-40] INFO  c.project.service.ProjektServiceImpl.getProjekt(45) - REQUEST -> GET /api/projekty/1
2025-06-23 18:02:28.282 [http-nio-8081-exec-41] INFO  c.project.service.ProjektServiceImpl.getProjekt(45) - REQUEST -> GET /api/projekty/1
2025-06-23 18:02:28.285 [http-nio-8081-exec-42] INFO  c.project.service.ProjektServiceImpl.getProjekt(45) - REQUEST -> GET /api/projekty/1
2025-06-23 18:02:28.288 [http-nio-8081-exec-43] INFO  c.project.service.ProjektServiceImpl.getProjekt(45) - REQUEST -> GET /api/projekty/1
2025-06-23 18:02:28.290 [http-nio-8081-exec-44] INFO  c.project.service.ProjektServiceImpl.getProjekt(45) - REQUEST -> GET /api/projekty/1
2025-06-23 18:02:28.293 [http-nio-8081-exec-45] INFO  c.project.service.ProjektServiceImpl.getProjekt(45) - REQUEST -> GET /api/projekty/1
2025-06-23 18:02:28.296 [http-nio-8081-exec-46] INFO  c.project.service.ProjektServiceImpl.getProjekt(45) - REQUEST -> GET /api/projekty/1
2025-06-23 18:02:28.298 [http-nio-8081-exec-47] INFO  c.project.service.ProjektServiceImpl.getProjekt(45) - REQUEST -> GET /api/projekty/1
2025-06-23 18:02:28.302 [http-nio-8081-exec-48] INFO  c.project.service.ProjektServiceImpl.getProjekt(45) - REQUEST -> GET /api/projekty/1
2025-06-23 18:02:28.305 [http-nio-8081-exec-49] INFO  c.project.service.ProjektServiceImpl.getProjekt(45) - REQUEST -> GET /api/projekty/1
2025-06-23 18:02:28.308 [http-nio-8081-exec-50] INFO  c.project.service.ProjektServiceImpl.getProjekt(45) - REQUEST -> GET /api/projekty/1
2025-06-23 18:02:28.310 [http-nio-8081-exec-51] INFO  c.project.service.ProjektServiceImpl.getProjekt(45) - REQUEST -> GET /api/projekty/1
2025-06-23 18:02:28.313 [http-nio-8081-exec-52] INFO  c.project.service.ProjektServiceImpl.getProjekt(45) - REQUEST -> GET /api/projekty/1
2025-06-23 18:02:28.315 [http-nio-8081-exec-53] INFO  c.project.service.ProjektServiceImpl.getProjekt(45) - REQUEST -> GET /api/projekty/1
2025-06-23 18:02:28.317 [http-nio-8081-exec-54] INFO  c.project.service.ProjektServiceImpl.getProjekt(45) - REQUEST -> GET /api/projekty/1
2025-06-23 18:02:28.319 [http-nio-8081-exec-55] INFO  c.project.service.ProjektServiceImpl.getProjekt(45) - REQUEST -> GET /api/projekty/1
2025-06-23 18:02:28.322 [http-nio-8081-exec-56] INFO  c.project.service.ProjektServiceImpl.getProjekt(45) - REQUEST -> GET /api/projekty/1
2025-06-23 18:02:28.325 [http-nio-8081-exec-57] INFO  c.project.service.ProjektServiceImpl.getProjekt(45) - REQUEST -> GET /api/projekty/1
2025-06-23 18:02:28.328 [http-nio-8081-exec-58] INFO  c.project.service.ProjektServiceImpl.getProjekt(45) - REQUEST -> GET /api/projekty/1
2025-06-23 18:02:28.330 [http-nio-8081-exec-59] INFO  c.project.service.ProjektServiceImpl.getProjekt(45) - REQUEST -> GET /api/projekty/1
2025-06-23 18:02:28.333 [http-nio-8081-exec-60] INFO  c.project.service.ProjektServiceImpl.getProjekt(45) - REQUEST -> GET /api/projekty/1
2025-06-23 18:02:28.335 [http-nio-8081-exec-61] INFO  c.project.service.ProjektServiceImpl.getProjekt(45) - REQUEST -> GET /api/projekty/1
2025-06-23 18:02:28.338 [http-nio-8081-exec-62] INFO  c.project.service.ProjektServiceImpl.getProjekt(45) - REQUEST -> GET /api/projekty/1
2025-06-23 18:02:28.341 [http-nio-8081-exec-63] INFO  c.project.service.ProjektServiceImpl.getProjekt(45) - REQUEST -> GET /api/projekty/1
2025-06-23 18:02:28.345 [http-nio-8081-exec-64] INFO  c.project.service.ProjektServiceImpl.getProjekt(45) - REQUEST -> GET /api/projekty/1
2025-06-23 18:02:28.348 [http-nio-8081-exec-65] INFO  c.project.service.ProjektServiceImpl.getProjekt(45) - REQUEST -> GET /api/projekty/1
2025-06-23 18:02:28.351 [http-nio-8081-exec-66] INFO  c.project.service.ProjektServiceImpl.getProjekt(45) - REQUEST -> GET /api/projekty/1
2025-06-23 18:02:28.354 [http-nio-8081-exec-67] INFO  c.project.service.ProjektServiceImpl.getProjekt(45) - REQUEST -> GET /api/projekty/1
2025-06-23 18:02:28.356 [http-nio-8081-exec-68] INFO  c.project.service.ProjektServiceImpl.getProjekt(45) - REQUEST -> GET /api/projekty/1
2025-06-23 18:02:28.359 [http-nio-8081-exec-69] INFO  c.project.service.ProjektServiceImpl.getProjekt(45) - REQUEST -> GET /api/projekty/1
2025-06-23 18:02:28.362 [http-nio-8081-exec-70] INFO  c.project.service.ProjektServiceImpl.getProjekt(45) - REQUEST -> GET /api/projekty/1
2025-06-23 18:02:28.365 [http-nio-8081-exec-71] INFO  c.project.service.ProjektServiceImpl.getProjekt(45) - REQUEST -> GET /api/projekty/1
2025-06-23 18:02:28.369 [http-nio-8081-exec-72] INFO  c.project.service.ProjektServiceImpl.getProjekt(45) - REQUEST -> GET /api/projekty/1
2025-06-23 18:02:28.371 [http-nio-8081-exec-73] INFO  c.project.service.ProjektServiceImpl.getProjekt(45) - REQUEST -> GET /api/projekty/1
2025-06-23 18:02:28.373 [http-nio-8081-exec-74] INFO  c.project.service.ProjektServiceImpl.getProjekt(45) - REQUEST -> GET /api/projekty/1
2025-06-23 18:02:28.375 [http-nio-8081-exec-75] INFO  c.project.service.ProjektServiceImpl.getProjekt(45) - REQUEST -> GET /api/projekty/1
2025-06-23 18:02:28.377 [http-nio-8081-exec-76] INFO  c.project.service.ProjektServiceImpl.getProjekt(45) - REQUEST -> GET /api/projekty/1
2025-06-23 18:02:28.380 [http-nio-8081-exec-77] INFO  c.project.service.ProjektServiceImpl.getProjekt(45) - REQUEST -> GET /api/projekty/1
2025-06-23 18:02:28.382 [http-nio-8081-exec-78] INFO  c.project.service.ProjektServiceImpl.getProjekt(45) - REQUEST -> GET /api/projekty/1
2025-06-23 18:02:28.385 [http-nio-8081-exec-79] INFO  c.project.service.ProjektServiceImpl.getProjekt(45) - REQUEST -> GET /api/projekty/1
2025-06-23 18:02:28.389 [http-nio-8081-exec-80] INFO  c.project.service.ProjektServiceImpl.getProjekt(45) - REQUEST -> GET /api/projekty/1
2025-06-23 18:02:28.392 [http-nio-8081-exec-81] INFO  c.project.service.ProjektServiceImpl.getProjekt(45) - REQUEST -> GET /api/projekty/1
2025-06-23 18:02:28.394 [http-nio-8081-exec-82] INFO  c.project.service.ProjektServiceImpl.getProjekt(45) - REQUEST -> GET /api/projekty/1
2025-06-23 18:02:28.396 [http-nio-8081-exec-83] INFO  c.project.service.ProjektServiceImpl.getProjekt(45) - REQUEST -> GET /api/projekty/1
2025-06-23 18:02:28.399 [http-nio-8081-exec-84] INFO  c.project.service.ProjektServiceImpl.getProjekt(45) - REQUEST -> GET /api/projekty/1
2025-06-23 18:02:28.401 [http-nio-8081-exec-85] INFO  c.project.service.ProjektServiceImpl.getProjekt(45) - REQUEST -> GET /api/projekty/1
2025-06-23 18:02:28.405 [http-nio-8081-exec-86] INFO  c.project.service.ProjektServiceImpl.getProjekt(45) - REQUEST -> GET /api/projekty/1
2025-06-23 18:02:28.407 [http-nio-8081-exec-87] INFO  c.project.service.ProjektServiceImpl.getProjekt(45) - REQUEST -> GET /api/projekty/1
2025-06-23 18:02:28.410 [http-nio-8081-exec-88] INFO  c.project.service.ProjektServiceImpl.getProjekt(45) - REQUEST -> GET /api/projekty/1
2025-06-23 18:02:28.413 [http-nio-8081-exec-89] INFO  c.project.service.ProjektServiceImpl.getProjekt(45) - REQUEST -> GET /api/projekty/1
2025-06-23 18:02:28.416 [http-nio-8081-exec-90] INFO  c.project.service.ProjektServiceImpl.getProjekt(45) - REQUEST -> GET /api/projekty/1
2025-06-23 18:02:28.419 [http-nio-8081-exec-91] INFO  c.project.service.ProjektServiceImpl.getProjekt(45) - REQUEST -> GET /api/projekty/1
2025-06-23 18:02:28.422 [http-nio-8081-exec-92] INFO  c.project.service.ProjektServiceImpl.getProjekt(45) - REQUEST -> GET /api/projekty/1
2025-06-23 18:02:28.424 [http-nio-8081-exec-93] INFO  c.project.service.ProjektServiceImpl.getProjekt(45) - REQUEST -> GET /api/projekty/1
2025-06-23 18:02:28.426 [http-nio-8081-exec-94] INFO  c.project.service.ProjektServiceImpl.getProjekt(45) - REQUEST -> GET /api/projekty/1
2025-06-23 18:02:28.428 [http-nio-8081-exec-95] INFO  c.project.service.ProjektServiceImpl.getProjekt(45) - REQUEST -> GET /api/projekty/1
2025-06-23 18:02:28.431 [http-nio-8081-exec-96] INFO  c.project.service.ProjektServiceImpl.getProjekt(45) - REQUEST -> GET /api/projekty/1
2025-06-23 18:02:28.433 [http-nio-8081-exec-97] INFO  c.project.service.ProjektServiceImpl.getProjekt(45) - REQUEST -> GET /api/projekty/1
2025-06-23 18:02:28.436 [http-nio-8081-exec-98] INFO  c.project.service.ProjektServiceImpl.getProjekt(45) - REQUEST -> GET /api/projekty/1
2025-06-23 18:02:28.439 [http-nio-8081-exec-99] INFO  c.project.service.ProjektServiceImpl.getProjekt(45) - REQUEST -> GET /api/projekty/1
2025-06-23 18:02:28.442 [http-nio-8081-exec-100] INFO  c.project.service.ProjektServiceImpl.getProjekt(45) - REQUEST -> GET /api/projekty/1
2025-06-23 18:02:28.444 [http-nio-8081-exec-101] INFO  c.project.service.ProjektServiceImpl.getProjekt(45) - REQUEST -> GET /api/projekty/1
2025-06-23 18:02:28.447 [http-nio-8081-exec-102] INFO  c.project.service.ProjektServiceImpl.getProjekt(45) - REQUEST -> GET /api/projekty/1
2025-06-23 18:02:28.449 [http-nio-8081-exec-103] INFO  c.project.service.ProjektServiceImpl.getProjekt(45) - REQUEST -> GET /api/projekty/1
2025-06-23 18:02:28.451 [http-nio-8081-exec-104] INFO  c.project.service.ProjektServiceImpl.getProjekt(45) - REQUEST -> GET /api/projekty/1
2025-06-23 18:02:28.453 [http-nio-8081-exec-105] INFO  c.project.service.ProjektServiceImpl.getProjekt(45) - REQUEST -> GET /api/projekty/1
2025-06-23 18:02:28.456 [http-nio-8081-exec-106] INFO  c.project.service.ProjektServiceImpl.getProjekt(45) - REQUEST -> GET /api/projekty/1
2025-06-23 18:02:28.459 [http-nio-8081-exec-107] INFO  c.project.service.ProjektServiceImpl.getProjekt(45) - REQUEST -> GET /api/projekty/1
2025-06-23 18:02:28.461 [http-nio-8081-exec-108] INFO  c.project.service.ProjektServiceImpl.getProjekt(45) - REQUEST -> GET /api/projekty/1
2025-06-23 18:02:28.463 [http-nio-8081-exec-109] INFO  c.project.service.ProjektServiceImpl.getProjekt(45) - REQUEST -> GET /api/projekty/1
2025-06-23 18:02:28.465 [http-nio-8081-exec-110] INFO  c.project.service.ProjektServiceImpl.getProjekt(45) - REQUEST -> GET /api/projekty/1
2025-06-23 18:02:28.468 [http-nio-8081-exec-111] INFO  c.project.service.ProjektServiceImpl.getProjekt(45) - REQUEST -> GET /api/projekty/1
2025-06-23 18:02:28.471 [http-nio-8081-exec-112] INFO  c.project.service.ProjektServiceImpl.getProjekt(45) - REQUEST -> GET /api/projekty/1
2025-06-23 18:02:28.473 [http-nio-8081-exec-113] INFO  c.project.service.ProjektServiceImpl.getProjekt(45) - REQUEST -> GET /api/projekty/1
2025-06-23 18:02:28.475 [http-nio-8081-exec-114] INFO  c.project.service.ProjektServiceImpl.getProjekt(45) - REQUEST -> GET /api/projekty/1
2025-06-23 18:02:28.477 [http-nio-8081-exec-115] INFO  c.project.service.ProjektServiceImpl.getProjekt(45) - REQUEST -> GET /api/projekty/1
2025-06-23 18:02:28.480 [http-nio-8081-exec-116] INFO  c.project.service.ProjektServiceImpl.getProjekt(45) - REQUEST -> GET /api/projekty/1
2025-06-23 18:02:28.482 [http-nio-8081-exec-117] INFO  c.project.service.ProjektServiceImpl.getProjekt(45) - REQUEST -> GET /api/projekty/1
2025-06-23 18:02:28.483 [http-nio-8081-exec-118] INFO  c.project.service.ProjektServiceImpl.getProjekt(45) - REQUEST -> GET /api/projekty/1
2025-06-23 18:02:28.485 [http-nio-8081-exec-119] INFO  c.project.service.ProjektServiceImpl.getProjekt(45) - REQUEST -> GET /api/projekty/1
2025-06-23 18:02:28.486 [http-nio-8081-exec-120] INFO  c.project.service.ProjektServiceImpl.getProjekt(45) - REQUEST -> GET /api/projekty/1
2025-06-23 18:02:28.488 [http-nio-8081-exec-121] INFO  c.project.service.ProjektServiceImpl.getProjekt(45) - REQUEST -> GET /api/projekty/1
2025-06-23 18:02:28.490 [http-nio-8081-exec-122] INFO  c.project.service.ProjektServiceImpl.getProjekt(45) - REQUEST -> GET /api/projekty/1
2025-06-23 18:02:28.492 [http-nio-8081-exec-123] INFO  c.project.service.ProjektServiceImpl.getProjekt(45) - REQUEST -> GET /api/projekty/1
2025-06-23 18:02:28.494 [http-nio-8081-exec-124] INFO  c.project.service.ProjektServiceImpl.getProjekt(45) - REQUEST -> GET /api/projekty/1
2025-06-23 18:02:28.497 [http-nio-8081-exec-125] INFO  c.project.service.ProjektServiceImpl.getProjekt(45) - REQUEST -> GET /api/projekty/1
2025-06-23 18:02:28.499 [http-nio-8081-exec-126] INFO  c.project.service.ProjektServiceImpl.getProjekt(45) - REQUEST -> GET /api/projekty/1
2025-06-23 18:02:28.502 [http-nio-8081-exec-127] INFO  c.project.service.ProjektServiceImpl.getProjekt(45) - REQUEST -> GET /api/projekty/1
2025-06-23 18:02:28.516 [http-nio-8081-exec-128] INFO  c.project.service.ProjektServiceImpl.getProjekt(45) - REQUEST -> GET /api/projekty/1
2025-06-23 18:02:28.521 [http-nio-8081-exec-129] INFO  c.project.service.ProjektServiceImpl.getProjekt(45) - REQUEST -> GET /api/projekty/1
2025-06-23 18:02:28.524 [http-nio-8081-exec-130] INFO  c.project.service.ProjektServiceImpl.getProjekt(45) - REQUEST -> GET /api/projekty/1
2025-06-23 18:02:28.526 [http-nio-8081-exec-131] INFO  c.project.service.ProjektServiceImpl.getProjekt(45) - REQUEST -> GET /api/projekty/1
2025-06-23 18:02:28.529 [http-nio-8081-exec-132] INFO  c.project.service.ProjektServiceImpl.getProjekt(45) - REQUEST -> GET /api/projekty/1
2025-06-23 18:02:28.534 [http-nio-8081-exec-133] INFO  c.project.service.ProjektServiceImpl.getProjekt(45) - REQUEST -> GET /api/projekty/1
2025-06-23 18:02:28.538 [http-nio-8081-exec-134] INFO  c.project.service.ProjektServiceImpl.getProjekt(45) - REQUEST -> GET /api/projekty/1
2025-06-23 18:02:28.540 [http-nio-8081-exec-135] INFO  c.project.service.ProjektServiceImpl.getProjekt(45) - REQUEST -> GET /api/projekty/1
2025-06-23 18:02:28.543 [http-nio-8081-exec-136] INFO  c.project.service.ProjektServiceImpl.getProjekt(45) - REQUEST -> GET /api/projekty/1
2025-06-23 18:02:28.546 [http-nio-8081-exec-137] INFO  c.project.service.ProjektServiceImpl.getProjekt(45) - REQUEST -> GET /api/projekty/1
2025-06-23 18:02:28.549 [http-nio-8081-exec-138] INFO  c.project.service.ProjektServiceImpl.getProjekt(45) - REQUEST -> GET /api/projekty/1
2025-06-23 18:02:28.551 [http-nio-8081-exec-139] INFO  c.project.service.ProjektServiceImpl.getProjekt(45) - REQUEST -> GET /api/projekty/1
2025-06-23 18:02:28.553 [http-nio-8081-exec-140] INFO  c.project.service.ProjektServiceImpl.getProjekt(45) - REQUEST -> GET /api/projekty/1
2025-06-23 18:02:28.555 [http-nio-8081-exec-141] INFO  c.project.service.ProjektServiceImpl.getProjekt(45) - REQUEST -> GET /api/projekty/1
2025-06-23 18:02:28.558 [http-nio-8081-exec-142] INFO  c.project.service.ProjektServiceImpl.getProjekt(45) - REQUEST -> GET /api/projekty/1
2025-06-23 18:02:28.561 [http-nio-8081-exec-143] INFO  c.project.service.ProjektServiceImpl.getProjekt(45) - REQUEST -> GET /api/projekty/1
2025-06-23 18:02:28.563 [http-nio-8081-exec-144] INFO  c.project.service.ProjektServiceImpl.getProjekt(45) - REQUEST -> GET /api/projekty/1
2025-06-23 18:02:28.565 [http-nio-8081-exec-145] INFO  c.project.service.ProjektServiceImpl.getProjekt(45) - REQUEST -> GET /api/projekty/1
2025-06-23 18:02:28.567 [http-nio-8081-exec-146] INFO  c.project.service.ProjektServiceImpl.getProjekt(45) - REQUEST -> GET /api/projekty/1
2025-06-23 18:02:28.569 [http-nio-8081-exec-147] INFO  c.project.service.ProjektServiceImpl.getProjekt(45) - REQUEST -> GET /api/projekty/1
2025-06-23 18:02:28.570 [http-nio-8081-exec-148] INFO  c.project.service.ProjektServiceImpl.getProjekt(45) - REQUEST -> GET /api/projekty/1
2025-06-23 18:02:28.572 [http-nio-8081-exec-149] INFO  c.project.service.ProjektServiceImpl.getProjekt(45) - REQUEST -> GET /api/projekty/1
2025-06-23 18:02:28.575 [http-nio-8081-exec-150] INFO  c.project.service.ProjektServiceImpl.getProjekt(45) - REQUEST -> GET /api/projekty/1
2025-06-23 18:02:28.578 [http-nio-8081-exec-151] INFO  c.project.service.ProjektServiceImpl.getProjekt(45) - REQUEST -> GET /api/projekty/1
2025-06-23 18:02:28.580 [http-nio-8081-exec-152] INFO  c.project.service.ProjektServiceImpl.getProjekt(45) - REQUEST -> GET /api/projekty/1
2025-06-23 18:02:28.583 [http-nio-8081-exec-153] INFO  c.project.service.ProjektServiceImpl.getProjekt(45) - REQUEST -> GET /api/projekty/1
2025-06-23 18:02:28.585 [http-nio-8081-exec-154] INFO  c.project.service.ProjektServiceImpl.getProjekt(45) - REQUEST -> GET /api/projekty/1
2025-06-23 18:02:28.587 [http-nio-8081-exec-155] INFO  c.project.service.ProjektServiceImpl.getProjekt(45) - REQUEST -> GET /api/projekty/1
2025-06-23 18:02:28.589 [http-nio-8081-exec-156] INFO  c.project.service.ProjektServiceImpl.getProjekt(45) - REQUEST -> GET /api/projekty/1
2025-06-23 18:02:28.591 [http-nio-8081-exec-157] INFO  c.project.service.ProjektServiceImpl.getProjekt(45) - REQUEST -> GET /api/projekty/1
2025-06-23 18:02:28.592 [http-nio-8081-exec-158] INFO  c.project.service.ProjektServiceImpl.getProjekt(45) - REQUEST -> GET /api/projekty/1
2025-06-23 18:02:28.595 [http-nio-8081-exec-159] INFO  c.project.service.ProjektServiceImpl.getProjekt(45) - REQUEST -> GET /api/projekty/1
2025-06-23 18:02:28.598 [http-nio-8081-exec-160] INFO  c.project.service.ProjektServiceImpl.getProjekt(45) - REQUEST -> GET /api/projekty/1
2025-06-23 18:02:28.601 [http-nio-8081-exec-161] INFO  c.project.service.ProjektServiceImpl.getProjekt(45) - REQUEST -> GET /api/projekty/1
2025-06-23 18:02:28.603 [http-nio-8081-exec-162] INFO  c.project.service.ProjektServiceImpl.getProjekt(45) - REQUEST -> GET /api/projekty/1
2025-06-23 18:02:28.606 [http-nio-8081-exec-163] INFO  c.project.service.ProjektServiceImpl.getProjekt(45) - REQUEST -> GET /api/projekty/1
2025-06-23 18:02:28.607 [http-nio-8081-exec-164] INFO  c.project.service.ProjektServiceImpl.getProjekt(45) - REQUEST -> GET /api/projekty/1
2025-06-23 18:02:28.609 [http-nio-8081-exec-165] INFO  c.project.service.ProjektServiceImpl.getProjekt(45) - REQUEST -> GET /api/projekty/1
2025-06-23 18:02:28.611 [http-nio-8081-exec-166] INFO  c.project.service.ProjektServiceImpl.getProjekt(45) - REQUEST -> GET /api/projekty/1
2025-06-23 18:02:28.613 [http-nio-8081-exec-167] INFO  c.project.service.ProjektServiceImpl.getProjekt(45) - REQUEST -> GET /api/projekty/1
2025-06-23 18:02:28.614 [http-nio-8081-exec-168] INFO  c.project.service.ProjektServiceImpl.getProjekt(45) - REQUEST -> GET /api/projekty/1
2025-06-23 18:02:28.618 [http-nio-8081-exec-169] INFO  c.project.service.ProjektServiceImpl.getProjekt(45) - REQUEST -> GET /api/projekty/1
2025-06-23 18:02:28.621 [http-nio-8081-exec-170] INFO  c.project.service.ProjektServiceImpl.getProjekt(45) - REQUEST -> GET /api/projekty/1
2025-06-23 18:02:28.624 [http-nio-8081-exec-171] INFO  c.project.service.ProjektServiceImpl.getProjekt(45) - REQUEST -> GET /api/projekty/1
2025-06-23 18:02:28.627 [http-nio-8081-exec-172] INFO  c.project.service.ProjektServiceImpl.getProjekt(45) - REQUEST -> GET /api/projekty/1
2025-06-23 18:02:28.629 [http-nio-8081-exec-173] INFO  c.project.service.ProjektServiceImpl.getProjekt(45) - REQUEST -> GET /api/projekty/1
2025-06-23 18:02:28.631 [http-nio-8081-exec-174] INFO  c.project.service.ProjektServiceImpl.getProjekt(45) - REQUEST -> GET /api/projekty/1
2025-06-23 18:02:28.633 [http-nio-8081-exec-175] INFO  c.project.service.ProjektServiceImpl.getProjekt(45) - REQUEST -> GET /api/projekty/1
2025-06-23 18:02:28.635 [http-nio-8081-exec-176] INFO  c.project.service.ProjektServiceImpl.getProjekt(45) - REQUEST -> GET /api/projekty/1
2025-06-23 18:02:28.638 [http-nio-8081-exec-177] INFO  c.project.service.ProjektServiceImpl.getProjekt(45) - REQUEST -> GET /api/projekty/1
2025-06-23 18:02:28.641 [http-nio-8081-exec-178] INFO  c.project.service.ProjektServiceImpl.getProjekt(45) - REQUEST -> GET /api/projekty/1
2025-06-23 18:02:28.644 [http-nio-8081-exec-179] INFO  c.project.service.ProjektServiceImpl.getProjekt(45) - REQUEST -> GET /api/projekty/1
2025-06-23 18:02:28.646 [http-nio-8081-exec-180] INFO  c.project.service.ProjektServiceImpl.getProjekt(45) - REQUEST -> GET /api/projekty/1
2025-06-23 18:02:28.649 [http-nio-8081-exec-181] INFO  c.project.service.ProjektServiceImpl.getProjekt(45) - REQUEST -> GET /api/projekty/1
2025-06-23 18:02:28.651 [http-nio-8081-exec-182] INFO  c.project.service.ProjektServiceImpl.getProjekt(45) - REQUEST -> GET /api/projekty/1
2025-06-23 18:02:28.653 [http-nio-8081-exec-183] INFO  c.project.service.ProjektServiceImpl.getProjekt(45) - REQUEST -> GET /api/projekty/1
2025-06-23 18:02:28.654 [http-nio-8081-exec-184] INFO  c.project.service.ProjektServiceImpl.getProjekt(45) - REQUEST -> GET /api/projekty/1
2025-06-23 18:02:28.656 [http-nio-8081-exec-185] INFO  c.project.service.ProjektServiceImpl.getProjekt(45) - REQUEST -> GET /api/projekty/1
2025-06-23 18:02:28.659 [http-nio-8081-exec-186] INFO  c.project.service.ProjektServiceImpl.getProjekt(45) - REQUEST -> GET /api/projekty/1
2025-06-23 18:02:28.661 [http-nio-8081-exec-187] INFO  c.project.service.ProjektServiceImpl.getProjekt(45) - REQUEST -> GET /api/projekty/1
2025-06-23 18:02:28.662 [http-nio-8081-exec-188] INFO  c.project.service.ProjektServiceImpl.getProjekt(45) - REQUEST -> GET /api/projekty/1
2025-06-23 18:02:28.665 [http-nio-8081-exec-189] INFO  c.project.service.ProjektServiceImpl.getProjekt(45) - REQUEST -> GET /api/projekty/1
2025-06-23 18:02:28.666 [http-nio-8081-exec-190] INFO  c.project.service.ProjektServiceImpl.getProjekt(45) - REQUEST -> GET /api/projekty/1
2025-06-23 18:02:28.668 [http-nio-8081-exec-191] INFO  c.project.service.ProjektServiceImpl.getProjekt(45) - REQUEST -> GET /api/projekty/1
2025-06-23 18:02:28.671 [http-nio-8081-exec-192] INFO  c.project.service.ProjektServiceImpl.getProjekt(45) - REQUEST -> GET /api/projekty/1
2025-06-23 18:02:28.674 [http-nio-8081-exec-193] INFO  c.project.service.ProjektServiceImpl.getProjekt(45) - REQUEST -> GET /api/projekty/1
2025-06-23 18:02:28.676 [http-nio-8081-exec-194] INFO  c.project.service.ProjektServiceImpl.getProjekt(45) - REQUEST -> GET /api/projekty/1
2025-06-23 18:02:28.678 [http-nio-8081-exec-195] INFO  c.project.service.ProjektServiceImpl.getProjekt(45) - REQUEST -> GET /api/projekty/1
2025-06-23 18:02:28.681 [http-nio-8081-exec-196] INFO  c.project.service.ProjektServiceImpl.getProjekt(45) - REQUEST -> GET /api/projekty/1
2025-06-23 18:02:28.683 [http-nio-8081-exec-197] INFO  c.project.service.ProjektServiceImpl.getProjekt(45) - REQUEST -> GET /api/projekty/1
2025-06-23 18:02:28.685 [http-nio-8081-exec-198] INFO  c.project.service.ProjektServiceImpl.getProjekt(45) - REQUEST -> GET /api/projekty/1
2025-06-23 18:02:28.687 [http-nio-8081-exec-199] INFO  c.project.service.ProjektServiceImpl.getProjekt(45) - REQUEST -> GET /api/projekty/1
2025-06-23 18:02:28.688 [http-nio-8081-exec-200] INFO  c.project.service.ProjektServiceImpl.getProjekt(45) - REQUEST -> GET /api/projekty/1
2025-06-23 18:04:37.494 [restartedMain] INFO  c.project.ProjectRestApiApplication.logStarting(53) - Starting ProjectRestApiApplication using Java 23.0.2 with PID 5320 (C:\Users\miche\Downloads\project-rest-api\build\classes\java\main started by miche in C:\Users\miche\Downloads\project-rest-api)
2025-06-23 18:04:37.495 [restartedMain] INFO  c.project.ProjectRestApiApplication.logStartupProfileInfo(652) - No active profile set, falling back to 1 default profile: "default"
2025-06-23 18:04:42.536 [restartedMain] INFO  c.project.ProjectRestApiApplication.logStarted(59) - Started ProjectRestApiApplication in 5.497 seconds (process running for 6.095)
2025-06-23 18:04:44.259 [http-nio-8081-exec-3] INFO  c.project.service.ProjektServiceImpl.getProjekty(105) - Pobieranie wszystkich projektów z bazy danych
2025-06-23 18:04:46.491 [http-nio-8081-exec-5] INFO  c.project.service.ProjektServiceImpl.deleteProjekt(72) - REQUEST -> DELETE /api/projekty/1
2025-06-23 18:04:46.537 [http-nio-8081-exec-6] INFO  c.project.service.ProjektServiceImpl.getProjekt(45) - REQUEST -> GET /api/projekty/1
2025-06-23 18:04:46.540 [http-nio-8081-exec-7] INFO  c.project.service.ProjektServiceImpl.getProjekt(45) - REQUEST -> GET /api/projekty/1
2025-06-23 18:04:46.542 [http-nio-8081-exec-8] INFO  c.project.service.ProjektServiceImpl.getProjekt(45) - REQUEST -> GET /api/projekty/1
2025-06-23 18:04:46.546 [http-nio-8081-exec-9] INFO  c.project.service.ProjektServiceImpl.getProjekt(45) - REQUEST -> GET /api/projekty/1
2025-06-23 18:04:46.549 [http-nio-8081-exec-10] INFO  c.project.service.ProjektServiceImpl.getProjekt(45) - REQUEST -> GET /api/projekty/1
2025-06-23 18:04:46.552 [http-nio-8081-exec-1] INFO  c.project.service.ProjektServiceImpl.getProjekt(45) - REQUEST -> GET /api/projekty/1
2025-06-23 18:04:46.555 [http-nio-8081-exec-2] INFO  c.project.service.ProjektServiceImpl.getProjekt(45) - REQUEST -> GET /api/projekty/1
2025-06-23 18:04:46.557 [http-nio-8081-exec-4] INFO  c.project.service.ProjektServiceImpl.getProjekt(45) - REQUEST -> GET /api/projekty/1
2025-06-23 18:04:46.559 [http-nio-8081-exec-3] INFO  c.project.service.ProjektServiceImpl.getProjekt(45) - REQUEST -> GET /api/projekty/1
2025-06-23 18:04:46.561 [http-nio-8081-exec-11] INFO  c.project.service.ProjektServiceImpl.getProjekt(45) - REQUEST -> GET /api/projekty/1
2025-06-23 18:04:46.564 [http-nio-8081-exec-12] INFO  c.project.service.ProjektServiceImpl.getProjekt(45) - REQUEST -> GET /api/projekty/1
2025-06-23 18:04:46.566 [http-nio-8081-exec-13] INFO  c.project.service.ProjektServiceImpl.getProjekt(45) - REQUEST -> GET /api/projekty/1
2025-06-23 18:04:46.569 [http-nio-8081-exec-14] INFO  c.project.service.ProjektServiceImpl.getProjekt(45) - REQUEST -> GET /api/projekty/1
2025-06-23 18:04:46.572 [http-nio-8081-exec-15] INFO  c.project.service.ProjektServiceImpl.getProjekt(45) - REQUEST -> GET /api/projekty/1
2025-06-23 18:04:46.575 [http-nio-8081-exec-16] INFO  c.project.service.ProjektServiceImpl.getProjekt(45) - REQUEST -> GET /api/projekty/1
2025-06-23 18:04:46.577 [http-nio-8081-exec-17] INFO  c.project.service.ProjektServiceImpl.getProjekt(45) - REQUEST -> GET /api/projekty/1
2025-06-23 18:04:46.579 [http-nio-8081-exec-18] INFO  c.project.service.ProjektServiceImpl.getProjekt(45) - REQUEST -> GET /api/projekty/1
2025-06-23 18:04:46.582 [http-nio-8081-exec-19] INFO  c.project.service.ProjektServiceImpl.getProjekt(45) - REQUEST -> GET /api/projekty/1
2025-06-23 18:04:46.585 [http-nio-8081-exec-20] INFO  c.project.service.ProjektServiceImpl.getProjekt(45) - REQUEST -> GET /api/projekty/1
2025-06-23 18:04:46.588 [http-nio-8081-exec-21] INFO  c.project.service.ProjektServiceImpl.getProjekt(45) - REQUEST -> GET /api/projekty/1
2025-06-23 18:04:46.591 [http-nio-8081-exec-22] INFO  c.project.service.ProjektServiceImpl.getProjekt(45) - REQUEST -> GET /api/projekty/1
2025-06-23 18:04:46.593 [http-nio-8081-exec-23] INFO  c.project.service.ProjektServiceImpl.getProjekt(45) - REQUEST -> GET /api/projekty/1
2025-06-23 18:04:46.595 [http-nio-8081-exec-24] INFO  c.project.service.ProjektServiceImpl.getProjekt(45) - REQUEST -> GET /api/projekty/1
2025-06-23 18:04:46.597 [http-nio-8081-exec-25] INFO  c.project.service.ProjektServiceImpl.getProjekt(45) - REQUEST -> GET /api/projekty/1
2025-06-23 18:04:46.600 [http-nio-8081-exec-26] INFO  c.project.service.ProjektServiceImpl.getProjekt(45) - REQUEST -> GET /api/projekty/1
2025-06-23 18:04:46.602 [http-nio-8081-exec-27] INFO  c.project.service.ProjektServiceImpl.getProjekt(45) - REQUEST -> GET /api/projekty/1
2025-06-23 18:04:46.605 [http-nio-8081-exec-28] INFO  c.project.service.ProjektServiceImpl.getProjekt(45) - REQUEST -> GET /api/projekty/1
2025-06-23 18:04:46.608 [http-nio-8081-exec-29] INFO  c.project.service.ProjektServiceImpl.getProjekt(45) - REQUEST -> GET /api/projekty/1
2025-06-23 18:04:46.610 [http-nio-8081-exec-30] INFO  c.project.service.ProjektServiceImpl.getProjekt(45) - REQUEST -> GET /api/projekty/1
2025-06-23 18:04:46.612 [http-nio-8081-exec-31] INFO  c.project.service.ProjektServiceImpl.getProjekt(45) - REQUEST -> GET /api/projekty/1
2025-06-23 18:04:46.614 [http-nio-8081-exec-32] INFO  c.project.service.ProjektServiceImpl.getProjekt(45) - REQUEST -> GET /api/projekty/1
2025-06-23 18:04:46.618 [http-nio-8081-exec-33] INFO  c.project.service.ProjektServiceImpl.getProjekt(45) - REQUEST -> GET /api/projekty/1
2025-06-23 18:04:46.621 [http-nio-8081-exec-34] INFO  c.project.service.ProjektServiceImpl.getProjekt(45) - REQUEST -> GET /api/projekty/1
2025-06-23 18:04:46.631 [http-nio-8081-exec-35] INFO  c.project.service.ProjektServiceImpl.getProjekt(45) - REQUEST -> GET /api/projekty/1
2025-06-23 18:04:46.634 [http-nio-8081-exec-36] INFO  c.project.service.ProjektServiceImpl.getProjekt(45) - REQUEST -> GET /api/projekty/1
2025-06-23 18:04:46.636 [http-nio-8081-exec-37] INFO  c.project.service.ProjektServiceImpl.getProjekt(45) - REQUEST -> GET /api/projekty/1
2025-06-23 18:04:46.640 [http-nio-8081-exec-38] INFO  c.project.service.ProjektServiceImpl.getProjekt(45) - REQUEST -> GET /api/projekty/1
2025-06-23 18:04:46.643 [http-nio-8081-exec-39] INFO  c.project.service.ProjektServiceImpl.getProjekt(45) - REQUEST -> GET /api/projekty/1
2025-06-23 18:04:46.645 [http-nio-8081-exec-40] INFO  c.project.service.ProjektServiceImpl.getProjekt(45) - REQUEST -> GET /api/projekty/1
2025-06-23 18:04:46.648 [http-nio-8081-exec-41] INFO  c.project.service.ProjektServiceImpl.getProjekt(45) - REQUEST -> GET /api/projekty/1
2025-06-23 18:04:46.651 [http-nio-8081-exec-42] INFO  c.project.service.ProjektServiceImpl.getProjekt(45) - REQUEST -> GET /api/projekty/1
2025-06-23 18:04:46.655 [http-nio-8081-exec-43] INFO  c.project.service.ProjektServiceImpl.getProjekt(45) - REQUEST -> GET /api/projekty/1
2025-06-23 18:04:46.658 [http-nio-8081-exec-44] INFO  c.project.service.ProjektServiceImpl.getProjekt(45) - REQUEST -> GET /api/projekty/1
2025-06-23 18:04:46.661 [http-nio-8081-exec-45] INFO  c.project.service.ProjektServiceImpl.getProjekt(45) - REQUEST -> GET /api/projekty/1
2025-06-23 18:04:46.664 [http-nio-8081-exec-46] INFO  c.project.service.ProjektServiceImpl.getProjekt(45) - REQUEST -> GET /api/projekty/1
2025-06-23 18:04:46.667 [http-nio-8081-exec-47] INFO  c.project.service.ProjektServiceImpl.getProjekt(45) - REQUEST -> GET /api/projekty/1
2025-06-23 18:04:46.669 [http-nio-8081-exec-48] INFO  c.project.service.ProjektServiceImpl.getProjekt(45) - REQUEST -> GET /api/projekty/1
2025-06-23 18:04:46.673 [http-nio-8081-exec-49] INFO  c.project.service.ProjektServiceImpl.getProjekt(45) - REQUEST -> GET /api/projekty/1
2025-06-23 18:04:46.677 [http-nio-8081-exec-50] INFO  c.project.service.ProjektServiceImpl.getProjekt(45) - REQUEST -> GET /api/projekty/1
2025-06-23 18:04:46.679 [http-nio-8081-exec-51] INFO  c.project.service.ProjektServiceImpl.getProjekt(45) - REQUEST -> GET /api/projekty/1
2025-06-23 18:04:46.682 [http-nio-8081-exec-52] INFO  c.project.service.ProjektServiceImpl.getProjekt(45) - REQUEST -> GET /api/projekty/1
2025-06-23 18:04:46.685 [http-nio-8081-exec-53] INFO  c.project.service.ProjektServiceImpl.getProjekt(45) - REQUEST -> GET /api/projekty/1
2025-06-23 18:04:46.686 [http-nio-8081-exec-54] INFO  c.project.service.ProjektServiceImpl.getProjekt(45) - REQUEST -> GET /api/projekty/1
2025-06-23 18:04:46.689 [http-nio-8081-exec-55] INFO  c.project.service.ProjektServiceImpl.getProjekt(45) - REQUEST -> GET /api/projekty/1
2025-06-23 18:04:46.693 [http-nio-8081-exec-56] INFO  c.project.service.ProjektServiceImpl.getProjekt(45) - REQUEST -> GET /api/projekty/1
2025-06-23 18:04:46.695 [http-nio-8081-exec-57] INFO  c.project.service.ProjektServiceImpl.getProjekt(45) - REQUEST -> GET /api/projekty/1
2025-06-23 18:04:46.697 [http-nio-8081-exec-58] INFO  c.project.service.ProjektServiceImpl.getProjekt(45) - REQUEST -> GET /api/projekty/1
2025-06-23 18:04:46.701 [http-nio-8081-exec-59] INFO  c.project.service.ProjektServiceImpl.getProjekt(45) - REQUEST -> GET /api/projekty/1
2025-06-23 18:04:46.705 [http-nio-8081-exec-60] INFO  c.project.service.ProjektServiceImpl.getProjekt(45) - REQUEST -> GET /api/projekty/1
2025-06-23 18:04:46.708 [http-nio-8081-exec-61] INFO  c.project.service.ProjektServiceImpl.getProjekt(45) - REQUEST -> GET /api/projekty/1
2025-06-23 18:04:46.711 [http-nio-8081-exec-62] INFO  c.project.service.ProjektServiceImpl.getProjekt(45) - REQUEST -> GET /api/projekty/1
2025-06-23 18:04:46.715 [http-nio-8081-exec-63] INFO  c.project.service.ProjektServiceImpl.getProjekt(45) - REQUEST -> GET /api/projekty/1
2025-06-23 18:04:46.719 [http-nio-8081-exec-64] INFO  c.project.service.ProjektServiceImpl.getProjekt(45) - REQUEST -> GET /api/projekty/1
2025-06-23 18:04:46.723 [http-nio-8081-exec-65] INFO  c.project.service.ProjektServiceImpl.getProjekt(45) - REQUEST -> GET /api/projekty/1
2025-06-23 18:04:46.726 [http-nio-8081-exec-66] INFO  c.project.service.ProjektServiceImpl.getProjekt(45) - REQUEST -> GET /api/projekty/1
2025-06-23 18:04:46.729 [http-nio-8081-exec-67] INFO  c.project.service.ProjektServiceImpl.getProjekt(45) - REQUEST -> GET /api/projekty/1
2025-06-23 18:04:46.731 [http-nio-8081-exec-68] INFO  c.project.service.ProjektServiceImpl.getProjekt(45) - REQUEST -> GET /api/projekty/1
2025-06-23 18:04:46.734 [http-nio-8081-exec-69] INFO  c.project.service.ProjektServiceImpl.getProjekt(45) - REQUEST -> GET /api/projekty/1
2025-06-23 18:04:46.737 [http-nio-8081-exec-70] INFO  c.project.service.ProjektServiceImpl.getProjekt(45) - REQUEST -> GET /api/projekty/1
2025-06-23 18:04:46.740 [http-nio-8081-exec-71] INFO  c.project.service.ProjektServiceImpl.getProjekt(45) - REQUEST -> GET /api/projekty/1
2025-06-23 18:04:46.743 [http-nio-8081-exec-72] INFO  c.project.service.ProjektServiceImpl.getProjekt(45) - REQUEST -> GET /api/projekty/1
2025-06-23 18:04:46.745 [http-nio-8081-exec-73] INFO  c.project.service.ProjektServiceImpl.getProjekt(45) - REQUEST -> GET /api/projekty/1
2025-06-23 18:04:46.748 [http-nio-8081-exec-74] INFO  c.project.service.ProjektServiceImpl.getProjekt(45) - REQUEST -> GET /api/projekty/1
2025-06-23 18:04:46.750 [http-nio-8081-exec-75] INFO  c.project.service.ProjektServiceImpl.getProjekt(45) - REQUEST -> GET /api/projekty/1
2025-06-23 18:04:46.753 [http-nio-8081-exec-76] INFO  c.project.service.ProjektServiceImpl.getProjekt(45) - REQUEST -> GET /api/projekty/1
2025-06-23 18:04:46.758 [http-nio-8081-exec-77] INFO  c.project.service.ProjektServiceImpl.getProjekt(45) - REQUEST -> GET /api/projekty/1
2025-06-23 18:04:46.761 [http-nio-8081-exec-78] INFO  c.project.service.ProjektServiceImpl.getProjekt(45) - REQUEST -> GET /api/projekty/1
2025-06-23 18:04:46.764 [http-nio-8081-exec-79] INFO  c.project.service.ProjektServiceImpl.getProjekt(45) - REQUEST -> GET /api/projekty/1
2025-06-23 18:04:46.767 [http-nio-8081-exec-80] INFO  c.project.service.ProjektServiceImpl.getProjekt(45) - REQUEST -> GET /api/projekty/1
2025-06-23 18:04:46.769 [http-nio-8081-exec-81] INFO  c.project.service.ProjektServiceImpl.getProjekt(45) - REQUEST -> GET /api/projekty/1
2025-06-23 18:04:46.771 [http-nio-8081-exec-82] INFO  c.project.service.ProjektServiceImpl.getProjekt(45) - REQUEST -> GET /api/projekty/1
2025-06-23 18:04:46.774 [http-nio-8081-exec-83] INFO  c.project.service.ProjektServiceImpl.getProjekt(45) - REQUEST -> GET /api/projekty/1
2025-06-23 18:04:46.777 [http-nio-8081-exec-84] INFO  c.project.service.ProjektServiceImpl.getProjekt(45) - REQUEST -> GET /api/projekty/1
2025-06-23 18:04:46.780 [http-nio-8081-exec-85] INFO  c.project.service.ProjektServiceImpl.getProjekt(45) - REQUEST -> GET /api/projekty/1
2025-06-23 18:04:46.784 [http-nio-8081-exec-86] INFO  c.project.service.ProjektServiceImpl.getProjekt(45) - REQUEST -> GET /api/projekty/1
2025-06-23 18:04:46.787 [http-nio-8081-exec-87] INFO  c.project.service.ProjektServiceImpl.getProjekt(45) - REQUEST -> GET /api/projekty/1
2025-06-23 18:04:46.790 [http-nio-8081-exec-88] INFO  c.project.service.ProjektServiceImpl.getProjekt(45) - REQUEST -> GET /api/projekty/1
2025-06-23 18:04:46.792 [http-nio-8081-exec-89] INFO  c.project.service.ProjektServiceImpl.getProjekt(45) - REQUEST -> GET /api/projekty/1
2025-06-23 18:04:46.795 [http-nio-8081-exec-90] INFO  c.project.service.ProjektServiceImpl.getProjekt(45) - REQUEST -> GET /api/projekty/1
2025-06-23 18:04:46.798 [http-nio-8081-exec-91] INFO  c.project.service.ProjektServiceImpl.getProjekt(45) - REQUEST -> GET /api/projekty/1
2025-06-23 18:04:46.801 [http-nio-8081-exec-92] INFO  c.project.service.ProjektServiceImpl.getProjekt(45) - REQUEST -> GET /api/projekty/1
2025-06-23 18:04:46.804 [http-nio-8081-exec-93] INFO  c.project.service.ProjektServiceImpl.getProjekt(45) - REQUEST -> GET /api/projekty/1
2025-06-23 18:04:46.806 [http-nio-8081-exec-94] INFO  c.project.service.ProjektServiceImpl.getProjekt(45) - REQUEST -> GET /api/projekty/1
2025-06-23 18:04:46.809 [http-nio-8081-exec-95] INFO  c.project.service.ProjektServiceImpl.getProjekt(45) - REQUEST -> GET /api/projekty/1
2025-06-23 18:04:46.810 [http-nio-8081-exec-96] INFO  c.project.service.ProjektServiceImpl.getProjekt(45) - REQUEST -> GET /api/projekty/1
2025-06-23 18:04:46.813 [http-nio-8081-exec-97] INFO  c.project.service.ProjektServiceImpl.getProjekt(45) - REQUEST -> GET /api/projekty/1
2025-06-23 18:04:46.815 [http-nio-8081-exec-98] INFO  c.project.service.ProjektServiceImpl.getProjekt(45) - REQUEST -> GET /api/projekty/1
2025-06-23 18:04:46.817 [http-nio-8081-exec-99] INFO  c.project.service.ProjektServiceImpl.getProjekt(45) - REQUEST -> GET /api/projekty/1
2025-06-23 18:04:46.820 [http-nio-8081-exec-100] INFO  c.project.service.ProjektServiceImpl.getProjekt(45) - REQUEST -> GET /api/projekty/1
2025-06-23 18:04:46.823 [http-nio-8081-exec-101] INFO  c.project.service.ProjektServiceImpl.getProjekt(45) - REQUEST -> GET /api/projekty/1
2025-06-23 18:04:46.825 [http-nio-8081-exec-102] INFO  c.project.service.ProjektServiceImpl.getProjekt(45) - REQUEST -> GET /api/projekty/1
2025-06-23 18:04:46.826 [http-nio-8081-exec-103] INFO  c.project.service.ProjektServiceImpl.getProjekt(45) - REQUEST -> GET /api/projekty/1
2025-06-23 18:04:46.829 [http-nio-8081-exec-104] INFO  c.project.service.ProjektServiceImpl.getProjekt(45) - REQUEST -> GET /api/projekty/1
2025-06-23 18:04:46.832 [http-nio-8081-exec-105] INFO  c.project.service.ProjektServiceImpl.getProjekt(45) - REQUEST -> GET /api/projekty/1
2025-06-23 18:04:46.834 [http-nio-8081-exec-106] INFO  c.project.service.ProjektServiceImpl.getProjekt(45) - REQUEST -> GET /api/projekty/1
2025-06-23 18:04:46.837 [http-nio-8081-exec-107] INFO  c.project.service.ProjektServiceImpl.getProjekt(45) - REQUEST -> GET /api/projekty/1
2025-06-23 18:04:46.839 [http-nio-8081-exec-108] INFO  c.project.service.ProjektServiceImpl.getProjekt(45) - REQUEST -> GET /api/projekty/1
2025-06-23 18:04:46.842 [http-nio-8081-exec-109] INFO  c.project.service.ProjektServiceImpl.getProjekt(45) - REQUEST -> GET /api/projekty/1
2025-06-23 18:04:46.844 [http-nio-8081-exec-110] INFO  c.project.service.ProjektServiceImpl.getProjekt(45) - REQUEST -> GET /api/projekty/1
2025-06-23 18:04:46.847 [http-nio-8081-exec-111] INFO  c.project.service.ProjektServiceImpl.getProjekt(45) - REQUEST -> GET /api/projekty/1
2025-06-23 18:04:46.849 [http-nio-8081-exec-112] INFO  c.project.service.ProjektServiceImpl.getProjekt(45) - REQUEST -> GET /api/projekty/1
2025-06-23 18:04:46.851 [http-nio-8081-exec-113] INFO  c.project.service.ProjektServiceImpl.getProjekt(45) - REQUEST -> GET /api/projekty/1
2025-06-23 18:04:46.854 [http-nio-8081-exec-114] INFO  c.project.service.ProjektServiceImpl.getProjekt(45) - REQUEST -> GET /api/projekty/1
2025-06-23 18:04:46.855 [http-nio-8081-exec-115] INFO  c.project.service.ProjektServiceImpl.getProjekt(45) - REQUEST -> GET /api/projekty/1
2025-06-23 18:04:46.858 [http-nio-8081-exec-116] INFO  c.project.service.ProjektServiceImpl.getProjekt(45) - REQUEST -> GET /api/projekty/1
2025-06-23 18:04:46.860 [http-nio-8081-exec-117] INFO  c.project.service.ProjektServiceImpl.getProjekt(45) - REQUEST -> GET /api/projekty/1
2025-06-23 18:04:46.863 [http-nio-8081-exec-118] INFO  c.project.service.ProjektServiceImpl.getProjekt(45) - REQUEST -> GET /api/projekty/1
2025-06-23 18:04:46.866 [http-nio-8081-exec-119] INFO  c.project.service.ProjektServiceImpl.getProjekt(45) - REQUEST -> GET /api/projekty/1
2025-06-23 18:04:46.869 [http-nio-8081-exec-120] INFO  c.project.service.ProjektServiceImpl.getProjekt(45) - REQUEST -> GET /api/projekty/1
2025-06-23 18:04:46.872 [http-nio-8081-exec-121] INFO  c.project.service.ProjektServiceImpl.getProjekt(45) - REQUEST -> GET /api/projekty/1
2025-06-23 18:04:46.874 [http-nio-8081-exec-122] INFO  c.project.service.ProjektServiceImpl.getProjekt(45) - REQUEST -> GET /api/projekty/1
2025-06-23 18:04:46.877 [http-nio-8081-exec-123] INFO  c.project.service.ProjektServiceImpl.getProjekt(45) - REQUEST -> GET /api/projekty/1
2025-06-23 18:04:46.881 [http-nio-8081-exec-124] INFO  c.project.service.ProjektServiceImpl.getProjekt(45) - REQUEST -> GET /api/projekty/1
2025-06-23 18:04:46.883 [http-nio-8081-exec-125] INFO  c.project.service.ProjektServiceImpl.getProjekt(45) - REQUEST -> GET /api/projekty/1
2025-06-23 18:04:46.886 [http-nio-8081-exec-126] INFO  c.project.service.ProjektServiceImpl.getProjekt(45) - REQUEST -> GET /api/projekty/1
2025-06-23 18:04:46.889 [http-nio-8081-exec-127] INFO  c.project.service.ProjektServiceImpl.getProjekt(45) - REQUEST -> GET /api/projekty/1
2025-06-23 18:04:46.891 [http-nio-8081-exec-128] INFO  c.project.service.ProjektServiceImpl.getProjekt(45) - REQUEST -> GET /api/projekty/1
2025-06-23 18:04:46.904 [http-nio-8081-exec-129] INFO  c.project.service.ProjektServiceImpl.getProjekt(45) - REQUEST -> GET /api/projekty/1
2025-06-23 18:04:46.908 [http-nio-8081-exec-130] INFO  c.project.service.ProjektServiceImpl.getProjekt(45) - REQUEST -> GET /api/projekty/1
2025-06-23 18:04:46.912 [http-nio-8081-exec-131] INFO  c.project.service.ProjektServiceImpl.getProjekt(45) - REQUEST -> GET /api/projekty/1
2025-06-23 18:04:46.915 [http-nio-8081-exec-132] INFO  c.project.service.ProjektServiceImpl.getProjekt(45) - REQUEST -> GET /api/projekty/1
2025-06-23 18:04:46.918 [http-nio-8081-exec-133] INFO  c.project.service.ProjektServiceImpl.getProjekt(45) - REQUEST -> GET /api/projekty/1
2025-06-23 18:04:46.925 [http-nio-8081-exec-134] INFO  c.project.service.ProjektServiceImpl.getProjekt(45) - REQUEST -> GET /api/projekty/1
2025-06-23 18:04:46.929 [http-nio-8081-exec-135] INFO  c.project.service.ProjektServiceImpl.getProjekt(45) - REQUEST -> GET /api/projekty/1
2025-06-23 18:04:46.932 [http-nio-8081-exec-136] INFO  c.project.service.ProjektServiceImpl.getProjekt(45) - REQUEST -> GET /api/projekty/1
2025-06-23 18:04:46.935 [http-nio-8081-exec-137] INFO  c.project.service.ProjektServiceImpl.getProjekt(45) - REQUEST -> GET /api/projekty/1
2025-06-23 18:04:46.937 [http-nio-8081-exec-138] INFO  c.project.service.ProjektServiceImpl.getProjekt(45) - REQUEST -> GET /api/projekty/1
2025-06-23 18:04:46.939 [http-nio-8081-exec-139] INFO  c.project.service.ProjektServiceImpl.getProjekt(45) - REQUEST -> GET /api/projekty/1
2025-06-23 18:04:46.941 [http-nio-8081-exec-140] INFO  c.project.service.ProjektServiceImpl.getProjekt(45) - REQUEST -> GET /api/projekty/1
2025-06-23 18:04:46.943 [http-nio-8081-exec-141] INFO  c.project.service.ProjektServiceImpl.getProjekt(45) - REQUEST -> GET /api/projekty/1
2025-06-23 18:04:46.945 [http-nio-8081-exec-142] INFO  c.project.service.ProjektServiceImpl.getProjekt(45) - REQUEST -> GET /api/projekty/1
2025-06-23 18:04:46.947 [http-nio-8081-exec-143] INFO  c.project.service.ProjektServiceImpl.getProjekt(45) - REQUEST -> GET /api/projekty/1
2025-06-23 18:04:46.949 [http-nio-8081-exec-144] INFO  c.project.service.ProjektServiceImpl.getProjekt(45) - REQUEST -> GET /api/projekty/1
2025-06-23 18:04:46.953 [http-nio-8081-exec-145] INFO  c.project.service.ProjektServiceImpl.getProjekt(45) - REQUEST -> GET /api/projekty/1
2025-06-23 18:04:46.956 [http-nio-8081-exec-146] INFO  c.project.service.ProjektServiceImpl.getProjekt(45) - REQUEST -> GET /api/projekty/1
2025-06-23 18:04:46.958 [http-nio-8081-exec-147] INFO  c.project.service.ProjektServiceImpl.getProjekt(45) - REQUEST -> GET /api/projekty/1
2025-06-23 18:04:46.959 [http-nio-8081-exec-148] INFO  c.project.service.ProjektServiceImpl.getProjekt(45) - REQUEST -> GET /api/projekty/1
2025-06-23 18:04:46.961 [http-nio-8081-exec-149] INFO  c.project.service.ProjektServiceImpl.getProjekt(45) - REQUEST -> GET /api/projekty/1
2025-06-23 18:04:46.962 [http-nio-8081-exec-150] INFO  c.project.service.ProjektServiceImpl.getProjekt(45) - REQUEST -> GET /api/projekty/1
2025-06-23 18:04:46.963 [http-nio-8081-exec-151] INFO  c.project.service.ProjektServiceImpl.getProjekt(45) - REQUEST -> GET /api/projekty/1
2025-06-23 18:04:46.965 [http-nio-8081-exec-152] INFO  c.project.service.ProjektServiceImpl.getProjekt(45) - REQUEST -> GET /api/projekty/1
2025-06-23 18:04:46.968 [http-nio-8081-exec-153] INFO  c.project.service.ProjektServiceImpl.getProjekt(45) - REQUEST -> GET /api/projekty/1
2025-06-23 18:04:46.971 [http-nio-8081-exec-154] INFO  c.project.service.ProjektServiceImpl.getProjekt(45) - REQUEST -> GET /api/projekty/1
2025-06-23 18:04:46.974 [http-nio-8081-exec-155] INFO  c.project.service.ProjektServiceImpl.getProjekt(45) - REQUEST -> GET /api/projekty/1
2025-06-23 18:04:46.976 [http-nio-8081-exec-156] INFO  c.project.service.ProjektServiceImpl.getProjekt(45) - REQUEST -> GET /api/projekty/1
2025-06-23 18:04:46.978 [http-nio-8081-exec-157] INFO  c.project.service.ProjektServiceImpl.getProjekt(45) - REQUEST -> GET /api/projekty/1
2025-06-23 18:04:46.980 [http-nio-8081-exec-158] INFO  c.project.service.ProjektServiceImpl.getProjekt(45) - REQUEST -> GET /api/projekty/1
2025-06-23 18:04:46.982 [http-nio-8081-exec-159] INFO  c.project.service.ProjektServiceImpl.getProjekt(45) - REQUEST -> GET /api/projekty/1
2025-06-23 18:04:46.983 [http-nio-8081-exec-160] INFO  c.project.service.ProjektServiceImpl.getProjekt(45) - REQUEST -> GET /api/projekty/1
2025-06-23 18:04:46.985 [http-nio-8081-exec-161] INFO  c.project.service.ProjektServiceImpl.getProjekt(45) - REQUEST -> GET /api/projekty/1
2025-06-23 18:04:46.986 [http-nio-8081-exec-162] INFO  c.project.service.ProjektServiceImpl.getProjekt(45) - REQUEST -> GET /api/projekty/1
2025-06-23 18:04:46.988 [http-nio-8081-exec-163] INFO  c.project.service.ProjektServiceImpl.getProjekt(45) - REQUEST -> GET /api/projekty/1
2025-06-23 18:04:46.990 [http-nio-8081-exec-164] INFO  c.project.service.ProjektServiceImpl.getProjekt(45) - REQUEST -> GET /api/projekty/1
2025-06-23 18:04:46.992 [http-nio-8081-exec-165] INFO  c.project.service.ProjektServiceImpl.getProjekt(45) - REQUEST -> GET /api/projekty/1
2025-06-23 18:04:46.995 [http-nio-8081-exec-166] INFO  c.project.service.ProjektServiceImpl.getProjekt(45) - REQUEST -> GET /api/projekty/1
2025-06-23 18:04:46.997 [http-nio-8081-exec-167] INFO  c.project.service.ProjektServiceImpl.getProjekt(45) - REQUEST -> GET /api/projekty/1
2025-06-23 18:04:47.000 [http-nio-8081-exec-168] INFO  c.project.service.ProjektServiceImpl.getProjekt(45) - REQUEST -> GET /api/projekty/1
2025-06-23 18:04:47.003 [http-nio-8081-exec-169] INFO  c.project.service.ProjektServiceImpl.getProjekt(45) - REQUEST -> GET /api/projekty/1
2025-06-23 18:04:47.006 [http-nio-8081-exec-170] INFO  c.project.service.ProjektServiceImpl.getProjekt(45) - REQUEST -> GET /api/projekty/1
2025-06-23 18:04:47.008 [http-nio-8081-exec-171] INFO  c.project.service.ProjektServiceImpl.getProjekt(45) - REQUEST -> GET /api/projekty/1
2025-06-23 18:04:47.011 [http-nio-8081-exec-172] INFO  c.project.service.ProjektServiceImpl.getProjekt(45) - REQUEST -> GET /api/projekty/1
2025-06-23 18:04:47.012 [http-nio-8081-exec-173] INFO  c.project.service.ProjektServiceImpl.getProjekt(45) - REQUEST -> GET /api/projekty/1
2025-06-23 18:04:47.015 [http-nio-8081-exec-174] INFO  c.project.service.ProjektServiceImpl.getProjekt(45) - REQUEST -> GET /api/projekty/1
2025-06-23 18:04:47.017 [http-nio-8081-exec-175] INFO  c.project.service.ProjektServiceImpl.getProjekt(45) - REQUEST -> GET /api/projekty/1
2025-06-23 18:04:47.018 [http-nio-8081-exec-176] INFO  c.project.service.ProjektServiceImpl.getProjekt(45) - REQUEST -> GET /api/projekty/1
2025-06-23 18:04:47.020 [http-nio-8081-exec-177] INFO  c.project.service.ProjektServiceImpl.getProjekt(45) - REQUEST -> GET /api/projekty/1
2025-06-23 18:04:47.022 [http-nio-8081-exec-178] INFO  c.project.service.ProjektServiceImpl.getProjekt(45) - REQUEST -> GET /api/projekty/1
2025-06-23 18:04:47.024 [http-nio-8081-exec-179] INFO  c.project.service.ProjektServiceImpl.getProjekt(45) - REQUEST -> GET /api/projekty/1
2025-06-23 18:04:47.026 [http-nio-8081-exec-180] INFO  c.project.service.ProjektServiceImpl.getProjekt(45) - REQUEST -> GET /api/projekty/1
2025-06-23 18:04:47.027 [http-nio-8081-exec-181] INFO  c.project.service.ProjektServiceImpl.getProjekt(45) - REQUEST -> GET /api/projekty/1
2025-06-23 18:04:47.029 [http-nio-8081-exec-182] INFO  c.project.service.ProjektServiceImpl.getProjekt(45) - REQUEST -> GET /api/projekty/1
2025-06-23 18:04:47.030 [http-nio-8081-exec-183] INFO  c.project.service.ProjektServiceImpl.getProjekt(45) - REQUEST -> GET /api/projekty/1
2025-06-23 18:04:47.032 [http-nio-8081-exec-184] INFO  c.project.service.ProjektServiceImpl.getProjekt(45) - REQUEST -> GET /api/projekty/1
2025-06-23 18:04:47.035 [http-nio-8081-exec-185] INFO  c.project.service.ProjektServiceImpl.getProjekt(45) - REQUEST -> GET /api/projekty/1
2025-06-23 18:04:47.036 [http-nio-8081-exec-186] INFO  c.project.service.ProjektServiceImpl.getProjekt(45) - REQUEST -> GET /api/projekty/1
2025-06-23 18:04:47.038 [http-nio-8081-exec-187] INFO  c.project.service.ProjektServiceImpl.getProjekt(45) - REQUEST -> GET /api/projekty/1
2025-06-23 18:04:47.040 [http-nio-8081-exec-188] INFO  c.project.service.ProjektServiceImpl.getProjekt(45) - REQUEST -> GET /api/projekty/1
2025-06-23 18:04:47.042 [http-nio-8081-exec-189] INFO  c.project.service.ProjektServiceImpl.getProjekt(45) - REQUEST -> GET /api/projekty/1
2025-06-23 18:04:47.043 [http-nio-8081-exec-190] INFO  c.project.service.ProjektServiceImpl.getProjekt(45) - REQUEST -> GET /api/projekty/1
2025-06-23 18:04:47.045 [http-nio-8081-exec-191] INFO  c.project.service.ProjektServiceImpl.getProjekt(45) - REQUEST -> GET /api/projekty/1
2025-06-23 18:04:47.046 [http-nio-8081-exec-192] INFO  c.project.service.ProjektServiceImpl.getProjekt(45) - REQUEST -> GET /api/projekty/1
2025-06-23 18:04:47.050 [http-nio-8081-exec-193] INFO  c.project.service.ProjektServiceImpl.getProjekt(45) - REQUEST -> GET /api/projekty/1
2025-06-23 18:04:47.052 [http-nio-8081-exec-194] INFO  c.project.service.ProjektServiceImpl.getProjekt(45) - REQUEST -> GET /api/projekty/1
2025-06-23 18:04:47.053 [http-nio-8081-exec-195] INFO  c.project.service.ProjektServiceImpl.getProjekt(45) - REQUEST -> GET /api/projekty/1
2025-06-23 18:04:47.055 [http-nio-8081-exec-196] INFO  c.project.service.ProjektServiceImpl.getProjekt(45) - REQUEST -> GET /api/projekty/1
2025-06-23 18:04:47.056 [http-nio-8081-exec-197] INFO  c.project.service.ProjektServiceImpl.getProjekt(45) - REQUEST -> GET /api/projekty/1
2025-06-23 18:04:47.059 [http-nio-8081-exec-198] INFO  c.project.service.ProjektServiceImpl.getProjekt(45) - REQUEST -> GET /api/projekty/1
2025-06-23 18:04:47.060 [http-nio-8081-exec-199] INFO  c.project.service.ProjektServiceImpl.getProjekt(45) - REQUEST -> GET /api/projekty/1
2025-06-23 18:04:47.061 [http-nio-8081-exec-200] INFO  c.project.service.ProjektServiceImpl.getProjekt(45) - REQUEST -> GET /api/projekty/1
2025-06-23 18:06:55.355 [restartedMain] INFO  c.project.ProjectRestApiApplication.logStarting(53) - Starting ProjectRestApiApplication using Java 23.0.2 with PID 7320 (C:\Users\miche\Downloads\project-rest-api\build\classes\java\main started by miche in C:\Users\miche\Downloads\project-rest-api)
2025-06-23 18:06:55.355 [restartedMain] INFO  c.project.ProjectRestApiApplication.logStartupProfileInfo(652) - No active profile set, falling back to 1 default profile: "default"
2025-06-23 18:07:00.605 [restartedMain] INFO  c.project.ProjectRestApiApplication.logStarted(59) - Started ProjectRestApiApplication in 5.702 seconds (process running for 6.251)
2025-06-23 18:07:02.740 [http-nio-8081-exec-4] INFO  c.project.service.ProjektServiceImpl.getProjekty(103) - Pobieranie wszystkich projektów z bazy danych
2025-06-23 18:07:04.809 [http-nio-8081-exec-5] INFO  c.project.service.ProjektServiceImpl.deleteProjekt(77) - Usuwanie projektu z ID: 1
2025-06-23 18:07:05.025 [http-nio-8081-exec-6] INFO  c.project.service.ProjektServiceImpl.getProjekty(103) - Pobieranie wszystkich projektów z bazy danych
2025-06-23 18:07:06.617 [http-nio-8081-exec-7] INFO  c.project.service.ProjektServiceImpl.getProjekt(71) - Pobieranie projektu z ID: 2
2025-06-23 18:07:08.829 [http-nio-8081-exec-9] INFO  c.project.service.ProjektServiceImpl.setProjekt(62) - Updating project with ID: 2
2025-06-23 18:07:09.015 [http-nio-8081-exec-10] INFO  c.project.service.ProjektServiceImpl.getProjekty(103) - Pobieranie wszystkich projektów z bazy danych
2025-06-23 18:07:46.147 [http-nio-8081-exec-1] INFO  c.project.service.ProjektServiceImpl.getProjekt(71) - Pobieranie projektu z ID: 2
2025-06-23 18:07:47.785 [http-nio-8081-exec-4] INFO  c.project.service.ProjektServiceImpl.getProjekty(103) - Pobieranie wszystkich projektów z bazy danych
